q_numerator_over_3,y_numerator_over_3,q_power,Q,coefficient
0,0,0.0,0.0,1
2,2,0.6666666666666666,0.6666666666666666,3
3,3,1.0,1.0,2
4,1,1.3333333333333333,0.3333333333333333,3
4,4,1.3333333333333333,1.3333333333333333,12
5,2,1.6666666666666667,0.6666666666666666,6
5,5,1.6666666666666667,1.6666666666666667,12
6,0,2.0,0.0,1
6,3,2.0,1.0,21
6,6,2.0,2.0,31
7,1,2.3333333333333335,0.3333333333333333,6
7,4,2.3333333333333335,1.3333333333333333,48
7,7,2.3333333333333335,2.3333333333333335,48
8,2,2.6666666666666665,0.6666666666666666,21
8,5,2.6666666666666665,1.6666666666666667,114
8,8,2.6666666666666665,2.6666666666666665,102
9,0,3.0,0.0,2
9,3,3.0,1.0,80
9,6,3.0,2.0,246
9,9,3.0,3.0,154
10,1,3.3333333333333335,0.3333333333333333,15
10,4,3.3333333333333335,1.3333333333333333,225
10,7,3.3333333333333335,2.3333333333333335,501
10,10,3.3333333333333335,3.3333333333333335,270
11,2,3.6666666666666665,0.6666666666666666,72
11,5,3.6666666666666665,1.6666666666666667,582
11,8,3.6666666666666665,2.6666666666666665,984
11,11,3.6666666666666665,3.6666666666666665,438
12,0,4.0,0.0,5
12,3,4.0,1.0,264
12,6,4.0,2.0,1365
12,9,4.0,3.0,1860
12,12,4.0,4.0,737
13,1,4.333333333333333,0.3333333333333333,36
13,4,4.333333333333333,1.3333333333333333,840
13,7,4.333333333333333,2.3333333333333335,3090
13,10,4.333333333333333,3.3333333333333335,3396
13,13,4.333333333333333,4.333333333333333,1128
14,2,4.666666666666667,0.6666666666666666,189
14,5,4.666666666666667,1.6666666666666667,2394
14,8,4.666666666666667,2.6666666666666665,6570
14,11,4.666666666666667,3.6666666666666665,6009
14,14,4.666666666666667,4.666666666666667,1758
15,0,5.0,0.0,8
15,3,5.0,1.0,800
15,6,5.0,2.0,6188
15,9,5.0,3.0,13248
15,12,5.0,4.0,10344
15,15,5.0,5.0,2686
16,1,5.333333333333333,0.3333333333333333,84
16,4,5.333333333333333,1.3333333333333333,2811
16,7,5.333333333333333,2.3333333333333335,14901
16,10,5.333333333333333,3.3333333333333335,25713
16,13,5.333333333333333,4.333333333333333,17364
16,16,5.333333333333333,5.333333333333333,4083
17,2,5.666666666666667,0.6666666666666666,498
17,5,5.666666666666667,1.6666666666666667,8586
17,8,5.666666666666667,2.6666666666666665,33726
17,11,5.666666666666667,3.6666666666666665,48300
17,14,5.666666666666667,4.666666666666667,28464
17,17,5.666666666666667,5.666666666666667,5970
18,0,6.0,0.0,19
18,3,6.0,1.0,2249
18,6,6.0,2.0,23839
18,9,6.0,3.0,72523
18,12,6.0,4.0,87758
18,15,6.0,5.0,45642
18,18,6.0,6.0,8686
19,1,6.333333333333333,0.3333333333333333,186
19,4,6.333333333333333,1.3333333333333333,8496
19,7,6.333333333333333,2.3333333333333335,61326
19,10,6.333333333333333,3.3333333333333335,148920
19,13,6.333333333333333,4.333333333333333,154494
19,16,6.333333333333333,5.333333333333333,71724
19,19,6.333333333333333,6.333333333333333,12504
20,2,6.666666666666667,0.6666666666666666,1209
20,5,6.666666666666667,1.6666666666666667,27990
20,8,6.666666666666667,2.6666666666666665,147300
20,11,6.666666666666667,3.6666666666666665,293652
20,14,6.666666666666667,4.666666666666667,264846
20,17,6.666666666666667,5.666666666666667,110616
20,20,6.666666666666667,6.666666666666667,17814
21,0,7.0,0.0,32
21,3,7.0,1.0,5978
21,6,7.0,2.0,82926
21,9,7.0,3.0,333754
21,12,7.0,4.0,558508
21,15,7.0,5.0,443372
21,18,7.0,6.0,167610
21,21,7.0,7.0,24842
22,1,7.333333333333333,0.3333333333333333,408
22,4,7.333333333333333,1.3333333333333333,24204
22,7,7.333333333333333,2.3333333333333335,225318
22,10,7.333333333333333,3.3333333333333335,719622
22,13,7.333333333333333,4.333333333333333,1028094
22,16,7.333333333333333,5.333333333333333,725172
22,19,7.333333333333333,6.333333333333333,249801
22,22,7.333333333333333,7.333333333333333,34350
23,2,7.666666666666667,0.6666666666666666,2880
23,5,7.666666666666667,1.6666666666666667,84684
23,8,7.666666666666667,2.6666666666666665,569958
23,11,7.666666666666667,3.6666666666666665,1485810
23,14,7.666666666666667,4.666666666666667,1836744
23,17,7.666666666666667,5.666666666666667,1160214
23,20,7.666666666666667,6.666666666666667,366600
23,23,7.666666666666667,7.666666666666667,47106
24,0,8.0,0.0,68
24,3,8.0,1.0,15128
24,6,8.0,2.0,265223
24,9,8.0,3.0,1356097
24,12,8.0,4.0,2948959
24,15,8.0,5.0,3192573
24,18,8.0,6.0,1819971
24,21,8.0,7.0,530295
24,24,8.0,8.0,63976
25,1,8.333333333333334,0.3333333333333333,864
25,4,8.333333333333334,1.3333333333333333,65112
25,7,8.333333333333334,2.3333333333333335,759348
25,10,8.333333333333334,3.3333333333333335,3058596
25,13,8.333333333333334,4.333333333333333,5647062
25,16,8.333333333333334,5.333333333333333,5410860
25,19,8.333333333333334,6.333333333333333,2803686
25,22,8.333333333333334,7.333333333333333,756708
25,25,8.333333333333334,8.333333333333334,85680
26,2,8.666666666666666,0.6666666666666666,6561
26,5,8.666666666666666,1.6666666666666667,241395
26,8,8.666666666666666,2.6666666666666665,2014725
26,11,8.666666666666666,3.6666666666666665,6581301
26,14,8.666666666666666,4.666666666666667,10470993
26,17,8.666666666666666,5.666666666666667,8958495
26,20,8.666666666666666,6.666666666666667,4244550
26,23,8.666666666666666,7.666666666666667,1066035
26,26,8.666666666666666,8.666666666666666,113823
27,0,9.0,0.0,124
27,3,9.0,1.0,36898
27,6,9.0,2.0,796196
27,9,9.0,3.0,5008058
27,12,9.0,4.0,13579022
27,15,9.0,5.0,18853182
27,18,9.0,6.0,14512880
27,21,9.0,7.0,6320608
27,24,9.0,8.0,1483836
27,27,9.0,9.0,150160
28,1,9.333333333333334,0.3333333333333333,1806
28,4,9.333333333333334,1.3333333333333333,168081
28,7,9.333333333333334,2.3333333333333335,2388315
28,10,9.333333333333334,3.3333333333333335,11767866
28,13,9.333333333333334,4.333333333333333,26977293
28,16,9.333333333333334,5.333333333333333,33032577
28,19,9.333333333333334,6.333333333333333,23039019
28,22,9.333333333333334,7.333333333333333,9270285
28,25,9.333333333333334,8.333333333333334,2042100
28,28,9.333333333333334,9.333333333333334,196491
29,2,9.666666666666666,0.6666666666666666,14688
29,5,9.666666666666666,1.6666666666666667,655326
29,8,9.666666666666666,2.6666666666666665,6618102
29,11,9.666666666666666,3.6666666666666665,26315814
29,14,9.666666666666666,4.666666666666667,51783582
29,17,9.666666666666666,5.666666666666667,56432058
29,20,9.666666666666666,6.666666666666667,35888214
29,23,9.666666666666666,7.666666666666667,13405974
29,26,9.666666666666666,8.666666666666666,2780460
29,29,9.666666666666666,9.666666666666666,254538
30,0,10.0,0.0,244
30,3,10.0,1.0,87106
30,6,10.0,2.0,2265132
30,9,10.0,3.0,17136836
30,12,10.0,4.0,56295336
30,15,10.0,5.0,96321765
30,18,10.0,6.0,94181548
30,21,10.0,7.0,54921658
30,24,10.0,8.0,19127024
30,27,10.0,9.0,3747681
30,30,10.0,10.0,327443
31,1,10.333333333333334,0.3333333333333333,3702
31,4,10.333333333333334,1.3333333333333333,417528
31,7,10.333333333333334,2.3333333333333335,7098042
31,10,10.333333333333334,3.3333333333333335,41832408
31,13,10.333333333333334,4.333333333333333,115710126
31,16,10.333333333333334,5.333333333333333,174059112
31,19,10.333333333333334,6.333333333333333,153806064
31,22,10.333333333333334,7.333333333333333,82663722
31,25,10.333333333333334,8.333333333333334,26942454
31,28,10.333333333333334,9.333333333333334,5003364
31,31,10.333333333333334,10.333333333333334,418740
32,2,10.666666666666666,0.6666666666666666,31923
32,5,10.666666666666666,1.6666666666666667,1707756
32,8,10.666666666666666,2.6666666666666665,20481318
32,11,10.666666666666666,3.6666666666666665,96942537
32,14,10.666666666666666,4.666666666666667,229374666
32,17,10.666666666666666,5.666666666666667,306239289
32,20,10.666666666666666,6.666666666666667,246119580
32,23,10.666666666666666,7.666666666666667,122491023
32,26,10.666666666666666,8.666666666666666,37501719
32,29,10.666666666666666,9.666666666666666,6619758
32,32,10.666666666666666,10.666666666666666,531909
33,0,11.0,0.0,448
33,3,11.0,1.0,200042
33,6,11.0,2.0,6166076
33,9,11.0,3.0,55072318
33,12,11.0,4.0,214481900
33,15,11.0,5.0,439900900
33,18,11.0,6.0,525594474
33,21,11.0,7.0,386401908
33,24,11.0,8.0,178861882
33,27,11.0,9.0,51619792
33,30,11.0,10.0,8683788
33,33,11.0,11.0,670492
34,1,11.333333333333334,0.3333333333333333,7485
34,4,11.333333333333334,1.3333333333333333,1005930
34,7,11.333333333333334,2.3333333333333335,20113743
34,10,11.333333333333334,3.3333333333333335,139287648
34,13,11.333333333333334,4.333333333333333,455144235
34,16,11.333333333333334,5.333333333333333,818356971
34,19,11.333333333333334,6.333333333333333,881472780
34,22,11.333333333333334,7.333333333333333,595914510
34,25,11.333333333333334,8.333333333333334,257590098
34,28,11.333333333333334,9.333333333333334,70300521
34,31,11.333333333333334,10.333333333333334,11299464
34,34,11.333333333333334,11.333333333333334,840237
35,2,11.666666666666666,0.6666666666666666,68286
35,5,11.666666666666666,1.6666666666666667,4296606
35,8,11.666666666666666,2.6666666666666665,60262500
35,11,11.666666666666666,3.6666666666666665,333771702
35,14,11.666666666666666,4.666666666666667,929956746
35,17,11.666666666666666,5.666666666666667,1480172826
35,20,11.666666666666666,6.666666666666667,1446775320
35,23,11.666666666666666,7.666666666666667,903768180
35,26,11.666666666666666,8.666666666666666,366169842
35,29,11.666666666666666,9.666666666666666,94778118
35,32,11.666666666666666,10.666666666666666,14590584
35,35,11.666666666666666,11.666666666666666,1047654
36,0,12.0,0.0,863
36,3,12.0,1.0,448392
36,6,12.0,2.0,16152977
36,9,12.0,3.0,167877515
36,12,12.0,4.0,762192174
36,15,12.0,5.0,1835491376
36,18,12.0,6.0,2608294523
36,21,12.0,7.0,2327161862
36,24,12.0,8.0,1349210287
36,27,12.0,9.0,514159987
36,30,12.0,10.0,126571468
36,33,12.0,11.0,18703584
36,36,12.0,12.0,1299040
37,1,12.333333333333334,0.3333333333333333,14910
37,4,12.333333333333334,1.3333333333333333,2356152
37,7,12.333333333333334,2.3333333333333335,54719322
37,10,12.333333333333334,3.3333333333333335,438967278
37,13,12.333333333333334,4.333333333333333,1666649862
37,16,12.333333333333334,5.333333333333333,3509428374
37,19,12.333333333333334,6.333333333333333,4486011084
37,22,12.333333333333334,7.333333333333333,3673063146
37,25,12.333333333333334,8.333333333333334,1984474992
37,28,12.333333333333334,9.333333333333334,713633268
37,31,12.333333333333334,10.333333333333334,167525532
37,34,12.333333333333334,11.333333333333334,23810682
37,37,12.333333333333334,12.333333333333334,1600992
38,2,12.666666666666666,0.6666666666666666,143079
38,5,12.666666666666666,1.6666666666666667,10485468
38,8,12.666666666666666,2.6666666666666665,169836270
38,11,12.666666666666666,3.6666666666666665,1085471202
38,14,12.666666666666666,4.666666666666667,3503839404
38,17,12.666666666666666,5.666666666666667,6515840169
38,20,12.666666666666666,6.666666666666667,7542533493
38,23,12.666666666666666,7.666666666666667,5695117563
38,26,12.666666666666666,8.666666666666666,2878264773
38,29,12.666666666666666,9.666666666666666,979694730
38,32,12.666666666666666,10.666666666666666,219849072
38,35,12.666666666666666,11.666666666666666,30113529
38,38,12.666666666666666,12.666666666666666,1963425
39,0,13.0,0.0,1576
39,3,13.0,1.0,983962
39,6,13.0,2.0,40942760
39,9,13.0,3.0,489085078
39,12,13.0,4.0,2553755188
39,15,13.0,5.0,7106298910
39,18,13.0,6.0,11772767746
39,21,13.0,7.0,12415220658
39,24,13.0,8.0,8683707604
39,27,13.0,9.0,4119838670
39,30,13.0,10.0,1331078374
39,33,13.0,11.0,286183762
39,36,13.0,12.0,37847244
39,39,13.0,13.0,2397548
40,1,13.333333333333334,0.3333333333333333,29376
40,4,13.333333333333334,1.3333333333333333,5388702
40,7,13.333333333333334,2.3333333333333335,143679660
40,10,13.333333333333334,3.3333333333333335,1319586690
40,13,13.333333333333334,4.333333333333333,5744802744
40,16,13.333333333333334,5.333333333333333,13944555678
40,19,13.333333333333334,6.333333333333333,20738551434
40,22,13.333333333333334,7.333333333333333,20032920930
40,25,13.333333333333334,8.333333333333334,13033330557
40,28,13.333333333333334,9.333333333333334,5823812295
40,31,13.333333333333334,10.333333333333334,1790832669
40,34,13.333333333333334,11.333333333333334,369692439
40,37,13.333333333333334,12.333333333333334,47284641
40,40,13.333333333333334,13.333333333333334,2914122
41,2,13.666666666666666,0.6666666666666666,295548
41,5,13.666666666666666,1.6666666666666667,24910272
41,8,13.666666666666666,2.6666666666666665,461003436
41,11,13.666666666666666,3.6666666666666665,3361471026
41,14,13.666666666666666,4.666666666666667,12408244716
41,17,13.666666666666666,5.666666666666667,26541469140
41,20,13.666666666666666,6.666666666666667,35677895010
41,23,13.666666666666666,7.666666666666667,31725367164
41,26,13.666666666666666,8.666666666666666,19272630270
41,29,13.666666666666666,9.666666666666666,8135914314
41,32,13.666666666666666,10.666666666666666,2387100930
41,35,13.666666666666666,11.666666666666666,474122166
41,38,13.666666666666666,12.666666666666666,58740840
41,41,13.666666666666666,13.666666666666666,3524574
42,0,14.0,0.0,2952
42,3,14.0,1.0,2118273
42,6,14.0,2.0,100786619
42,9,14.0,3.0,1369855884
42,12,14.0,4.0,8134878010
42,15,14.0,5.0,25823436077
42,18,14.0,6.0,49109720672
42,21,14.0,7.0,60033794342
42,24,14.0,8.0,49364549107
42,27,14.0,9.0,28100994883
42,30,14.0,10.0,11239762760
42,33,14.0,11.0,3154001384
42,36,14.0,12.0,603860620
42,39,14.0,13.0,72578529
42,42,14.0,14.0,4245172
43,1,14.333333333333334,0.3333333333333333,57174
43,4,14.333333333333334,1.3333333333333333,12057432
43,7,14.333333333333334,2.3333333333333335,365689044
43,10,14.333333333333334,3.3333333333333335,3807258066
43,13,14.333333333333334,4.333333333333333,18798573000
43,16,14.333333333333334,5.333333333333333,51939433866
43,19,14.333333333333334,6.333333333333333,88507801200
43,22,14.333333333333334,7.333333333333333,98937316470
43,25,14.333333333333334,8.333333333333334,75545156286
43,28,14.333333333333334,9.333333333333334,40432662312
43,31,14.333333333333334,10.333333333333334,15364549818
43,34,14.333333333333334,11.333333333333334,4132618116
43,37,14.333333333333334,12.333333333333334,764043696
43,40,14.333333333333334,13.333333333333334,89213712
43,43,14.333333333333334,14.333333333333334,5094210
44,2,14.666666666666666,0.6666666666666666,600894
44,5,14.666666666666666,1.6666666666666667,57782259
44,8,14.666666666666666,2.6666666666666665,1210756074
44,11,14.666666666666666,3.6666666666666665,9975429642
44,14,14.666666666666666,4.666666666666667,41659291146
44,17,14.666666666666666,5.666666666666667,101226781941
44,20,14.666666666666666,6.666666666666667,155640282303
44,23,14.666666666666666,7.666666666666667,159893583300
44,26,14.666666666666666,8.666666666666666,113811545121
44,29,14.666666666666666,9.666666666666666,57449325606
44,32,14.666666666666666,10.666666666666666,20793799137
44,35,14.666666666666666,11.666666666666666,5372116083
44,38,14.666666666666666,12.666666666666666,960690339
44,41,14.666666666666666,13.666666666666666,109121700
44,44,14.666666666666666,14.666666666666666,6089205
45,0,15.0,0.0,5386
45,3,15.0,1.0,4482882
45,6,15.0,2.0,241769590
45,9,15.0,3.0,3706057710
45,12,15.0,4.0,24796916488
45,15,15.0,5.0,88855997830
45,18,15.0,6.0,191602843870
45,21,15.0,7.0,267464818146
45,24,15.0,8.0,253688961414
45,27,15.0,9.0,168938844342
45,30,15.0,10.0,80662330884
45,33,15.0,11.0,27875599350
45,36,15.0,12.0,6930986626
45,39,15.0,13.0,1200792974
45,42,15.0,14.0,132843588
45,45,15.0,15.0,7248868
46,1,15.333333333333334,0.3333333333333333,110175
46,4,15.333333333333334,1.3333333333333333,26464428
46,7,15.333333333333334,2.3333333333333335,905300733
46,10,15.333333333333334,3.3333333333333335,10594367439
46,13,15.333333333333334,4.333333333333333,58787897877
46,16,15.333333333333334,5.333333333333333,182977595082
46,19,15.333333333333334,6.333333333333333,352934099442
46,22,15.333333333333334,7.333333333333333,449809515075
46,25,15.333333333333334,8.333333333333334,395571433419
46,28,15.333333333333334,9.333333333333334,247277209635
46,31,15.333333333333334,10.333333333333334,111985641132
46,34,15.333333333333334,11.333333333333334,37034341446
46,37,15.333333333333334,12.333333333333334,8878428498
46,40,15.333333333333334,13.333333333333334,1492397004
46,43,15.333333333333334,14.333333333333334,160993545
46,46,15.333333333333334,15.333333333333334,8598780
47,2,15.666666666666666,0.6666666666666666,1206774
47,5,15.666666666666666,1.6666666666666667,131187744
47,8,15.666666666666666,2.6666666666666665,3087879954
47,11,15.666666666666666,3.6666666666666665,28512011736
47,14,15.666666666666666,4.666666666666667,133508013552
47,17,15.666666666666666,5.666666666666667,364766014980
47,20,15.666666666666666,6.666666666666667,633797702562
47,23,15.666666666666666,7.666666666666667,741250095588
47,26,15.666666666666666,8.666666666666666,606763472292
47,29,15.666666666666666,9.666666666666666,357169804188
47,32,15.666666666666666,10.666666666666666,153820750578
47,35,15.666666666666666,11.666666666666666,48783692658
47,38,15.666666666666666,12.666666666666666,11295878058
47,41,15.666666666666666,13.666666666666666,1844759946
47,44,15.666666666666666,14.666666666666666,194266704
47,47,15.666666666666666,15.666666666666666,10167522
48,0,16.0,0.0,9892
48,3,16.0,1.0,9340080
48,6,16.0,2.0,566618646
48,9,16.0,3.0,9722226864
48,12,16.0,4.0,72709283555
48,15,16.0,5.0,291521627614
48,18,16.0,6.0,705601127998
48,21,16.0,7.0,1111404826326
48,24,16.0,8.0,1198349072804
48,27,16.0,9.0,916374112842
48,30,16.0,10.0,509454752869
48,33,16.0,11.0,209154775110
48,36,16.0,12.0,63741068400
48,39,16.0,13.0,14278704507
48,42,16.0,14.0,2268547867
48,45,16.0,15.0,233447352
48,48,16.0,16.0,11982455
49,1,16.333333333333332,0.3333333333333333,210228
49,4,16.333333333333332,1.3333333333333333,57065184
49,7,16.333333333333332,2.3333333333333335,2186161740
49,10,16.333333333333332,3.3333333333333335,28547589264
49,13,16.333333333333332,4.333333333333333,176639401170
49,16,16.333333333333332,5.333333333333333,613992411672
49,19,16.333333333333332,6.333333333333333,1327195298760
49,22,16.333333333333332,7.333333333333333,1905852639870
49,25,16.333333333333332,8.333333333333334,1902617103972
49,28,16.333333333333332,9.333333333333334,1363784003556
49,31,16.333333333333332,10.333333333333334,718060827480
49,34,16.333333333333332,11.333333333333334,281673069534
49,37,16.333333333333332,12.333333333333334,82644245904
49,40,16.333333333333332,13.333333333333334,17938076850
49,43,16.333333333333332,14.333333333333334,2775959112
49,46,16.333333333333332,15.333333333333334,279417720
49,49,16.333333333333332,16.333333333333332,14072862
50,2,16.666666666666668,0.6666666666666666,2392605
50,5,16.666666666666668,1.6666666666666667,292124823
50,8,16.666666666666668,2.6666666666666665,7670845164
50,11,16.666666666666668,3.6666666666666665,78816113628
50,14,16.666666666666668,4.666666666666667,410647691643
50,17,16.666666666666668,5.666666666666667,1250787523332
50,20,16.666666666666668,6.666666666666667,2431884208845
50,23,16.666666666666668,7.666666666666667,3200180736615
50,26,16.666666666666668,8.666666666666666,2969614287153
50,29,16.666666666666668,9.666666666666666,2001584288151
50,32,16.666666666666668,10.666666666666666,1000708865448
50,35,16.666666666666668,11.666666666666666,375887806074
50,38,16.666666666666668,12.666666666666666,106370063862
50,41,16.666666666666668,13.666666666666666,22403007630
50,44,16.666666666666668,14.666666666666666,3380831367
50,47,16.666666666666668,15.666666666666666,333167766
50,50,16.666666666666668,16.666666666666668,16477536
51,0,17.0,0.0,17876
51,3,17.0,1.0,19185162
51,6,17.0,2.0,1300373508
51,9,17.0,3.0,24809379466
51,12,17.0,4.0,205956734934
51,15,17.0,5.0,917036573674
51,18,17.0,6.0,2470479693808
51,21,17.0,7.0,4348122014504
51,24,17.0,8.0,5268059867266
51,27,17.0,9.0,4560667760828
51,30,17.0,10.0,2899157451086
51,33,17.0,11.0,1379733173840
51,36,17.0,12.0,497283930868
51,39,17.0,13.0,135954690708
51,42,17.0,14.0,27822589718
51,45,17.0,15.0,4098867678
51,48,17.0,16.0,395805684
51,51,17.0,17.0,19239532
52,1,17.333333333333332,0.3333333333333333,397602
52,4,17.333333333333332,1.3333333333333333,121099995
52,7,17.333333333333332,2.3333333333333335,5162024583
52,10,17.333333333333332,3.3333333333333335,74735969577
52,13,17.333333333333332,4.333333333333333,512180619135
52,16,17.333333333333332,5.333333333333333,1973582318679
52,19,17.333333333333332,6.333333333333333,4741123920471
52,22,17.333333333333332,7.333333333333333,7597296742263
52,25,17.333333333333332,8.333333333333334,8511333421347
52,28,17.333333333333332,9.333333333333334,6897747720240
52,31,17.333333333333332,10.333333333333334,4146995283753
52,34,17.333333333333332,11.333333333333334,1883035523406
52,37,17.333333333333332,12.333333333333334,652483952289
52,40,17.333333333333332,13.333333333333334,172615878279
52,43,17.333333333333332,14.333333333333334,34368444891
52,46,17.333333333333332,15.333333333333334,4947912042
52,49,17.333333333333332,16.333333333333332,468568776
52,52,17.333333333333332,17.333333333333332,22400106
53,2,17.666666666666668,0.6666666666666666,4692930
53,5,17.666666666666668,1.6666666666666667,639101478
53,8,17.666666666666668,2.6666666666666665,18608026536
53,11,17.666666666666668,3.6666666666666665,211437639528
53,14,17.666666666666668,4.666666666666667,1217704289778
53,17,17.666666666666668,5.666666666666667,4104895892550
53,20,17.666666666666668,6.666666666666667,8857389636660
53,23,17.666666666666668,7.666666666666667,12989799170790
53,26,17.666666666666668,8.666666666666666,13510061613438
53,29,17.666666666666668,9.666666666666666,10282111645248
53,32,17.666666666666668,10.666666666666666,5861855491482
53,35,17.666666666666668,11.666666666666666,2545182908136
53,38,17.666666666666668,12.666666666666666,849433170996
53,41,17.666666666666668,13.666666666666666,217778192568
53,44,17.666666666666668,14.666666666666666,42237390960
53,47,17.666666666666668,15.666666666666666,5948112444
53,50,17.666666666666668,16.666666666666668,552835050
53,53,17.666666666666668,17.666666666666668,26003406
54,0,18.0,0.0,32383
54,3,18.0,1.0,38894555
54,6,18.0,2.0,2927773002
54,9,18.0,3.0,61747639380
54,12,18.0,4.0,565577990854
54,15,18.0,5.0,2778538142813
54,18,18.0,6.0,8271808433735
54,21,18.0,7.0,16135798950909
54,24,18.0,8.0,21760427793669
54,27,18.0,9.0,21088177625697
54,30,18.0,10.0,15117384799391
54,33,18.0,11.0,8192864845802
54,36,18.0,12.0,3408664172614
54,39,18.0,13.0,1097607048583
54,42,18.0,14.0,273101013719
54,45,18.0,15.0,51654332354
54,48,18.0,16.0,7122059804
54,51,18.0,17.0,650136009
54,54,18.0,18.0,30106456
55,1,18.333333333333332,0.3333333333333333,745572
55,4,18.333333333333332,1.3333333333333333,253219398
55,7,18.333333333333332,2.3333333333333335,11942314452
55,10,18.333333333333332,3.3333333333333335,190618287108
55,13,18.333333333333332,4.333333333333333,1438370971668
55,16,18.333333333333332,5.333333333333333,6105084665208
55,19,18.333333333333332,6.333333333333333,16184387280444
55,22,18.333333333333332,7.333333333333333,28707701119248
55,25,18.333333333333332,8.333333333333334,35755690183290
55,28,18.333333333333332,9.333333333333334,32398345606218
55,31,18.333333333333332,10.333333333333334,21937800970416
55,34,18.333333333333332,11.333333333333334,11328683697474
55,37,18.333333333333332,12.333333333333334,4525323944736
55,40,18.333333333333332,13.333333333333334,1408242360618
55,43,18.333333333333332,14.333333333333334,340508414754
55,46,18.333333333333332,15.333333333333334,62875393254
55,49,18.333333333333332,16.333333333333332,8495098686
55,52,18.333333333333332,17.333333333333332,762170304
55,55,18.333333333333332,18.333333333333332,34772142
56,2,18.666666666666668,0.6666666666666666,9106443
56,5,18.666666666666668,1.6666666666666667,1375765185
56,8,18.666666666666668,2.6666666666666665,44174431560
56,11,18.666666666666668,3.6666666666666665,552051999327
56,14,18.666666666666668,4.666666666666667,3494120054820
56,17,18.666666666666668,5.666666666666667,12954478447818
56,20,18.666666666666668,6.666666666666667,30805618306458
56,23,18.666666666666668,7.666666666666667,49949418670335
56,26,18.666666666666668,8.666666666666666,57688334188287
56,29,18.666666666666668,9.666666666666666,49030106800077
56,32,18.666666666666668,10.666666666666666,31442395941522
56,35,18.666666666666668,11.666666666666666,15505853201127
56,38,18.666666666666668,12.666666666666666,5957988416874
56,41,18.666666666666668,13.666666666666666,1794593813685
56,44,18.666666666666668,14.666666666666666,422221571865
56,47,18.666666666666668,15.666666666666666,76191315033
56,50,18.666666666666668,16.666666666666668,10095702267
56,53,18.666666666666668,17.666666666666668,890817819
56,56,18.666666666666668,18.666666666666668,40060812
57,0,19.0,0.0,57958
57,3,19.0,1.0,77904338
57,6,19.0,2.0,6477596880
57,9,19.0,3.0,150231442506
57,12,19.0,4.0,1510178685374
57,15,19.0,5.0,8139683469538
57,18,19.0,6.0,26613129639462
57,21,19.0,7.0,57141731738312
57,24,19.0,8.0,85100900191994
57,27,19.0,9.0,91477490662938
57,30,19.0,10.0,73145906836548
57,33,19.0,11.0,44536014551702
57,36,19.0,12.0,21018452270700
57,39,19.0,13.0,7782294763176
57,42,19.0,14.0,2272217998230
57,45,19.0,15.0,520795185170
57,48,19.0,16.0,91931124666
57,51,19.0,17.0,11955680630
57,54,19.0,18.0,1038154620
57,57,19.0,19.0,46036964
58,1,19.333333333333332,0.3333333333333333,1387203
58,4,19.333333333333332,1.3333333333333333,522360615
58,7,19.333333333333332,2.3333333333333335,27117027606
58,10,19.333333333333332,3.3333333333333335,474784703055
58,13,19.333333333333332,4.333333333333333,3924247932231
58,16,19.333333333333332,5.333333333333333,18245299000626
58,19,19.333333333333332,6.333333333333333,53049952640712
58,22,19.333333333333332,7.333333333333333,103453165332216
58,25,19.333333333333332,8.333333333333334,142138319507559
58,28,19.333333333333332,9.333333333333334,142696125349077
58,31,19.333333333333332,10.333333333333334,107650105399848
58,34,19.333333333333332,11.333333333333334,62378039002902
58,37,19.333333333333332,12.333333333333334,28229197280904
58,40,19.333333333333332,13.333333333333334,10088742790968
58,43,19.333333333333332,14.333333333333334,2859286639125
58,46,19.333333333333332,15.333333333333334,639157455984
58,49,19.333333333333332,16.333333333333332,110466078708
58,52,19.333333333333332,17.333333333333332,14110355634
58,55,19.333333333333332,18.333333333333332,1206469311
58,58,19.333333333333332,19.333333333333332,52782189
59,2,19.666666666666668,0.6666666666666666,17504010
59,5,19.666666666666668,1.6666666666666667,2917745394
59,8,19.666666666666668,2.6666666666666665,102814130544
59,11,19.666666666666668,3.6666666666666665,1406274331782
59,14,19.666666666666668,4.666666666666667,9732302864352
59,17,19.666666666666668,5.666666666666667,39467832261384
59,20,19.666666666666668,6.666666666666667,102812156110572
59,23,19.666666666666668,7.666666666666667,183068822070306
59,26,19.666666666666668,8.666666666666666,232982405028846
59,29,19.666666666666668,9.666666666666666,219151019363958
59,32,19.666666666666668,10.666666666666666,156396571681356
59,35,19.666666666666668,11.666666666666666,86439791250876
59,38,19.666666666666668,12.666666666666666,37582124463726
59,41,19.666666666666668,13.666666666666666,12984992316522
59,44,19.666666666666668,14.666666666666666,3576931015992
59,47,19.666666666666668,15.666666666666666,780652200834
59,50,19.666666666666668,16.666666666666668,132213904920
59,53,19.666666666666668,17.666666666666668,16598976720
59,56,19.666666666666668,18.666666666666668,1398280404
59,59,19.666666666666668,19.666666666666668,60385932
60,0,20.0,0.0,103652
60,3,20.0,1.0,154295343
60,6,20.0,2.0,14102541548
60,9,20.0,3.0,357996507055
60,12,20.0,4.0,3930793329632
60,15,20.0,5.0,23128502205980
60,18,20.0,6.0,82603693007417
60,21,20.0,7.0,194062288004842
60,24,20.0,8.0,317047077222804
60,27,20.0,9.0,375142807058628
60,30,20.0,10.0,331624126987688
60,33,20.0,11.0,224440964907094
60,36,20.0,12.0,118571635125612
60,39,20.0,13.0,49617001372891
60,42,20.0,14.0,16598422211223
60,45,20.0,15.0,4449619456104
60,48,20.0,16.0,949084099129
60,51,20.0,17.0,157643366491
60,54,20.0,18.0,19465218297
60,57,20.0,19.0,1616354196
60,60,20.0,20.0,68934175
61,1,20.333333333333332,0.3333333333333333,2561616
61,4,20.333333333333332,1.3333333333333333,1064070348
61,7,20.333333333333332,2.3333333333333335,60524782116
61,10,20.333333333333332,3.3333333333333335,1157190925572
61,13,20.333333333333332,4.333333333333333,10428143669022
61,16,20.333333333333332,5.333333333333333,52850274488034
61,19,20.333333333333332,6.333333333333333,167649609635718
61,22,20.333333333333332,7.333333333333333,357326471491500
61,25,20.333333333333332,8.333333333333334,538001120513916
61,28,20.333333333333332,9.333333333333334,593919366771378
61,31,20.333333333333332,10.333333333333334,494807872991502
61,34,20.333333333333332,11.333333333333334,318344289355506
61,37,20.333333333333332,12.333333333333334,161080874567250
61,40,20.333333333333332,13.333333333333334,64985619028218
61,43,20.333333333333332,14.333333333333334,21078962496390
61,46,20.333333333333332,15.333333333333334,5505570036348
61,49,20.333333333333332,16.333333333333332,1148769214662
61,52,20.333333333333332,17.333333333333332,187279155246
61,55,20.333333333333332,18.333333333333332,22757439030
61,58,20.333333333333332,19.333333333333332,1863723660
61,61,20.333333333333332,20.333333333333332,78518646
62,2,20.666666666666668,0.6666666666666666,33335514
62,5,20.666666666666668,1.6666666666666667,6103301601
62,8,20.666666666666668,2.6666666666666665,234984713625
62,11,20.666666666666668,3.6666666666666665,3502381937538
62,14,20.666666666666668,4.666666666666667,26383390533600
62,17,20.666666666666668,5.666666666666667,116469169483122
62,20,20.666666666666668,6.666666666666667,330617229369150
62,23,20.666666666666668,7.666666666666667,642749008332999
62,26,20.666666666666668,8.666666666666666,895494458331723
62,29,20.666666666666668,9.666666666666666,925303523213226
62,32,20.666666666666668,10.666666666666666,728470770712569
62,35,20.666666666666668,11.666666666666666,446534791502442
62,38,20.666666666666668,12.666666666666666,216821574644013
62,41,20.666666666666668,13.666666666666666,84470122231395
62,44,20.666666666666668,14.666666666666666,26602222214652
62,47,20.666666666666668,15.666666666666666,6777200723790
62,50,20.666666666666668,16.666666666666668,1384589967888
62,53,20.666666666666668,17.666666666666668,221707117962
62,56,20.666666666666668,18.666666666666668,26528896248
62,59,20.666666666666668,19.666666666666668,2143708977
62,62,20.666666666666668,20.666666666666668,89253369
63,0,21.0,0.0,183794
63,3,21.0,1.0,302412170
63,6,21.0,2.0,30249769546
63,9,21.0,3.0,836954108056
63,12,21.0,4.0,9995138136718
63,15,21.0,5.0,63917202887660
63,18,21.0,6.0,248183153162738
63,21,21.0,7.0,634671257722428
63,24,21.0,8.0,1130937403436156
63,27,21.0,9.0,1463515157038486
63,30,21.0,10.0,1419747007338622
63,33,21.0,11.0,1058893573590522
63,36,21.0,12.0,619735729668306
63,39,21.0,13.0,289297465614796
63,42,21.0,14.0,109003542809924
63,45,21.0,15.0,33372942784964
63,48,21.0,16.0,8301619050346
63,51,21.0,17.0,1662052416894
63,54,21.0,18.0,261579841034
63,57,21.0,19.0,30838289998
63,60,21.0,20.0,2459939244
63,63,21.0,21.0,101262664
64,1,21.333333333333332,0.3333333333333333,4697226
64,4,21.333333333333332,1.3333333333333333,2142388026
64,7,21.333333333333332,2.3333333333333335,132962704248
64,10,21.333333333333332,3.3333333333333335,2764702744875
64,13,21.333333333333332,4.333333333333333,27051469434855
64,16,21.333333333333332,5.333333333333333,148794063633636
64,19,21.333333333333332,6.333333333333333,512543317894431
64,22,21.333333333333332,7.333333333333333,1187886396413484
64,25,21.333333333333332,8.333333333333334,1948843473891231
64,28,21.333333333333332,9.333333333333334,2350654663848213
64,31,21.333333333333332,10.333333333333334,2146990085261304
64,34,21.333333333333332,11.333333333333334,1520619881714397
64,37,21.333333333333332,12.333333333333334,851467001460207
64,40,21.333333333333332,13.333333333333334,382779177635700
64,43,21.333333333333332,14.333333333333334,139692706992072
64,46,21.333333333333332,15.333333333333334,41628793438275
64,49,21.333333333333332,16.333333333333332,10121153445000
64,52,21.333333333333332,17.333333333333332,1987347327066
64,55,21.333333333333332,18.333333333333332,307622621799
64,58,21.333333333333332,19.333333333333332,35750408847
64,61,21.333333333333332,20.333333333333332,2816374770
64,64,21.333333333333332,21.333333333333332,114666249
65,2,21.666666666666668,0.6666666666666666,62954376
65,5,21.666666666666668,1.6666666666666667,12604383492
65,8,21.666666666666668,2.6666666666666665,528120421680
65,11,21.666666666666668,3.6666666666666665,8543757023124
65,14,21.666666666666668,4.666666666666667,69771175320798
65,17,21.666666666666668,5.666666666666667,333848729797116
65,20,21.666666666666668,6.666666666666667,1027953048064692
65,23,21.666666666666668,7.666666666666667,2170897269924114
65,26,21.666666666666668,8.666666666666666,3292568402213880
65,29,21.666666666666668,9.666666666666666,3713748073678296
65,32,21.666666666666668,10.666666666666666,3202167566348604
65,35,21.666666666666668,11.666666666666666,2158568768979210
65,38,21.666666666666668,12.666666666666666,1158629067062772
65,41,21.666666666666668,13.666666666666666,502437133094688
65,44,21.666666666666668,14.666666666666666,177843692954274
65,47,21.666666666666668,15.666666666666666,51644518381728
65,50,21.666666666666668,16.666666666666668,12283928627526
65,53,21.666666666666668,17.666666666666668,2367418043904
65,56,21.666666666666668,18.666666666666668,360639832458
65,59,21.666666666666668,19.666666666666668,41336445552
65,62,21.666666666666668,20.666666666666668,3217330548
65,65,21.666666666666668,21.666666666666668,129591576
66,0,22.0,0.0,325005
66,3,22.0,1.0,586935421
66,6,22.0,2.0,63995377609
66,9,22.0,3.0,1922487424353
66,12,22.0,4.0,24875348492494
66,15,22.0,5.0,172200408031267
66,18,22.0,6.0,723870587749011
66,21,22.0,7.0,2005828389409219
66,24,22.0,8.0,3879003367149285
66,27,22.0,9.0,5459508257642959
66,30,22.0,10.0,5775876138451668
66,33,22.0,11.0,4713437260505213
66,36,22.0,12.0,3030560702536164
66,39,22.0,13.0,1562178049628428
66,42,22.0,14.0,654491430946416
66,45,22.0,15.0,224990020426963
66,48,22.0,16.0,63736463428064
66,51,22.0,17.0,14844487563460
66,54,22.0,18.0,2810033820814
66,57,22.0,19.0,421521680074
66,60,22.0,20.0,47674254053
66,63,22.0,21.0,3667501620
66,66,22.0,22.0,146194727
67,1,22.333333333333332,0.3333333333333333,8555556
67,4,22.333333333333332,1.3333333333333333,4266552960
67,7,22.333333333333332,2.3333333333333335,287826227946
67,10,22.333333333333332,3.3333333333333335,6484696159224
67,13,22.333333333333332,4.333333333333333,68635204144662
67,16,22.333333333333332,5.333333333333333,408134032423914
67,19,22.333333333333332,6.333333333333333,1520315723485068
67,22,22.333333333333332,7.333333333333333,3814219595958066
67,25,22.333333333333332,8.333333333333334,6784944233636448
67,28,22.333333333333332,9.333333333333334,8892874958469720
67,31,22.333333333333332,10.333333333333334,8849783591466570
67,34,22.333333333333332,11.333333333333334,6851402255891964
67,37,22.333333333333332,12.333333333333334,4210311658444314
67,40,22.333333333333332,13.333333333333334,2087901324136068
67,43,22.333333333333332,14.333333333333334,846380078223636
67,46,22.333333333333332,15.333333333333334,282923761930374
67,49,22.333333333333332,16.333333333333332,78267519501876
67,52,22.333333333333332,17.333333333333332,17864462296500
67,55,22.333333333333332,18.333333333333332,3323865503556
67,58,22.333333333333332,19.333333333333332,491251391226
67,61,22.333333333333332,20.333333333333332,54849047814
67,64,22.333333333333332,21.333333333333332,4171989792
67,67,22.333333333333332,22.333333333333332,164645034
68,2,22.666666666666668,0.6666666666666666,117927792
68,5,22.666666666666668,1.6666666666666667,25721361849
68,8,22.666666666666668,2.6666666666666665,1168591404843
68,11,22.666666666666668,3.6666666666666665,20446269528294
68,14,22.666666666666668,4.666666666666667,180348606372474
68,17,22.666666666666668,5.666666666666667,931784598699852
68,20,22.666666666666668,6.666666666666667,3099339991915026
68,23,22.666666666666668,7.666666666666667,7078718180220375
68,26,22.666666666666668,8.666666666666666,11630632640534085
68,29,22.666666666666668,9.666666666666666,14242336251544026
68,32,22.666666666666668,10.666666666666666,13367931796562427
68,35,22.666666666666668,11.666666666666666,9840625003295793
68,38,22.666666666666668,12.666666666666666,5790953703285162
68,41,22.666666666666668,13.666666666666666,2767303336164114
68,44,22.666666666666668,14.666666666666666,1086947038559391
68,47,22.666666666666668,15.666666666666666,353729771688852
68,50,22.666666666666668,16.666666666666668,95652499255020
68,53,22.666666666666668,17.666666666666668,21413295999819
68,56,22.666666666666668,18.666666666666668,3918565708431
68,59,22.666666666666668,19.666666666666668,570912853155
68,62,22.666666666666668,20.666666666666668,62954223144
68,65,22.666666666666668,21.666666666666668,4736331024
68,68,22.666666666666668,22.666666666666668,185105844
69,0,23.0,0.0,570910
69,3,23.0,1.0,1128727128
69,6,23.0,2.0,133656238068
69,9,23.0,3.0,4344311681152
69,12,23.0,4.0,60692137322136
69,15,23.0,5.0,453187488334270
69,18,23.0,6.0,2054655641335340
69,21,23.0,7.0,6144301769098326
69,24,23.0,8.0,12838896401840582
69,27,23.0,9.0,19558673235992996
69,30,23.0,10.0,22445314201694966
69,33,23.0,11.0,19920573987163516
69,36,23.0,12.0,13973557508907852
69,39,23.0,13.0,7889143613696834
69,42,23.0,14.0,3638611828974838
69,45,23.0,15.0,1386651660901548
69,48,23.0,16.0,439823232660190
69,51,23.0,17.0,116363953044164
69,54,23.0,18.0,25569018920508
69,57,23.0,19.0,4604857638768
69,60,23.0,20.0,661698716716
69,63,23.0,21.0,72091736140
69,66,23.0,22.0,5366524170
69,69,23.0,23.0,207750676
70,1,23.333333333333332,0.3333333333333333,15484524
70,4,23.333333333333332,1.3333333333333333,8410407348
70,7,23.333333333333332,2.3333333333333335,614574970581
70,10,23.333333333333332,3.3333333333333335,14952367738263
70,13,23.333333333333332,4.333333333333333,170611294907352
70,16,23.333333333333332,5.333333333333333,1092945834292116
70,19,23.333333333333332,6.333333333333333,4386337802493696
70,22,23.333333333333332,7.333333333333333,11865006194627478
70,25,23.333333333333332,8.333333333333334,22785655120231392
70,28,23.333333333333332,9.333333333333334,32297539530130662
70,31,23.333333333333332,10.333333333333334,34834358823972735
70,34,23.333333333333332,11.333333333333334,29303415799015086
70,37,23.333333333333332,12.333333333333334,19627237842808146
70,40,23.333333333333332,13.333333333333334,10649824611895395
70,43,23.333333333333332,14.333333333333334,4747915087419600
70,46,23.333333333333332,15.333333333333334,1757801024234517
70,49,23.333333333333332,16.333333333333332,543990727931670
70,52,23.333333333333332,17.333333333333332,140938458178434
70,55,23.333333333333332,18.333333333333332,30419080989681
70,58,23.333333333333332,19.333333333333332,5394630473481
70,61,23.333333333333332,20.333333333333332,764918963802
70,64,23.333333333333332,21.333333333333332,82372404600
70,67,23.333333333333332,22.333333333333332,6069061881
70,70,23.333333333333332,23.333333333333332,232789299
71,2,23.666666666666668,0.6666666666666666,219249618
71,5,23.666666666666668,1.6666666666666667,51905759562
71,8,23.666666666666668,2.6666666666666665,2548563877854
71,11,23.666666666666668,3.6666666666666665,48068816949900
71,14,23.666666666666668,4.666666666666667,456449838042870
71,17,23.666666666666668,5.666666666666667,2537612183347836
71,20,23.666666666666668,6.666666666666667,9084857320874040
71,23,23.666666666666668,7.666666666666667,22351697233967238
71,26,23.666666666666668,8.666666666666666,39614008392797814
71,29,23.666666666666668,9.666666666666666,52417857047721804
71,32,23.666666666666668,10.666666666666666,53276962902038820
71,35,23.666666666666668,11.666666666666666,42576600628318854
71,38,23.666666666666668,12.666666666666666,27283128607942008
71,41,23.666666666666668,13.666666666666666,14251709728718562
71,44,23.666666666666668,14.666666666666666,6150441224922444
71,47,23.666666666666668,15.666666666666666,2214806738455338
71,50,23.666666666666668,16.666666666666668,669435050900934
71,53,23.666666666666668,17.666666666666668,169983428404656
71,56,23.666666666666668,18.666666666666668,36061243632306
71,59,23.666666666666668,19.666666666666668,6301036994406
71,62,23.666666666666668,20.666666666666668,882009971334
71,65,23.666666666666668,21.666666666666668,93916789722
71,68,23.666666666666668,22.666666666666668,6850963044
71,71,23.666666666666668,23.666666666666668,260448264
72,0,24.0,0.0,999517
72,3,24.0,1.0,2151926184
72,6,24.0,2.0,275807714956
72,9,24.0,3.0,9668650408290
72,12,24.0,4.0,145379697752293
72,15,24.0,5.0,1167129757180124
72,18,24.0,6.0,5687734230816029
72,21,24.0,7.0,18289575680558548
72,24,24.0,8.0,41133496515564010
72,27,24.0,9.0,67537317198806019
72,30,24.0,10.0,83681352142651424
72,33,24.0,11.0,80355194595638406
72,36,24.0,12.0,61136937309573908
72,39,24.0,13.0,37550497908656382
72,42,24.0,14.0,18913558340685658
72,45,24.0,15.0,7911990963415400
72,48,24.0,16.0,2774467898899796
72,51,24.0,17.0,819823975164661
72,54,24.0,18.0,204184458178464
72,57,24.0,19.0,42604533333711
72,60,24.0,20.0,7338596459467
72,63,24.0,21.0,1014544107349
72,66,24.0,22.0,106856229295
72,69,24.0,23.0,7719805989
72,72,24.0,24.0,290946478
73,1,24.333333333333332,0.3333333333333333,27855228
73,4,24.333333333333332,1.3333333333333333,16420218696
73,7,24.333333333333332,2.3333333333333335,1295550600840
73,10,24.333333333333332,3.3333333333333335,33933108958488
73,13,24.333333333333332,4.333333333333333,416119016580972
73,16,24.333333333333332,5.333333333333333,2862594754066932
73,19,24.333333333333332,6.333333333333333,12336236147371452
73,22,24.333333333333332,7.333333333333333,35850299629205154
73,25,24.333333333333332,8.333333333333334,74040162683330454
73,28,24.333333333333332,9.333333333333334,113023078861170066
73,31,24.333333333333332,10.333333333333334,131508664164401268
73,34,24.333333333333332,11.333333333333334,119593583518159560
73,37,24.333333333333332,12.333333333333334,86805464655786114
73,40,24.333333333333332,13.333333333333334,51193767693137082
73,43,24.333333333333332,14.333333333333334,24901320482453070
73,46,24.333333333333332,15.333333333333334,10110535792587696
73,49,24.333333333333332,16.333333333333332,3456282004172154
73,52,24.333333333333332,17.333333333333332,999343208914872
73,55,24.333333333333332,18.333333333333332,244313202531312
73,58,24.333333333333332,19.333333333333332,50170259910030
73,61,24.333333333333332,20.333333333333332,8523308298954
73,64,24.333333333333332,21.333333333333332,1164239863698
73,67,24.333333333333332,22.333333333333332,121333280166
73,70,24.333333333333332,23.333333333333332,8683763232
73,73,24.333333333333332,24.333333333333332,324515970
74,2,24.666666666666668,0.6666666666666666,404687121
74,5,24.666666666666668,1.6666666666666667,103653735882
74,8,24.666666666666668,2.6666666666666665,5483363037576
74,11,24.666666666666668,3.6666666666666665,111155582433318
74,14,24.666666666666668,4.666666666666667,1132865844156609
74,17,24.666666666666668,5.666666666666667,6755866293218187
74,20,24.666666666666668,6.666666666666667,25946610006591897
74,23,24.666666666666668,7.666666666666667,68525058644283801
74,26,24.666666666666668,8.666666666666666,130504355627408733
74,29,24.666666666666668,9.666666666666666,185827311265983138
74,32,24.666666666666668,10.666666666666666,203597355673170210
74,35,24.666666666666668,11.666666666666666,175744790101088418
74,38,24.666666666666668,12.666666666666666,121932621507140208
74,41,24.666666666666668,13.666666666666666,69164278227301353
74,44,24.666666666666668,14.666666666666666,32536227050355918
74,47,24.666666666666668,15.666666666666666,12837993823072065
74,50,24.666666666666668,16.666666666666668,4282785567599907
74,53,24.666666666666668,17.666666666666668,1212753764431482
74,56,24.666666666666668,18.666666666666668,291235834098768
74,59,24.666666666666668,19.666666666666668,58893102530487
74,62,24.666666666666668,20.666666666666668,9872773616808
74,65,24.666666666666668,21.666666666666668,1332972527040
74,68,24.666666666666668,22.666666666666668,137502066552
74,71,24.666666666666668,23.666666666666668,9751638669
74,74,24.666666666666668,24.666666666666668,361434090
75,0,25.0,0.0,1740032
75,3,25.0,1.0,4069272450
75,6,25.0,2.0,562764228648
75,9,25.0,3.0,21214617473538
75,12,25.0,4.0,342322961000436
75,15,25.0,5.0,2946020010756454
75,18,25.0,6.0,15384310279833722
75,21,25.0,7.0,53022486244799904
75,24,25.0,8.0,127901858160946780
75,27,25.0,9.0,225490751059798938
75,30,25.0,10.0,300424499381784712
75,33,25.0,11.0,310727044780854168
75,36,25.0,12.0,255143704012909418
75,39,25.0,13.0,169523462100264174
75,42,25.0,14.0,92636940988405226
75,45,25.0,15.0,42203907427358158
75,48,25.0,16.0,16202196061039264
75,51,25.0,17.0,5279926135599252
75,54,25.0,18.0,1465453981967590
75,57,25.0,19.0,345922136088222
75,60,25.0,20.0,68922266240680
75,63,25.0,21.0,11406318601178
75,66,25.0,22.0,1522785423916
75,69,25.0,23.0,155529377344
75,72,25.0,24.0,10932906504
75,75,25.0,25.0,401999150
76,1,25.333333333333332,0.3333333333333333,49820313
76,4,25.333333333333332,1.3333333333333333,31769377554
76,7,25.333333333333332,2.3333333333333335,2698473057207
76,10,25.333333333333332,3.3333333333333335,75873052288680
76,13,25.333333333333332,4.333333333333333,997117336775010
76,16,25.333333333333332,5.333333333333333,7344788070769947
76,19,25.333333333333332,6.333333333333333,33884809986272862
76,22,25.333333333333332,7.333333333333333,105454364555069562
76,25,25.333333333333332,8.333333333333334,233413587403332189
76,28,25.333333333333332,9.333333333333334,382300048058352207
76,31,25.333333333333332,10.333333333333334,477953066032690575
76,34,25.333333333333332,11.333333333333334,467794563577206357
76,37,25.333333333333332,12.333333333333334,366141743182158888
76,40,25.333333333333332,13.333333333333334,233385525559829034
76,43,25.333333333333332,14.333333333333334,123052275436967814
76,46,25.333333333333332,15.333333333333334,54364618836549057
76,49,25.333333333333332,16.333333333333332,20329056254323038
76,52,25.333333333333332,17.333333333333332,6477467646069630
76,55,25.333333333333332,18.333333333333332,1763546453853681
76,58,25.333333333333332,19.333333333333332,409455242387325
76,61,25.333333333333332,20.333333333333332,80422711756698
76,64,25.333333333333332,21.333333333333332,13145123976993
76,67,25.333333333333332,22.333333333333332,1735901779299
76,70,25.333333333333332,23.333333333333332,175595944911
76,73,25.333333333333332,24.333333333333332,12237751044
76,76,25.333333333333332,25.333333333333332,446499849
77,2,25.666666666666668,0.6666666666666666,741910530
77,5,25.666666666666668,1.6666666666666667,204960406566
77,8,25.666666666666668,2.6666666666666665,11648975626074
77,11,25.666666666666668,3.6666666666666665,253100373980598
77,14,25.666666666666668,4.666666666666667,2760926225137644
77,17,25.666666666666668,5.666666666666667,17611221751642530
77,20,25.666666666666668,6.666666666666667,72343308045380352
77,23,25.666666666666668,7.666666666666667,204440147213899254
77,26,25.666666666666668,8.666666666666666,416968049396360844
77,29,25.666666666666668,9.666666666666666,636571693897678122
77,32,25.666666666666668,10.666666666666666,748822361650091694
77,35,25.666666666666668,11.666666666666666,695128347291481230
77,38,25.666666666666668,12.666666666666666,519634250229679602
77,41,25.666666666666668,13.666666666666666,318302133833689788
77,44,25.666666666666668,14.666666666666666,162164347966220208
77,47,25.666666666666668,15.666666666666666,69564674638843938
77,50,25.666666666666668,16.666666666666668,25364957900385192
77,53,25.666666666666668,17.666666666666668,7909431196178562
77,56,25.666666666666668,18.666666666666668,2113910097952074
77,59,25.666666666666668,19.666666666666668,483042017708754
77,62,25.666666666666668,20.666666666666668,93576461753172
77,65,25.666666666666668,21.666666666666668,15112367863878
77,68,25.666666666666668,22.666666666666668,1974737192154
77,71,25.666666666666668,23.666666666666668,197896956558
77,74,25.666666666666668,24.666666666666668,13677108228
77,77,25.666666666666668,25.666666666666668,495241536
78,0,26.0,0.0,3018233
78,3,26.0,1.0,7635655210
78,6,26.0,2.0,1136162880085
78,9,26.0,3.0,45932440171927
78,12,26.0,4.0,793270177252148
78,15,26.0,5.0,7298402651888011
78,18,26.0,6.0,40726269173118923
78,21,26.0,7.0,150001200713839363
78,24,26.0,8.0,386879513018700450
78,27,26.0,9.0,729915390894298191
78,30,26.0,10.0,1041900316425012105
78,33,26.0,11.0,1156156110159539154
78,36,26.0,12.0,1020137806221497944
78,39,26.0,13.0,729694999227411829
78,42,26.0,14.0,430234053011685476
78,45,26.0,15.0,212095154004543937
78,48,26.0,16.0,88449162507055188
78,51,26.0,17.0,31479372434827302
78,54,26.0,18.0,9614573135208857
78,57,26.0,19.0,2524277635358429
78,60,26.0,20.0,568024128843784
78,63,26.0,21.0,108583986971104
78,66,26.0,22.0,17333377790810
78,69,26.0,23.0,2241912728546
78,72,26.0,24.0,222642449716
78,75,26.0,25.0,15262709913
78,78,26.0,26.0,548585578
79,1,26.333333333333332,0.3333333333333333,88612974
79,4,26.333333333333332,1.3333333333333333,60942503436
79,7,26.333333333333332,2.3333333333333335,5557499874024
79,10,26.333333333333332,3.3333333333333335,167305467321228
79,13,26.333333333333332,4.333333333333333,2350179963889998
79,16,26.333333333333332,5.333333333333333,18487174896471312
79,19,26.333333333333332,6.333333333333333,91054302652065624
79,22,26.333333333333332,7.333333333333333,302584340654155020
79,25,26.333333333333332,8.333333333333334,715567899537191604
79,28,26.333333333333332,9.333333333333334,1253332006472497158
79,31,26.333333333333332,10.333333333333334,1677588353515602090
79,34,26.333333333333332,11.333333333333334,1760278874724306354
79,37,26.333333333333332,12.333333333333334,1479360147310438290
79,40,26.333333333333332,13.333333333333334,1014332926379781276
79,43,26.333333333333332,14.333333333333334,576552610741804224
79,46,26.333333333333332,15.333333333333334,275396006858626992
79,49,26.333333333333332,16.333333333333332,111776046916951266
79,52,26.333333333333332,17.333333333333332,38867723027688078
79,55,26.333333333333332,18.333333333333332,11636902354136220
79,58,26.333333333333332,19.333333333333332,3003318736556952
79,61,26.333333333333332,20.333333333333332,665889880311636
79,64,26.333333333333332,21.333333333333332,125665675106946
79,67,26.333333333333332,22.333333333333332,19835784029178
79,70,26.333333333333332,23.333333333333332,2540268671946
79,73,26.333333333333332,24.333333333333332,250058660418
79,76,26.333333333333332,25.333333333333332,17007130104
79,79,26.333333333333332,26.333333333333332,606919206
80,2,26.666666666666668,0.6666666666666666,1351304610
80,5,26.666666666666668,1.6666666666666667,401524784052
80,8,26.666666666666668,2.6666666666666665,24454050336177
80,11,26.666666666666668,3.6666666666666665,568031904996108
80,14,26.666666666666668,4.666666666666667,6615206807967780
80,17,26.666666666666668,5.666666666666667,45017024513020908
80,20,26.666666666666668,6.666666666666667,197248450694094150
80,23,26.666666666666668,7.666666666666667,594748705394000463
80,26,26.666666666666668,8.666666666666666,1295098990242168057
80,29,26.666666666666668,9.666666666666666,2112922154790785241
80,32,26.666666666666668,10.666666666666666,2659181709413161137
80,35,26.666666666666668,11.666666666666666,2644486106911732065
80,38,26.666666666666668,12.666666666666666,2120973917367804522
80,41,26.666666666666668,13.666666666666666,1396387279867212324
80,44,26.666666666666668,14.666666666666666,766307519855526192
80,47,26.666666666666668,15.666666666666666,355116519352872081
80,50,26.666666666666668,16.666666666666668,140431752872107494
80,53,26.666666666666668,17.666666666666668,47754508837174785
80,56,26.666666666666668,18.666666666666668,14026238951105016
80,59,26.666666666666668,19.666666666666668,3560729106787422
80,62,26.666666666666668,20.666666666666668,778286820212529
80,65,26.666666666666668,21.666666666666668,145063385463066
80,68,26.666666666666668,22.666666666666668,22649679805188
80,71,26.666666666666668,23.666666666666668,2872878974163
80,74,26.666666666666668,24.666666666666668,280389586995
80,77,26.666666666666668,25.666666666666668,18923832156
80,80,26.666666666666668,26.666666666666668,670617723
81,0,27.0,0.0,5210006
81,3,27.0,1.0,14222931190
81,6,27.0,2.0,2270975943988
81,9,27.0,3.0,98213090246274
81,12,27.0,4.0,1810918346391432
81,15,27.0,5.0,17767653964385400
81,18,27.0,6.0,105673698377739956
81,21,27.0,7.0,414820340408399114
81,24,27.0,8.0,1140705911338901888
81,27,27.0,9.0,2296164926894459406
81,30,27.0,10.0,3500234328342750930
81,33,27.0,11.0,4152576443046703286
81,36,27.0,12.0,3922374339406574636
81,39,27.0,13.0,3007855372220201194
81,42,27.0,14.0,1904578445048179182
81,45,27.0,15.0,1010532813309188282
81,48,27.0,16.0,454881786627211928
81,51,27.0,17.0,175448330551479758
81,54,27.0,18.0,58396705015192070
81,57,27.0,19.0,16838816618231072
81,60,27.0,20.0,4207325784055102
81,63,27.0,21.0,907035098330696
81,66,27.0,22.0,167042092861326
81,69,27.0,23.0,25807797948960
81,72,27.0,24.0,3243066409282
81,75,27.0,25.0,313897573064
81,78,27.0,26.0,21027217920
81,81,27.0,27.0,740077258
82,1,27.333333333333332,0.3333333333333333,156778662
82,4,27.333333333333332,1.3333333333333333,115961374956
82,7,27.333333333333332,2.3333333333333335,11324554269540
82,10,27.333333333333332,3.3333333333333335,364131353799231
82,13,27.333333333333332,4.333333333333333,5454260133557937
82,16,27.333333333333332,5.333333333333333,45706764080763606
82,19,27.333333333333332,6.333333333333333,239727319901889081
82,22,27.333333333333332,7.333333333333333,848399435976966891
82,25,27.333333333333332,8.333333333333334,2137622093891673579
82,28,27.333333333333332,9.333333333333334,3991964433706492797
82,31,27.333333333333332,10.333333333333334,5702365961356849323
82,34,27.333333333333332,11.333333333333334,6392641956677485017
82,37,27.333333333333332,12.333333333333334,5747045658185952609
82,40,27.333333333333332,13.333333333333334,4221260585132716119
82,43,27.333333333333332,14.333333333333334,2574732740976102381
82,46,27.333333333333332,15.333333333333334,1322594445939323220
82,49,27.333333333333332,16.333333333333332,578978400776020197
82,52,27.333333333333332,17.333333333333332,218022304634780613
82,55,27.333333333333332,18.333333333333332,71087454187637274
82,58,27.333333333333332,19.333333333333332,20137930838973486
82,61,27.333333333333332,20.333333333333332,4955148928959789
82,64,27.333333333333332,21.333333333333332,1054141639320120
82,67,27.333333333333332,22.333333333333332,191891624426142
82,70,27.333333333333332,23.333333333333332,29345698173846
82,73,27.333333333333332,24.333333333333332,3654418429830
82,76,27.333333333333332,25.333333333333332,350863748931
82,79,27.333333333333332,26.333333333333332,23332679970
82,82,27.333333333333332,27.333333333333332,815762466
83,2,27.666666666666668,0.6666666666666666,2446107672
83,5,27.666666666666668,1.6666666666666667,779706178104
83,8,27.666666666666668,2.6666666666666665,50761711895472
83,11,27.666666666666668,3.6666666666666665,1257629324338914
83,14,27.666666666666668,4.666666666666667,15599509456311672
83,17,27.666666666666668,5.666666666666667,112979861944525782
83,20,27.666666666666668,6.666666666666667,526726244192009928
83,23,27.666666666666668,7.666666666666667,1690137396499991508
83,26,27.666666666666668,8.666666666666666,3918521636335345242
83,29,27.666666666666668,9.666666666666666,6811736103577918122
83,32,27.666666666666668,10.666666666666666,9142892724464576370
83,35,27.666666666666668,11.666666666666666,9707478841294025058
83,38,27.666666666666668,12.666666666666666,8322539311897500924
83,41,27.666666666666668,13.666666666666666,5865222946286228634
83,44,27.666666666666668,14.666666666666666,3451200503695501542
83,47,27.666666666666668,15.666666666666666,1718583268153278450
83,50,27.666666666666668,16.666666666666668,732449950415761782
83,53,27.666666666666668,17.666666666666668,269535315715690212
83,56,27.666666666666668,18.666666666666668,86160065536160604
83,59,27.666666666666668,19.666666666666668,23994634908078672
83,62,27.666666666666668,20.666666666666668,5817570395492574
83,65,27.666666666666668,21.666666666666668,1221815221950360
83,68,27.666666666666668,22.666666666666668,219928492408020
83,71,27.666666666666668,23.666666666666668,33301954768260
83,74,27.666666666666668,24.666666666666668,4110803768862
83,77,27.666666666666668,25.666666666666668,391589670270
83,80,27.666666666666668,26.666666666666668,25856655996
83,83,27.666666666666668,27.666666666666668,898169568
84,0,28.0,0.0,8960039
84,3,28.0,1.0,26308856307
84,6,28.0,2.0,4496558911883
84,9,28.0,3.0,207539585160083
84,12,28.0,4.0,4076284199464577
84,15,28.0,5.0,42552100019368858
84,18,28.0,6.0,269106079313650014
84,21,28.0,7.0,1123114277008527889
84,24,28.0,8.0,3284349762487711650
84,27,28.0,9.0,7034344916251914799
84,30,28.0,10.0,11418072572088515420
84,33,28.0,11.0,14437410622425509917
84,36,28.0,12.0,14549615917895134888
84,39,28.0,13.0,11917882759631185434
84,42,28.0,14.0,8071762336291340627
84,45,28.0,15.0,4588487773581766798
84,48,28.0,16.0,2217757229206775579
84,51,28.0,17.0,921202680589084218
84,54,28.0,18.0,331576663262686953
84,57,28.0,19.0,103992338030305298
84,60,28.0,20.0,28488486212531917
84,63,28.0,21.0,6809409378519138
84,66,28.0,22.0,1412482462357114
84,69,28.0,23.0,251497826235429
84,72,28.0,24.0,37718352042375
84,75,28.0,25.0,4616389835595
84,78,28.0,26.0,436399209670
84,81,28.0,27.0,28616684280
84,84,28.0,28.0,987780158
85,1,28.333333333333332,0.3333333333333333,275971842
85,4,28.333333333333332,1.3333333333333333,218960369352
85,7,28.333333333333332,2.3333333333333335,22845409978926
85,10,28.333333333333332,3.3333333333333335,782820519218472
85,13,28.333333333333332,4.333333333333333,12475508169380400
85,16,28.333333333333332,5.333333333333333,111121636320476016
85,19,28.333333333333332,6.333333333333333,619205337891364848
85,22,28.333333333333332,7.333333333333333,2328106825669789848
85,25,28.333333333333332,8.333333333333334,6233793533741302842
85,28,28.333333333333332,9.333333333333334,12378701954692682508
85,31,28.333333333333332,10.333333333333334,18816683838373050330
85,34,28.333333333333332,11.333333333333334,22467821011484570862
85,37,28.333333333333332,12.333333333333334,21535649162815112544
85,40,28.333333333333332,13.333333333333334,16884194232294652152
85,43,28.333333333333332,14.333333333333334,11007008769783857508
85,46,28.333333333333332,15.333333333333334,6053122890874935936
85,49,28.333333333333332,16.333333333333332,2843036818768675986
85,52,28.333333333333332,17.333333333333332,1152122010597799278
85,55,28.333333333333332,18.333333333333332,405967862191662546
85,58,28.333333333333332,19.333333333333332,125011224808736718
85,61,28.333333333333332,20.333333333333332,33708345414830484
85,64,28.333333333333332,21.333333333333332,7947055435648590
85,67,28.333333333333332,22.333333333333332,1628804669056224
85,70,28.333333333333332,23.333333333333332,286975407578148
85,73,28.333333333333332,24.333333333333332,42640099747608
85,76,28.333333333333332,25.333333333333332,5175660905640
85,79,28.333333333333332,26.333333333333332,485639212620
85,82,28.333333333333332,27.333333333333332,31631461338
85,85,28.333333333333332,28.333333333333332,1085101554
86,2,28.666666666666668,0.6666666666666666,4401745314
86,5,28.666666666666668,1.6666666666666667,1501498706847
86,8,28.666666666666668,2.6666666666666665,104259581466672
86,11,28.666666666666668,3.6666666666666665,2749013009353161
86,14,28.666666666666668,4.666666666666667,36239051440563579
86,17,28.666666666666668,5.666666666666667,278716160484835056
86,20,28.666666666666668,6.666666666666667,1379431221357251469
86,23,28.666666666666668,7.666666666666667,4699117297933213551
86,26,28.666666666666668,8.666666666666666,11570534275338457623
86,29,28.666666666666668,9.666666666666666,21373945094758570071
86,32,28.666666666666668,10.666666666666666,30509701811277022956
86,35,28.666666666666668,11.666666666666666,34480318370260495650
86,38,28.666666666666668,12.666666666666666,31496032918031932818
86,41,28.666666666666668,13.666666666666666,23675308649854735248
86,44,28.666666666666668,14.666666666666666,14878349702188001121
86,47,28.666666666666668,15.666666666666666,7925780277589264131
86,50,28.666666666666668,16.666666666666668,3621557901103891392
86,53,28.666666666666668,17.666666666666668,1433200629621725589
86,56,28.666666666666668,18.666666666666668,494789329688634972
86,59,28.666666666666668,19.666666666666668,149697856137051444
86,62,28.666666666666668,20.666666666666668,39753230786651409
86,65,28.666666666666668,21.666666666666668,9248599186914792
86,68,28.666666666666668,22.666666666666668,1873695647010750
86,71,28.666666666666668,23.666666666666668,326769812311563
86,74,28.666666666666668,24.666666666666668,48116060724507
86,77,28.666666666666668,25.666666666666668,5793437103570
86,80,28.666666666666668,26.666666666666668,539679983172
86,83,28.666666666666668,27.666666666666668,34920902985
86,86,28.666666666666668,28.666666666666668,1190724114
87,0,29.0,0.0,15342454
87,3,29.0,1.0,48342485956
87,6,29.0,2.0,8823904918944
87,9,29.0,3.0,433711075582386
87,12,29.0,4.0,9054709298042850
87,15,29.0,5.0,100353120468244016
87,18,29.0,6.0,673370303121025296
87,21,29.0,7.0,2981141476900131450
87,24,29.0,8.0,9249001322980101058
87,27,29.0,9.0,21024863041107796990
87,30,29.0,10.0,36243677639183436666
87,33,29.0,11.0,48706482322092219864
87,36,29.0,12.0,52212953343552167604
87,39,29.0,13.0,45536948750468674130
87,42,29.0,14.0,32872438222892659578
87,45,29.0,15.0,19942716465865210154
87,48,29.0,16.0,10303684647461528462
87,51,29.0,17.0,4585286242776660922
87,54,29.0,18.0,1773678912387216586
87,57,29.0,19.0,600409322763705452
87,60,29.0,20.0,178592938768032204
87,63,29.0,21.0,46733229823581314
87,66,29.0,22.0,10733971006392458
87,69,29.0,23.0,2150340563123744
87,72,29.0,24.0,371324662759642
87,75,29.0,25.0,54198977684634
87,78,29.0,26.0,6474894225734
87,81,29.0,27.0,598917255462
87,84,29.0,28.0,38506207800
87,87,29.0,29.0,1305276346
88,1,29.333333333333332,0.3333333333333333,483415062
88,4,29.333333333333332,1.3333333333333333,410432723010
88,7,29.333333333333332,2.3333333333333335,45650501565573
88,10,29.333333333333332,3.3333333333333335,1663497212111016
88,13,29.333333333333332,4.333333333333333,28147279220946456
88,16,29.333333333333332,5.333333333333333,265928843109613689
88,19,29.333333333333332,6.333333333333333,1570979292787649931
88,22,29.333333333333332,7.333333333333333,6261207765448377366
88,25,29.333333333333332,8.333333333333334,17775184129378590525
88,28,29.333333333333332,9.333333333333334,37440006386167138443
88,31,29.333333333333332,10.333333333333334,60404946228647685750
88,34,29.333333333333332,11.333333333333334,76609183809055733484
88,37,29.333333333333332,12.333333333333334,78059631866880629214
88,40,29.333333333333332,13.333333333333334,65116397235817032822
88,43,29.333333333333332,14.333333333333334,45213418065541881033
88,46,29.333333333333332,15.333333333333334,26516131447913069586
88,49,29.333333333333332,16.333333333333332,13303319841658148913
88,52,29.333333333333332,17.333333333333332,5771698187485409082
88,55,29.333333333333332,18.333333333333332,2184198419455197477
88,58,29.333333333333332,19.333333333333332,725515248466447440
88,61,29.333333333333332,20.333333333333332,212302549952271054
88,64,29.333333333333332,21.333333333333332,54770470854953592
88,67,29.333333333333332,22.333333333333332,12425088026456307
88,70,29.333333333333332,23.333333333333332,2462215860304806
88,73,29.333333333333332,24.333333333333332,421120993609593
88,76,29.333333333333332,25.333333333333332,60945708658077
88,79,29.333333333333332,26.333333333333332,7225584455313
88,82,29.333333333333332,27.333333333333332,663774459891
88,85,29.333333333333332,28.333333333333332,42409921791
88,88,29.333333333333332,29.333333333333332,1429369008
89,2,29.666666666666668,0.6666666666666666,7876316154
89,5,29.666666666666668,1.6666666666666667,2868639621684
89,8,29.666666666666668,2.6666666666666665,212000520333450
89,11,29.666666666666668,3.6666666666666665,5936862313431672
89,14,29.666666666666668,4.666666666666667,83007976829369940
89,17,29.666666666666668,5.666666666666667,676565705130830466
89,20,29.666666666666668,6.666666666666667,3547200732309311934
89,23,29.666666666666668,7.666666666666667,12800524506913738374
89,26,29.666666666666668,8.666666666666666,33396543780227550906
89,29,29.666666666666668,9.666666666666666,65399367402110455458
89,32,29.666666666666668,10.666666666666666,99023345570761387164
89,35,29.666666666666668,11.666666666666666,118794189667660697574
89,38,29.666666666666668,12.666666666666666,115278465587371737222
89,41,29.666666666666668,13.666666666666666,92136880595316986940
89,44,29.666666666666668,14.666666666666666,61627125521160892554
89,47,29.666666666666668,15.666666666666666,34984643667591136698
89,50,29.666666666666668,16.666666666666668,17063467438911980214
89,53,29.666666666666668,17.666666666666668,7224532082451198114
89,56,29.666666666666668,18.666666666666668,2676969268840850394
89,59,29.666666666666668,19.666666666666668,873147471087752682
89,62,29.666666666666668,20.666666666666668,251504344802507232
89,65,29.666666666666668,21.666666666666668,64000157609600130
89,68,29.666666666666668,22.666666666666668,14346009776618436
89,71,29.666666666666668,23.666666666666668,2813110169600088
89,74,29.666666666666668,24.666666666666668,476679735565542
89,77,29.666666666666668,25.666666666666668,68417486514162
89,80,29.666666666666668,26.666666666666668,8051457969162
89,83,29.666666666666668,27.666666666666668,734703452358
89,86,29.666666666666668,28.666666666666668,46656005460
89,89,29.666666666666668,29.666666666666668,1563644280
90,0,30.0,0.0,26175859
90,3,30.0,1.0,88267730562
90,6,30.0,2.0,17169261974303
90,9,30.0,3.0,896867554838316
90,12,30.0,4.0,19863335543486280
90,15,30.0,5.0,233264371584374981
90,18,30.0,6.0,1657360261844747437
90,21,30.0,7.0,7767310491022601661
90,24,30.0,8.0,25511047050393269384
90,27,30.0,9.0,61410469365508660664
90,30,30.0,10.0,112157765038986300782
90,33,30.0,11.0,159786283195184801953
90,36,30.0,12.0,181714686359962434302
90,39,30.0,13.0,168253498269493079408
90,42,30.0,14.0,129057267525584895721
90,45,30.0,15.0,83273699582357851457
90,48,30.0,16.0,45816786386610557928
90,51,30.0,17.0,21748601235260902284
90,54,30.0,18.0,8994615203573708057
90,57,30.0,19.0,3265952187936139694
90,60,30.0,20.0,1046735745951366135
90,63,30.0,21.0,296954196143952199
90,66,30.0,22.0,74571669126392233
90,69,30.0,23.0,16523102784592796
90,72,30.0,24.0,3207146315312200
90,75,30.0,25.0,538564320916393
90,78,30.0,26.0,76680192436400
90,81,30.0,27.0,8958885432524
90,84,30.0,28.0,812185040798
90,87,30.0,29.0,51269904651
90,90,30.0,30.0,1708844107
91,1,30.333333333333332,0.3333333333333333,842813742
91,4,30.333333333333332,1.3333333333333333,763997589090
91,7,30.333333333333332,2.3333333333333335,90400964256054
91,10,30.333333333333332,3.3333333333333335,3496311135832860
91,13,30.333333333333332,4.333333333333333,62690826322075458
91,16,30.333333333333332,5.333333333333333,627016313234063112
91,19,30.333333333333332,6.333333333333333,3919148597047645548
91,22,30.333333333333332,7.333333333333333,16523726781448432548
91,25,30.333333333333332,8.333333333333334,49629579863340205020
91,28,30.333333333333332,9.333333333333334,110633098860876984126
91,31,30.333333333333332,10.333333333333334,188999678588326081266
91,34,30.333333333333332,11.333333333333334,253963859680519215318
91,37,30.333333333333332,12.333333333333334,274354390494769149996
91,40,30.333333333333332,13.333333333333334,242819985444296707590
91,43,30.333333333333332,14.333333333333334,179026654112046857232
91,46,30.333333333333332,15.333333333333334,111591223757129667378
91,49,30.333333333333332,16.333333333333332,59577696286245593346
91,52,30.333333333333332,17.333333333333332,27552664631512471104
91,55,30.333333333333332,18.333333333333332,11140771071807570438
91,58,30.333333333333332,19.333333333333332,3967056077148279612
91,61,30.333333333333332,20.333333333333332,1250138413473547554
91,64,30.333333333333332,21.333333333333332,349493286375343260
91,67,30.333333333333332,22.333333333333332,86649727233274056
91,70,30.333333333333332,23.333333333333332,18985214478714558
91,73,30.333333333333332,24.333333333333332,3648804551146002
91,76,30.333333333333332,25.333333333333332,607383414599544
91,79,30.333333333333332,26.333333333333332,85804626818754
91,82,30.333333333333332,27.333333333333332,9954681433920
91,85,30.333333333333332,28.333333333333332,896731335936
91,88,30.333333333333332,29.333333333333332,56278624044
91,91,30.333333333333332,30.333333333333332,1865756136
92,2,30.666666666666668,0.6666666666666666,14017322193
92,5,30.666666666666668,1.6666666666666667,5439393576174
92,8,30.666666666666668,2.6666666666666665,426996645932715
92,11,30.666666666666668,3.6666666666666665,12675839587603218
92,14,30.666666666666668,4.666666666666667,187621811094178002
92,17,30.666666666666668,5.666666666666667,1617525288324554172
92,20,30.666666666666668,6.666666666666667,8966370677147628063
92,23,30.666666666666668,7.666666666666667,34206232756156895850
92,26,30.666666666666668,8.666666666666666,94361968478442621291
92,29,30.666666666666668,9.666666666666666,195454230933481922808
92,32,30.666666666666668,10.666666666666666,313186935943909379139
92,35,30.666666666666668,11.666666666666666,397843317025801275546
92,38,30.666666666666668,12.666666666666666,409067500997684684274
92,41,30.666666666666668,13.666666666666666,346664588041441715517
92,44,30.666666666666668,14.666666666666666,246043255154305563435
92,47,30.666666666666668,15.666666666666666,148349572015535467338
92,50,30.666666666666668,16.666666666666668,76945039567078624041
92,53,30.666666666666668,17.666666666666668,34703258908046004945
92,56,30.666666666666668,18.666666666666668,13730812208312192541
92,59,30.666666666666668,19.666666666666668,4798351938973974750
92,62,30.666666666666668,20.666666666666668,1487684487799557345
92,65,30.666666666666668,21.666666666666668,410055671287396014
92,68,30.666666666666668,22.666666666666668,100415634604244004
92,71,30.666666666666668,23.666666666666668,21763856737440855
92,74,30.666666666666668,24.666666666666668,4142947000295187
92,77,30.666666666666668,25.666666666666668,683793774356028
92,80,30.666666666666668,26.666666666666668,95866789770585
92,83,30.666666666666668,27.666666666666668,11046128916747
92,86,30.666666666666668,28.666666666666668,988888442853
92,89,30.666666666666668,29.666666666666668,61710801972
92,92,30.666666666666668,30.666666666666668,2035146675
93,0,31.0,0.0,44481564
93,3,31.0,1.0,160192650898
93,6,31.0,2.0,33138572984214
93,9,31.0,3.0,1836207340949040
93,12,31.0,4.0,43061715918171266
93,15,31.0,5.0,534842644419236968
93,18,31.0,6.0,4016308145257452892
93,21,31.0,7.0,19887031932046397748
93,24,31.0,8.0,69008858498743339050
93,27,31.0,9.0,175544465046687116946
93,30,31.0,10.0,338929176443309597206
93,33,31.0,11.0,510706640672559417620
93,36,31.0,12.0,614641836097224699336
93,39,31.0,13.0,602645391869891371006
93,42,31.0,14.0,489813043380412136060
93,45,31.0,15.0,335141577602823184272
93,48,31.0,16.0,195712153101038060136
93,51,31.0,17.0,98726896109675865834
93,54,31.0,18.0,43466271307634136836
93,57,31.0,19.0,16842623527655261436
93,60,31.0,20.0,5780304048332529204
93,63,31.0,21.0,1764218776464094186
93,66,31.0,22.0,479676336246931448
93,69,31.0,23.0,116068586702315890
93,72,31.0,24.0,24893399432072442
93,75,31.0,25.0,4694843226125598
93,78,31.0,26.0,768503244331404
93,81,31.0,27.0,106948190423030
93,84,31.0,28.0,12241004605446
93,87,31.0,29.0,1089237262358
93,90,31.0,30.0,67596787884
93,93,31.0,31.0,2217820034
94,1,31.333333333333332,0.3333333333333333,1462769289
94,4,31.333333333333332,1.3333333333333333,1412714265150
94,7,31.333333333333332,2.3333333333333335,177490713007242
94,10,31.333333333333332,3.3333333333333335,7272347857935156
94,13,31.333333333333332,4.333333333333333,137931812875265637
94,16,31.333333333333332,5.333333333333333,1457806016037248586
94,19,31.333333333333332,6.333333333333333,9623226184229137398
94,22,31.333333333333332,7.333333333333333,42839173909531361970
94,25,31.333333333333332,8.333333333333334,135860392795676625216
94,28,31.333333333333332,9.333333333333334,319862433107634602760
94,31,31.333333333333332,10.333333333333334,577347656407742327559
94,34,31.333333333333332,11.333333333333334,820088336346922548462
94,37,31.333333333333332,12.333333333333334,937023599819622988890
94,40,31.333333333333332,13.333333333333334,877656302982622243974
94,43,31.333333333333332,14.333333333333334,685219087934865066972
94,46,31.333333333333332,15.333333333333334,452611341498630485526
94,49,31.333333333333332,16.333333333333332,256306323585993110856
94,52,31.333333333333332,17.333333333333332,125881758612348329187
94,55,31.333333333333332,18.333333333333332,54150972786722533605
94,58,31.333333333333332,19.333333333333332,20565341707925874561
94,61,31.333333333333332,20.333333333333332,6936019262238749733
94,64,31.333333333333332,21.333333333333332,2085150173746503204
94,67,31.333333333333332,22.333333333333332,559499765583991074
94,70,31.333333333333332,23.333333333333332,133827060116482389
94,73,31.333333333333332,24.333333333333332,28411274314538343
94,76,31.333333333333332,25.333333333333332,5310197049721812
94,79,31.333333333333332,26.333333333333332,862273886585826
94,82,31.333333333333332,27.333333333333332,119136172046052
94,85,31.333333333333332,28.333333333333332,13547605420506
94,88,31.333333333333332,29.333333333333332,1198394053440
94,91,31.333333333333332,30.333333333333332,73968723969
94,94,31.333333333333332,31.333333333333332,2414699439
95,2,31.666666666666668,0.6666666666666666,24817132836
95,5,31.666666666666668,1.6666666666666667,10240031032992
95,8,31.666666666666668,2.6666666666666665,852284822495388
95,11,31.666666666666668,3.6666666666666665,26772860346720702
95,14,31.666666666666668,4.666666666666667,418774015949022120
95,17,31.666666666666668,5.666666666666667,3812012389865813364
95,20,31.666666666666668,6.666666666666667,22300885100423679522
95,23,31.666666666666668,7.666666666666667,89772542296502074098
95,26,31.666666666666668,8.666666666666666,261340201613928197682
95,29,31.666666666666668,9.666666666666666,571405412213824249578
95,32,31.666666666666668,10.666666666666666,966869803215820914396
95,35,31.666666666666668,11.666666666666666,1297628207783446937442
95,38,31.666666666666668,12.666666666666666,1410370391636308921692
95,41,31.666666666666668,13.666666666666666,1264110271304640046932
95,44,31.666666666666668,14.666666666666666,949469616421199506188
95,47,31.666666666666668,15.666666666666666,606251823623929507296
95,50,31.666666666666668,16.666666666666668,333303274677107200242
95,53,31.666666666666668,17.666666666666668,159540809369265367854
95,56,31.666666666666668,18.666666666666668,67115616233952153444
95,59,31.666666666666668,19.666666666666668,25000636020635794278
95,62,31.666666666666668,20.666666666666668,8291515389379399314
95,65,31.666666666666668,21.666666666666668,2456503274748423558
95,68,31.666666666666668,22.666666666666668,650789046405265158
95,71,31.666666666666668,23.666666666666668,153930279579501948
95,74,31.666666666666668,24.666666666666668,32358189614408556
95,77,31.666666666666668,25.666666666666668,5995174782867588
95,80,31.666666666666668,26.666666666666668,965925254296122
95,83,31.666666666666668,27.666666666666668,132524232374502
95,86,31.666666666666668,28.666666666666668,14974775939178
95,89,31.666666666666668,29.666666666666668,1317013213542
95,92,31.666666666666668,30.666666666666668,80860629684
95,95,31.666666666666668,31.666666666666668,2626762428
96,0,32.0,0.0,75323884
96,3,32.0,1.0,289043349078
96,6,32.0,2.0,63470716595980
96,9,32.0,3.0,3723899629337447
96,12,32.0,4.0,92312426268850959
96,15,32.0,5.0,1210554907316732589
96,18,32.0,6.0,9590926409368687722
96,21,32.0,7.0,50086008034285514447
96,24,32.0,8.0,183284261257282813832
96,27,32.0,9.0,491743637398099179308
96,30,32.0,10.0,1001659608975968862826
96,33,32.0,11.0,1593006463018334020984
96,36,32.0,12.0,2024438040429026551275
96,39,32.0,13.0,2096980414462919372662
96,42,32.0,14.0,1801507711100306733798
96,45,32.0,15.0,1303622263457373094864
96,48,32.0,16.0,805665505082874147810
96,51,32.0,17.0,430508232013692573415
96,54,32.0,18.0,201032643046596752927
96,57,32.0,19.0,82773566893423242330
96,60,32.0,20.0,30264096262094487380
96,63,32.0,21.0,9876009562464696427
96,66,32.0,22.0,2884973456767037218
96,69,32.0,23.0,754935528478992679
96,72,32.0,24.0,176639766994965228
96,75,32.0,25.0,36778355715908260
96,78,32.0,26.0,6756434831162031
96,81,32.0,27.0,1080337810445436
96,84,32.0,28.0,147212354515246
96,87,32.0,29.0,16531936963135
96,90,32.0,30.0,1445790450375
96,93,32.0,31.0,88308487734
96,96,32.0,32.0,2854961101
97,1,32.333333333333336,0.3333333333333333,2527677558
97,4,32.333333333333336,1.3333333333333333,2595707909592
97,7,32.333333333333336,2.3333333333333335,345645973333692
97,10,32.333333333333336,3.3333333333333335,14977633626876198
97,13,32.333333333333336,4.333333333333333,299981716688587704
97,16,32.333333333333336,5.333333333333333,3344696365757712324
97,19,32.333333333333336,6.333333333333333,23277728905950861906
97,22,32.333333333333336,7.333333333333333,109219326987653252976
97,25,32.333333333333336,8.333333333333334,365070727649165915142
97,28,32.333333333333336,9.333333333333334,906037932184294916982
97,31,32.333333333333336,10.333333333333334,1724464171134758352966
97,34,32.333333333333336,11.333333333333334,2583950203578880354332
97,37,32.333333333333336,12.333333333333334,3115827949414445186310
97,40,32.333333333333336,13.333333333333334,3081397283176577088834
97,43,32.333333333333336,14.333333333333334,2541336338424983102850
97,46,32.333333333333336,15.333333333333334,1774192781621293883670
97,49,32.333333333333336,16.333333333333332,1062595106370296411508
97,52,32.333333333333336,17.333333333333332,552461841626271277872
97,55,32.333333333333336,18.333333333333332,251910609507373576362
97,58,32.333333333333336,19.333333333333332,101599997669827955202
97,61,32.333333333333336,20.333333333333332,36486733580980237038
97,64,32.333333333333336,21.333333333333332,11722227578286551058
97,67,32.333333333333336,22.333333333333332,3377985576367426494
97,70,32.333333333333336,23.333333333333332,873469062304830126
97,73,32.333333333333336,24.333333333333332,202240976161085520
97,76,32.333333333333336,25.333333333333332,41719722285245658
97,79,32.333333333333336,26.333333333333332,7601158565905872
97,82,32.333333333333336,27.333333333333332,1206456496644534
97,85,32.333333333333336,28.333333333333332,163307372079216
97,88,32.333333333333336,29.333333333333332,18229115189082
97,91,32.333333333333336,30.333333333333332,1585463652816
97,94,32.333333333333336,31.333333333333332,96350332956
97,97,32.333333333333336,32.333333333333336,3100293108
98,2,32.666666666666664,0.6666666666666666,43718643963
98,5,32.666666666666664,1.6666666666666667,19145609133666
98,8,32.666666666666664,2.6666666666666665,1686580557580518
98,11,32.666666666666664,3.6666666666666665,55969045961685138
98,14,32.666666666666664,4.666666666666667,923622009968002695
98,17,32.666666666666664,5.666666666666667,8862485150294033184
98,20,32.666666666666664,6.666666666666667,54625043285044936755
98,23,32.666666666666664,7.666666666666667,231627730214877570174
98,26,32.666666666666664,8.666666666666666,710297640369408241830
98,29,32.666666666666664,9.666666666666666,1636257094600068891951
98,32,32.666666666666664,10.666666666666666,2918008050452568671196
98,35,32.666666666666664,11.666666666666666,4129039093177654752558
98,38,32.666666666666664,12.666666666666666,4733634492162445280175
98,41,32.666666666666664,13.666666666666666,4477100007723396563352
98,44,32.666666666666664,14.666666666666666,3550087486256831609634
98,47,32.666666666666664,15.666666666666666,2394310759377266230596
98,50,32.666666666666664,16.666666666666668,1391308292413955006889
98,53,32.666666666666664,17.666666666666668,704553648911196701403
98,56,32.666666666666664,18.666666666666668,313982956466463386949
98,59,32.666666666666664,19.666666666666668,124139182931364342573
98,62,32.666666666666664,20.666666666666668,43816600132028620740
98,65,32.666666666666664,21.666666666666668,13866735192672188976
98,68,32.666666666666664,22.666666666666668,3943756438018469793
98,71,32.666666666666664,23.666666666666668,1008068837911302864
98,74,32.666666666666664,24.666666666666668,231045015792772908
98,77,32.666666666666664,25.666666666666668,47234227224259959
98,80,32.666666666666664,26.666666666666668,8537082606630960
98,83,32.666666666666664,27.666666666666668,1345294456839048
98,86,32.666666666666664,28.666666666666668,180923352114126
98,89,32.666666666666664,29.666666666666668,20076973974594
98,92,32.666666666666664,30.666666666666668,1736813482593
98,95,32.666666666666664,31.666666666666668,105026345760
98,98,32.666666666666664,32.666666666666664,3363896817
99,0,33.0,0.0,127083592
99,3,33.0,1.0,518641338620
99,6,33.0,2.0,120676719987910
99,9,33.0,3.0,7484390981257656
99,12,33.0,4.0,195796183154564164
99,15,33.0,5.0,2706554179452610630
99,18,33.0,6.0,22587087916154371758
99,21,33.0,7.0,124195523354703558806
99,24,33.0,8.0,478456725710261623788
99,27,33.0,9.0,1351490755614792130838
99,30,33.0,10.0,2898991436024316437500
99,33,33.0,11.0,4856642945654338535172
99,36,33.0,12.0,6503961056943550428504
99,39,33.0,13.0,7102219320497040631196
99,42,33.0,14.0,6434814957270550205456
99,45,33.0,15.0,4912869221632383142050
99,48,33.0,16.0,3205063371914062858768
99,51,33.0,17.0,1809034526117468606242
99,54,33.0,18.0,893148610989945977028
99,57,33.0,19.0,389345957468896930526
99,60,33.0,20.0,151012425363888258552
99,63,33.0,21.0,52420533628317479106
99,66,33.0,22.0,16350292380049865426
99,69,33.0,23.0,4591361194849282544
99,72,33.0,24.0,1160574847302455872
99,75,33.0,25.0,263390463157390012
99,78,33.0,26.0,53378057839623638
99,81,33.0,27.0,9572532718892540
99,84,33.0,28.0,1497936919883860
99,87,33.0,29.0,200181970464852
99,90,33.0,30.0,22086845260802
99,93,33.0,31.0,1900666638406
99,96,33.0,32.0,114378948744
99,99,33.0,33.0,3646974670
100,1,33.333333333333336,0.3333333333333333,4349463561
100,4,33.333333333333336,1.3333333333333333,4740395176131
100,7,33.333333333333336,2.3333333333333335,667889712928872
100,10,33.333333333333336,3.3333333333333335,30557970728680644
100,13,33.333333333333336,4.333333333333333,645280713940447470
100,16,33.333333333333336,5.333333333333333,7577916811369382760
100,19,33.333333333333336,6.333333333333333,55513757969821343913
100,22,33.333333333333336,7.333333333333333,274084781686830562320
100,25,33.333333333333336,8.333333333333334,963943323125974091766
100,28,33.333333333333336,9.333333333333334,2517414063268485110007
100,31,33.333333333333336,10.333333333333334,5043113676753005143806
100,34,33.333333333333336,11.333333333333334,7956158051961914905782
100,37,33.333333333333336,12.333333333333334,10104685035577864205295
100,40,33.333333333333336,13.333333333333334,10528987331351104054746
100,43,33.333333333333336,14.333333333333334,9152741976189111777111
100,46,33.333333333333336,15.333333333333334,6737700013117987668339
100,49,33.333333333333336,16.333333333333332,4257047986820848464111
100,52,33.333333333333336,17.333333333333332,2336458742638096333059
100,55,33.333333333333336,18.333333333333332,1125727616201131193571
100,58,33.333333333333336,19.333333333333332,480420216337292304378
100,61,33.333333333333336,20.333333333333332,182926651368164754117
100,64,33.333333333333336,21.333333333333332,62486033028529096683
100,67,33.333333333333336,22.333333333333332,19218231589651835730
100,70,33.333333333333336,23.333333333333332,5330803840225225689
100,73,33.333333333333336,24.333333333333332,1332999993897091434
100,76,33.333333333333336,25.333333333333332,299645271999360027
100,79,33.333333333333336,26.333333333333332,60211924623448128
100,82,33.333333333333336,27.333333333333332,10716459259250040
100,85,33.333333333333336,28.333333333333332,1665545244977583
100,88,33.333333333333336,29.333333333333332,221212898713647
100,91,33.333333333333336,30.333333333333332,24270762718035
100,94,33.333333333333336,31.333333333333332,2077899567108
100,97,33.333333333333336,32.333333333333336,124452904896
100,100,33.333333333333336,33.333333333333336,3950699016
101,2,33.666666666666664,0.6666666666666666,76647104166
101,5,33.666666666666664,1.6666666666666667,35561847054144
101,8,33.666666666666664,2.6666666666666665,3310287336391458
101,11,33.666666666666664,3.6666666666666665,115865344318658076
101,14,33.666666666666664,4.666666666666667,2014133312144719410
101,17,33.666666666666664,5.666666666666667,20340498381017344872
101,20,33.666666666666664,6.666666666666667,131880619985402690928
101,23,33.666666666666664,7.666666666666667,588103033323376449456
101,26,33.666666666666664,8.666666666666666,1896542712921317096808
101,29,33.666666666666664,9.666666666666666,4595055392006008488396
101,32,33.666666666666664,10.666666666666666,8620839127020360729096
101,35,33.666666666666664,11.666666666666666,12837226569247619224146
101,38,33.666666666666664,12.666666666666666,15492537623551176010476
101,41,33.666666666666664,13.666666666666666,15430406384658580043274
101,44,33.666666666666664,14.666666666666666,12889018708310446700928
101,47,33.666666666666664,15.666666666666666,9160572973259014038414
101,50,33.666666666666664,16.666666666666668,5612155555257415967760
101,53,33.666666666666664,17.666666666666668,2998276708308024013464
101,56,33.666666666666664,18.666666666666668,1411043017754656659648
101,59,33.666666666666664,19.666666666666668,589990344903775945806
101,62,33.666666666666664,20.666666666666668,220683711431814590634
101,65,33.666666666666664,21.666666666666668,74223271750223648442
101,68,33.666666666666664,22.666666666666668,22520861052392578314
101,71,33.666666666666664,23.666666666666668,6173091950308276074
101,74,33.666666666666664,24.666666666666668,1527542872779604086
101,77,33.666666666666664,25.666666666666668,340208778857461740
101,80,33.666666666666664,26.666666666666668,67801348039745886
101,83,33.666666666666664,27.666666666666668,11978474032198332
101,86,33.666666666666664,28.666666666666668,1849361134893804
101,89,33.666666666666664,29.666666666666668,244154231535408
101,92,33.666666666666664,30.666666666666668,26641496108388
101,95,33.666666666666664,31.666666666666668,2269439399868
101,98,33.666666666666664,32.666666666666664,135295418970
101,101,33.666666666666664,33.666666666666664,4276296360
102,0,34.0,0.0,213688133
102,3,34.0,1.0,925659865031
102,6,34.0,2.0,227837558259293
102,9,34.0,3.0,14913541630783688
102,12,34.0,4.0,411101418798177924
102,15,34.0,5.0,5981237751052318313
102,18,34.0,6.0,52497578802827248850
102,21,34.0,7.0,303458590314236494227
102,24,34.0,8.0,1228766788019695266515
102,27,34.0,9.0,3648192092523930292975
102,30,34.0,10.0,8226535315575761536523
102,33,34.0,11.0,14491740438067777227601
102,36,34.0,12.0,20413012476454529566987
102,39,34.0,13.0,23453330313343823938901
102,42,34.0,14.0,22364651891132578225478
102,45,34.0,15.0,17976779490453594010900
102,48,34.0,16.0,12351386893074229651979
102,51,34.0,17.0,7345607809228125027785
102,54,34.0,18.0,3823817118033255701038
102,57,34.0,19.0,1759290221797511142713
102,60,34.0,20.0,721248216579659703351
102,63,34.0,21.0,265190422846267855996
102,66,34.0,22.0,87867254929464201936
102,69,34.0,23.0,26313894214716640581
102,72,34.0,24.0,7130315846811583964
102,75,34.0,25.0,1746601246010586328
102,78,34.0,26.0,385513810440007869
102,81,34.0,27.0,76216958716891018
102,84,34.0,28.0,13368888731398778
102,87,34.0,29.0,2050711022056789
102,90,34.0,30.0,269152933980109
102,93,34.0,31.0,29212586855338
102,96,34.0,32.0,2476264564544
102,99,34.0,33.0,146956243833
102,102,34.0,34.0,4625158613
103,1,34.333333333333336,0.3333333333333333,7453819164
103,4,34.333333333333336,1.3333333333333333,8606753206734
103,7,34.333333333333336,2.3333333333333335,1280993333153760
103,10,34.333333333333336,3.3333333333333335,61788942893016006
103,13,34.333333333333336,4.333333333333333,1373596317789736572
103,16,34.333333333333336,5.333333333333333,16965010519632288342
103,19,34.333333333333336,6.333333333333333,130623078653938331004
103,22,34.333333333333336,7.333333333333333,677584724988907650642
103,25,34.333333333333336,8.333333333333334,2503417070007940483452
103,28,34.333333333333336,9.333333333333334,6868464779490239326518
103,31,34.333333333333336,10.333333333333334,14457796673970120415848
103,34,34.333333333333336,11.333333333333334,23972531303250246459546
103,37,34.333333333333336,12.333333333333334,32008435951588884951474
103,40,34.333333333333336,13.333333333333334,35073981426224810740350
103,43,34.333333333333336,14.333333333333334,32072147586630488484504
103,46,34.333333333333336,15.333333333333334,24842197640940411415848
103,49,34.333333333333336,16.333333333333332,16520846379303933027684
103,52,34.333333333333336,17.333333333333332,9548272358691964451682
103,55,34.333333333333336,18.333333333333332,4847735673728479777590
103,58,34.333333333333336,19.333333333333332,2182296403322899163706
103,61,34.333333333333336,20.333333333333332,877840004028243969648
103,64,34.333333333333336,21.333333333333332,317469393076266169086
103,67,34.333333333333336,22.333333333333332,103680127387913510232
103,70,34.333333333333336,23.333333333333332,30658906398288044226
103,73,34.333333333333336,24.333333333333332,8215732354245243792
103,76,34.333333333333336,25.333333333333332,1992786237616821756
103,79,34.333333333333336,26.333333333333332,436028894362383978
103,82,34.333333333333336,27.333333333333332,85534811460413454
103,85,34.333333333333336,28.333333333333332,14898755212076016
103,88,34.333333333333336,29.333333333333332,2271010631638434
103,91,34.333333333333336,30.333333333333332,296365277759166
103,94,34.333333333333336,31.333333333333332,31998384886950
103,97,34.333333333333336,32.333333333333336,2699408592162
103,100,34.333333333333336,33.333333333333336,159487790268
103,103,34.333333333333336,34.333333333333336,4998752772
104,2,34.666666666666664,0.6666666666666666,133755909888
104,5,34.666666666666664,1.6666666666666667,65639780848272
104,8,34.666666666666664,2.6666666666666665,6446461600483389
104,11,34.666666666666664,3.6666666666666665,237635829230743236
104,14,34.666666666666664,4.666666666666667,4345117526237654019
104,17,34.666666666666664,5.666666666666667,46116224628174147018
104,20,34.666666666666664,6.666666666666667,314061299748701020776
104,23,34.666666666666664,7.666666666666667,1470629893871677568808
104,26,34.666666666666664,8.666666666666666,4979597993963629836156
104,29,34.666666666666664,9.666666666666666,12668853730469631277989
104,32,34.666666666666664,10.666666666666666,24962670900050528965026
104,35,34.666666666666664,11.666666666666666,39049402852304788930119
104,38,34.666666666666664,12.666666666666666,49520349461840852150106
104,41,34.666666666666664,13.666666666666666,51840665347588407939198
104,44,34.666666666666664,14.666666666666666,45525427167315927082440
104,47,34.666666666666664,15.666666666666666,34025932371857141787315
104,50,34.666666666666664,16.666666666666668,21928439392895307357777
104,53,34.666666666666664,17.666666666666668,12329280840811248493371
104,56,34.666666666666664,18.666666666666668,6110786574328445097348
104,59,34.666666666666664,19.666666666666668,2693727456504353827848
104,62,34.666666666666664,20.666666666666668,1063917214833480601056
104,65,34.666666666666664,21.666666666666668,378670663027837561245
104,68,34.666666666666664,22.666666666666668,121953639139195235448
104,71,34.666666666666664,23.666666666666668,35623819806702096921
104,74,34.666666666666664,24.666666666666668,9443853322312593036
104,77,34.666666666666664,25.666666666666668,2268937273302022692
104,80,34.666666666666664,26.666666666666668,492260577301003884
104,83,34.666666666666664,27.666666666666668,95836713507080289
104,86,34.666666666666664,28.666666666666668,16579907498543868
104,89,34.666666666666664,29.666666666666668,2511769725864243
104,92,34.666666666666664,30.666666666666668,325957290133839
104,95,34.666666666666664,31.666666666666668,35014086823821
104,98,34.666666666666664,32.666666666666664,2939964430983
104,101,34.666666666666664,33.666666666666664,172945238505
104,104,34.666666666666664,34.666666666666664,5398510482
105,0,35.0,0.0,358080842
105,3,35.0,1.0,1643636136310
105,6,35.0,2.0,427277162601396
105,9,35.0,3.0,29474088291716600
105,12,35.0,4.0,854873899792269584
105,15,35.0,5.0,13072361925998555420
105,18,35.0,6.0,120499365956475815148
105,21,35.0,7.0,731184449057120236940
105,24,35.0,8.0,3107288293392523517224
105,27,35.0,9.0,9681842312797842910732
105,30,35.0,10.0,22914428304047033829428
105,33,35.0,11.0,42374749817970013945044
105,36,35.0,12.0,62674542257852993290370
105,39,35.0,13.0,75629880910061554512930
105,42,35.0,14.0,75763155579993225493750
105,45,35.0,15.0,63989898705852858277906
105,48,35.0,16.0,46208433716070100087338
105,51,35.0,17.0,28891606369276913412406
105,54,35.0,18.0,15818976319998572224256
105,57,35.0,19.0,7660677035158217327146
105,60,35.0,20.0,3309314319161880430698
105,63,35.0,21.0,1284191944717088268792
105,66,35.0,22.0,450084210400688849718
105,69,35.0,23.0,143011775422912287574
105,72,35.0,24.0,41283418022361619762
105,75,35.0,25.0,10830539085156249866
105,78,35.0,26.0,2578137790403127712
105,81,35.0,27.0,554755855126006650
105,84,35.0,28.0,107210567438826256
105,87,35.0,29.0,18425005351196000
105,90,35.0,30.0,2774597034760350
105,93,35.0,31.0,358105250250762
105,96,35.0,32.0,38275775503522
105,99,35.0,33.0,3199085441878
105,102,35.0,34.0,187386653208
105,105,35.0,35.0,5825927302
106,1,35.333333333333336,0.3333333333333333,12723583995
106,4,35.333333333333336,1.3333333333333333,15539312915082
106,7,35.333333333333336,2.3333333333333335,2439484337595780
106,10,35.333333333333336,3.3333333333333335,123873775505966220
106,13,35.333333333333336,4.333333333333333,2894947254312542826
106,16,35.333333333333336,5.333333333333333,37551069244092853845
106,19,35.333333333333336,6.333333333333333,303452770005343779018
106,22,35.333333333333336,7.333333333333333,1651469528983372012872
106,25,35.333333333333336,8.333333333333334,6400332420023334449718
106,28,35.333333333333336,9.333333333333334,18420043718133849834081
106,31,35.333333333333336,10.333333333333334,40676737530991651784211
106,34,35.333333333333336,11.333333333333334,70770849396568572689301
106,37,35.333333333333336,12.333333333333334,99174277198059734162007
106,40,35.333333333333336,13.333333333333334,114080456027971299134931
106,43,35.333333333333336,14.333333333333334,109530702056315337595848
106,46,35.333333333333336,15.333333333333334,89097253500705035458695
106,49,35.333333333333336,16.333333333333332,62239590647334972179655
106,52,35.333333333333336,17.333333333333332,37796220882575675095593
106,55,35.333333333333336,18.333333333333332,20172217173777840882285
106,58,35.333333333333336,19.333333333333332,9553010640952010166642
106,61,35.333333333333336,20.333333333333332,4047099844185813880269
106,64,35.333333333333336,21.333333333333332,1543996573618436933184
106,67,35.333333333333336,22.333333333333332,533153354249679036318
106,70,35.333333333333336,23.333333333333332,167213558376288232371
106,73,35.333333333333336,24.333333333333332,47719891158915672474
106,76,35.333333333333336,25.333333333333332,12393097040189063283
106,79,35.333333333333336,26.333333333333332,2923731744046151805
106,82,35.333333333333336,27.333333333333332,624104717707004367
106,85,35.333333333333336,28.333333333333332,119750729180782446
106,88,35.333333333333336,29.333333333333332,20447579601299616
106,91,35.333333333333336,30.333333333333332,3061205378685291
106,94,35.333333333333336,31.333333333333332,392996207670600
106,97,35.333333333333336,32.333333333333336,41800460829336
106,100,35.333333333333336,33.333333333333336,3477986020836
106,103,35.333333333333336,34.333333333333336,202873103865
106,106,35.333333333333336,35.333333333333336,6282692016
107,2,35.666666666666664,0.6666666666666666,232376339418
107,5,35.666666666666664,1.6666666666666667,120428553986844
107,8,35.666666666666664,2.6666666666666665,12460143061083624
107,11,35.666666666666664,3.6666666666666665,483067485065839758
107,14,35.666666666666664,4.666666666666667,9278019552154781394
107,17,35.666666666666664,5.666666666666667,103345242984276499362
107,20,35.666666666666664,6.666666666666667,738227078958701855358
107,23,35.666666666666664,7.666666666666667,3624767493667647330366
107,26,35.666666666666664,8.666666666666666,12868260950726867751414
107,29,35.666666666666664,9.666666666666666,34326062456123572364574
107,32,35.666666666666664,10.666666666666666,70924404793913078905980
107,35,35.666666666666664,11.666666666666666,116364189327106452677142
107,38,35.666666666666664,12.666666666666666,154803149759787119273184
107,41,35.666666666666664,13.666666666666666,170037513621625366368258
107,44,35.666666666666664,14.666666666666666,156705490973483017710756
107,47,35.666666666666664,15.666666666666666,122933421940403759966778
107,50,35.666666666666664,16.666666666666668,83173238893952755856976
107,53,35.666666666666664,17.666666666666668,49108507504929258435942
107,56,35.666666666666664,18.666666666666668,25572065727863612764710
107,59,35.666666666666664,19.666666666666668,11852325523047156197424
107,62,35.666666666666664,20.666666666666668,4927707423863095132968
107,65,35.666666666666664,21.666666666666668,1849348135671472473240
107,68,35.666666666666664,22.666666666666668,629489102816957978820
107,71,35.666666666666664,23.666666666666668,194956027592054350902
107,74,35.666666666666664,24.666666666666668,55023412857290239080
107,77,35.666666666666664,25.666666666666668,14150385534790682478
107,80,35.666666666666664,26.666666666666668,3309340935818913768
107,83,35.666666666666664,27.666666666666668,700942810640651052
107,86,35.666666666666664,28.666666666666668,133558381522870902
107,89,35.666666666666664,29.666666666666668,22662079549624902
107,92,35.666666666666664,30.666666666666668,3373416987016104
107,95,35.666666666666664,31.666666666666668,430828485757242
107,98,35.666666666666664,32.666666666666664,45606122014932
107,101,35.666666666666664,33.666666666666664,3777946010640
107,104,35.666666666666664,34.666666666666664,219468788928
107,107,35.666666666666664,35.666666666666664,6770580858
108,0,36.0,0.0,598111533
108,3,36.0,1.0,2904113178174
108,6,36.0,2.0,796155531581624
108,9,36.0,3.0,57795233777006095
108,12,36.0,4.0,1761388542214024385
108,15,36.0,5.0,28270459640594976737
108,18,36.0,6.0,273313233471349792916
108,21,36.0,7.0,1738566193885419675745
108,24,36.0,8.0,7743245108280644036019
108,27,36.0,9.0,25283801880227795028950
108,30,36.0,10.0,62713217683930329123323
108,33,36.0,11.0,121557897350836226410434
108,36,36.0,12.0,188483188754872572657767
108,39,36.0,13.0,238486186960601682626668
108,42,36.0,14.0,250548661981036879111894
108,45,36.0,15.0,221960470466337047703374
108,48,36.0,16.0,168143139966119256347119
108,51,36.0,17.0,110307075753040823939043
108,54,36.0,18.0,63388528118498395702612
108,57,36.0,19.0,32233890926104363602036
108,60,36.0,20.0,14633233537582015884638
108,63,36.0,21.0,5974632606160464505267
108,66,36.0,22.0,2207017599710774806891
108,69,36.0,23.0,740885487634733449774
108,72,36.0,24.0,226677406990660472721
108,75,36.0,25.0,63292750335649407686
108,78,36.0,26.0,16122923243294413825
108,81,36.0,27.0,3738883191699707966
108,84,36.0,28.0,785954218369933898
108,87,36.0,29.0,148741923611051917
108,90,36.0,30.0,25083922299061977
108,93,36.0,31.0,3713169017368782
108,96,36.0,32.0,471812198711713
108,99,36.0,33.0,49711751301331
108,102,36.0,34.0,4100315685883
108,105,36.0,35.0,237241161828
108,108,36.0,36.0,7291328797
109,1,36.333333333333336,0.3333333333333333,21636234558
109,4,36.333333333333336,1.3333333333333333,27905267665962
109,7,36.333333333333336,2.3333333333333335,4614113756229354
109,10,36.333333333333336,3.3333333333333335,246317069574765726
109,13,36.333333333333336,4.333333333333333,6043540436246705382
109,16,36.333333333333336,5.333333333333333,82221846942208608348
109,19,36.333333333333336,6.333333333333333,696439340454656120388
109,22,36.333333333333336,7.333333333333333,3971121591194801298132
109,25,36.333333333333336,8.333333333333334,16121583020609916222192
109,28,36.333333333333336,9.333333333333334,48600368422661077254462
109,31,36.333333333333336,10.333333333333334,112426759501321722621186
109,34,36.333333333333336,11.333333333333334,204934171609435097478882
109,37,36.333333333333336,12.333333333333334,300933438208153970940480
109,40,36.333333333333336,13.333333333333334,362800736138073804797730
109,43,36.333333333333336,14.333333333333334,365125974440923044444750
109,46,36.333333333333336,15.333333333333334,311369080926825778022970
109,49,36.333333333333336,16.333333333333332,228053349854352359798670
109,52,36.333333333333336,17.333333333333332,145228559487871513638636
109,55,36.333333333333336,18.333333333333332,81305373473951888953746
109,58,36.333333333333336,19.333333333333332,40409915338540335967728
109,61,36.333333333333336,20.333333333333332,17981666807571108213942
109,64,36.333333333333336,21.333333333333332,7214558975118566619300
109,67,36.333333333333336,22.333333333333332,2624604302589182403906
109,70,36.333333333333336,23.333333333333332,869335927838973107478
109,73,36.333333333333336,24.333333333333332,262860465593795448264
109,76,36.333333333333336,25.333333333333332,72635908725530776992
109,79,36.333333333333336,26.333333333333332,18333004217236938450
109,82,36.333333333333336,27.333333333333332,4216591416472832856
109,85,36.333333333333336,28.333333333333332,879874373763558162
109,88,36.333333333333336,29.333333333333332,165417376850863242
109,91,36.333333333333336,30.333333333333332,27729543797837802
109,94,36.333333333333336,31.333333333333332,4082519280883236
109,97,36.333333333333336,32.333333333333336,516169824006486
109,100,36.333333333333336,33.333333333333336,54137399135538
109,103,36.333333333333336,34.333333333333336,4446516799566
109,106,36.333333333333336,35.333333333333336,256261060740
109,109,36.333333333333336,36.333333333333336,7846745724
110,2,36.666666666666664,0.6666666666666666,401974270623
110,5,36.666666666666664,1.6666666666666667,219672368612244
110,8,36.666666666666664,2.6666666666666665,23911599320203548
110,11,36.666666666666664,3.6666666666666665,973671011278202364
110,14,36.666666666666664,4.666666666666667,19617950841336517677
110,17,36.666666666666664,5.666666666666667,229039337407535253120
110,20,36.666666666666664,6.666666666666667,1713884569753209355146
110,23,36.666666666666664,7.666666666666667,8812425654815211330249
110,26,36.666666666666664,8.666666666666666,32756044100498354843064
110,29,36.666666666666664,9.666666666666666,91484188626622862844708
110,32,36.666666666666664,10.666666666666666,197927032681540653156081
110,35,36.666666666666664,11.666666666666666,340077153600902925446163
110,38,36.666666666666664,12.666666666666666,473866356795560175046188
110,41,36.666666666666664,13.666666666666666,545259478616872066121052
110,44,36.666666666666664,14.666666666666666,526475263261067970217287
110,47,36.666666666666664,15.666666666666666,432755198029791519975120
110,50,36.666666666666664,16.666666666666668,306817817591244402982758
110,53,36.666666666666664,17.666666666666668,189867400647057757380384
110,56,36.666666666666664,18.666666666666668,103654202267308762457778
110,59,36.666666666666664,19.666666666666668,50394237824967513096510
110,62,36.666666666666664,20.666666666666668,21996238177302910416369
110,65,36.666666666666664,21.666666666666668,8677699600615293016635
110,68,36.666666666666664,22.666666666666668,3110615783384910847836
110,71,36.666666666666664,23.666666666666668,1017050669573069057805
110,74,36.666666666666664,24.666666666666668,304036079897851194651
110,77,36.666666666666664,25.666666666666668,83170810948654875813
110,80,36.666666666666664,26.666666666666668,20804818805341939380
110,83,36.666666666666664,27.666666666666668,4747033552291047678
110,86,36.666666666666664,28.666666666666668,983493096839367969
110,89,36.666666666666664,29.666666666666668,183708807671578497
110,92,36.666666666666664,30.666666666666668,30616451843856096
110,95,36.666666666666664,31.666666666666668,4483652179215060
110,98,36.666666666666664,32.666666666666664,564136799421294
110,101,36.666666666666664,33.666666666666664,58904220796146
110,104,36.666666666666664,34.666666666666664,4818043203036
110,107,36.666666666666664,35.666666666666664,276602844201
110,110,36.666666666666664,36.666666666666664,8438865960
111,0,37.0,0.0,995821512
111,3,37.0,1.0,5106851599754
111,6,37.0,2.0,1474357852753982
111,9,37.0,3.0,112481513056475938
111,12,37.0,4.0,3597375126423641858
111,15,37.0,5.0,60525349322688849166
111,18,37.0,6.0,612929180785125766740
111,21,37.0,7.0,4081979428530103030074
111,24,37.0,8.0,19028725494817161414322
111,27,37.0,9.0,65025923968399692612328
111,30,37.0,10.0,168797302052590593195320
111,33,37.0,11.0,342446473987970704049714
111,36,37.0,12.0,555833270528607617976304
111,39,37.0,13.0,736308626621797129279410
111,42,37.0,14.0,809967602068353660065116
111,45,37.0,15.0,751400476252278145545732
111,48,37.0,16.0,596112373344892076407164
111,51,37.0,17.0,409585505557014628666956
111,54,37.0,18.0,246555281914410605077036
111,57,37.0,19.0,131375275437069676119624
111,60,37.0,20.0,62528364183019389283956
111,63,37.0,21.0,26789722313147016203672
111,66,37.0,22.0,10398165395869311614066
111,69,37.0,23.0,3674553272306326570964
111,72,37.0,24.0,1186475346297075865342
111,75,37.0,25.0,350787005682121018810
111,78,37.0,26.0,95026014411597875082
111,81,37.0,27.0,23564580645781073770
111,84,37.0,28.0,5335133469399697966
111,87,37.0,29.0,1097657764774457964
111,90,37.0,30.0,203748767615616832
111,93,37.0,31.0,33763281403043028
111,96,37.0,32.0,4918884857793682
111,99,37.0,33.0,615962099995202
111,102,37.0,34.0,64034524542826
111,105,37.0,35.0,5216465930170
111,108,37.0,36.0,298344530784
111,111,37.0,37.0,9069825098
112,1,37.333333333333336,0.3333333333333333,36656177481
112,4,37.333333333333336,1.3333333333333333,49852932138501
112,7,37.333333333333336,2.3333333333333335,8670388787848035
112,10,37.333333333333336,3.3333333333333335,485968859373336564
112,13,37.333333333333336,4.333333333333333,12502442175545917677
112,16,37.333333333333336,5.333333333333333,178182084578552656140
112,19,37.333333333333336,6.333333333333333,1579954572927881365683
112,22,37.333333333333336,7.333333333333333,9427017434418005108694
112,25,37.333333333333336,8.333333333333334,40037633395597171761210
112,28,37.333333333333336,9.333333333333334,126259912350884072342595
112,31,37.333333333333336,10.333333333333334,305544193807751251077420
112,34,37.333333333333336,11.333333333333334,582693318968675279317464
112,37,37.333333333333336,12.333333333333334,895309482637964200726581
112,40,37.333333333333336,13.333333333333334,1129541973948329133568734
112,43,37.333333333333336,14.333333333333334,1189739549786829026785437
112,46,37.333333333333336,15.333333333333334,1061914799897850708564990
112,49,37.333333333333336,16.333333333333332,814102236269445440512341
112,52,37.333333333333336,17.333333333333332,542695393266350864704683
112,55,37.333333333333336,18.333333333333332,318093471928462808185605
112,58,37.333333333333336,19.333333333333332,165575138774619828238050
112,61,37.333333333333336,20.333333333333332,77207279119660974488205
112,64,37.333333333333336,21.333333333333332,32490664370910173890587
112,67,37.333333333333336,22.333333333333332,12414361754160085024050
112,70,37.333333333333336,23.333333333333332,4327003093661421794049
112,73,37.333333333333336,24.333333333333332,1380310706756510369670
112,76,37.333333333333336,25.333333333333332,403751867277141514572
112,79,37.333333333333336,26.333333333333332,108341465817825819999
112,82,37.333333333333336,27.333333333333332,26640659924675595966
112,85,37.333333333333336,28.333333333333332,5986192817459027613
112,88,37.333333333333336,29.333333333333332,1223276618129805072
112,91,37.333333333333336,30.333333333333332,225678751224452634
112,94,37.333333333333336,31.333333333333332,37189852071486525
112,97,37.333333333333336,32.333333333333336,5390673579916590
112,100,37.333333333333336,33.333333333333336,671908829683608
112,103,37.333333333333336,34.333333333333336,69551821371435
112,106,37.333333333333336,35.333333333333336,5643438926091
112,109,37.333333333333336,36.333333333333336,321567940800
112,112,37.333333333333336,37.333333333333336,9741710847
113,2,37.666666666666664,0.6666666666666666,692462267784
113,5,37.666666666666664,1.6666666666666667,398475886040418
113,8,37.666666666666664,2.6666666666666665,45572883789674418
113,11,37.666666666666664,3.6666666666666665,1946632043022773862
113,14,37.666666666666664,4.666666666666667,41094681263704927212
113,17,37.666666666666664,5.666666666666667,502264709169931558236
113,20,37.666666666666664,6.666666666666667,3932256641032834371876
113,23,37.666666666666664,7.666666666666667,21146390456302114688172
113,26,37.666666666666664,8.666666666666666,82192541614163963686416
113,29,37.666666666666664,9.666666666666666,240030105167489588556144
113,32,37.666666666666664,10.666666666666666,543029036509757364577284
113,35,37.666666666666664,11.666666666666666,975746202089411542188726
113,38,37.666666666666664,12.666666666666666,1422026389816919298140940
113,41,37.666666666666664,13.666666666666666,1711563397029742820912982
113,44,37.666666666666664,14.666666666666666,1728774195762273849157524
113,47,37.666666666666664,15.666666666666666,1486593595011794749291086
113,50,37.666666666666664,16.666666666666668,1102642697233252517952840
113,53,37.666666666666664,17.666666666666668,713900590371620646029010
113,56,37.666666666666664,18.666666666666668,407829026955121733612328
113,59,37.666666666666664,19.666666666666668,207550112302702514892510
113,62,37.666666666666664,20.666666666666668,94886093893693539023544
113,65,37.666666666666664,21.666666666666668,39245123335735668275928
113,68,37.666666666666664,22.666666666666668,14769414869335981083852
113,71,37.666666666666664,23.666666666666668,5079734247898074222306
113,74,37.666666666666664,24.666666666666668,1601533558305397457922
113,77,37.666666666666664,25.666666666666668,463629372480194871462
113,80,37.666666666666664,26.666666666666668,123269295418433547498
113,83,37.666666666666664,27.666666666666668,30063723094786922766
113,86,37.666666666666664,28.666666666666668,6705913866401978790
113,89,37.666666666666664,29.666666666666668,1361322208917182256
113,92,37.666666666666664,30.666666666666668,249649672187709942
113,95,37.666666666666664,31.666666666666668,40917227402178744
113,98,37.666666666666664,32.666666666666664,5901620327510718
113,101,37.666666666666664,33.666666666666664,732254877373296
113,104,37.666666666666664,34.666666666666664,75480876361554
113,107,37.666666666666664,35.666666666666664,6100700134920
113,110,37.666666666666664,36.666666666666664,346358842056
113,113,37.666666666666664,37.666666666666664,10456698198
114,0,38.0,0.0,1652898154
114,3,38.0,1.0,8939186568896
114,6,38.0,2.0,2714124868066389
114,9,38.0,3.0,217341639050188224
114,12,38.0,4.0,7285482743194315409
114,15,38.0,5.0,128339886112594639258
114,18,38.0,6.0,1359748410721276204032
114,21,38.0,7.0,9469403055716991111518
114,24,38.0,8.0,46145823602458972875990
114,27,38.0,9.0,164822779902216368228706
114,30,38.0,10.0,447191381835359099673482
114,33,38.0,11.0,948291380050014235724839
114,36,38.0,12.0,1609002604995774132895279
114,39,38.0,13.0,2228332759332953707579239
114,42,38.0,14.0,2562901565121297234328338
114,45,38.0,15.0,2486001616578439982905391
114,48,38.0,16.0,2062207905503881154591023
114,51,38.0,17.0,1481597361971082402212498
114,54,38.0,18.0,932624735028392442928358
114,57,38.0,19.0,519740302412698226082910
114,60,38.0,20.0,258812250217421497994039
114,63,38.0,21.0,116087304984728287254442
114,66,38.0,22.0,47218557325835741245543
114,69,38.0,23.0,17511629177785160809481
114,72,38.0,24.0,5945802443561171185430
114,75,38.0,25.0,1853418974216967402635
114,78,38.0,26.0,531182761404135919318
114,81,38.0,27.0,139974652045187772316
114,84,38.0,28.0,33866879264846572317
114,87,38.0,29.0,7500423366193889238
114,90,38.0,30.0,1512834993137160746
114,93,38.0,31.0,275822358227818289
114,96,38.0,32.0,44967776395988296
114,99,38.0,33.0,6454479634504450
114,102,38.0,34.0,797293600052726
114,105,38.0,35.0,81847761599102
114,108,38.0,36.0,6590072102143
114,111,38.0,37.0,372807101934
114,114,38.0,38.0,11217221428
115,1,38.333333333333336,0.3333333333333333,61880567484
115,4,38.333333333333336,1.3333333333333333,88619165339946
115,7,38.333333333333336,2.3333333333333335,16190546763976092
115,10,38.333333333333336,3.3333333333333335,951618157035387564
115,13,38.333333333333336,4.333333333333333,25640180913074117766
115,16,38.333333333333336,5.333333333333333,382341967459023399192
115,19,38.333333333333336,6.333333333333333,3544903138157590652706
115,22,38.333333333333336,7.333333333333333,22106240648771835368694
115,25,38.333333333333336,8.333333333333334,98102273212559260232448
115,28,38.333333333333336,9.333333333333334,323220113849890875747348
115,31,38.333333333333336,10.333333333333334,817197396455045840262966
115,34,38.333333333333336,11.333333333333334,1628319344246950762597812
115,37,38.333333333333336,12.333333333333334,2614318618649911392909678
115,40,38.333333333333336,13.333333333333334,3446761736950767676151196
115,43,38.333333333333336,14.333333333333334,3794115748698903540851994
115,46,38.333333333333336,15.333333333333334,3539229724976899383435912
115,49,38.333333333333336,16.333333333333332,2835680938549755090779724
115,52,38.333333333333336,17.333333333333332,1975578327366564840460206
115,55,38.333333333333336,18.333333333333332,1210253817161512388424234
115,58,38.333333333333336,19.333333333333332,658532524091301113662716
115,61,38.333333333333336,20.333333333333332,321117940512901888649748
115,64,38.333333333333336,21.333333333333332,141408700151365876911582
115,67,38.333333333333336,22.333333333333332,56597858336856179066868
115,70,38.333333333333336,23.333333333333332,20694977392657853520048
115,73,38.333333333333336,24.333333333333332,6939660855755242691766
115,76,38.333333333333336,25.333333333333332,2139563814551626317672
115,79,38.333333333333336,26.333333333333332,607244497678957488402
115,82,38.333333333333336,27.333333333333332,158636580292225728558
115,85,38.333333333333336,28.333333333333332,38085833476648482108
115,88,38.333333333333336,29.333333333333332,8376297455205951732
115,91,38.333333333333336,30.333333333333332,1678927069768376664
115,94,38.333333333333336,31.333333333333332,304368065210058222
115,97,38.333333333333336,32.333333333333336,49365237575081184
115,100,38.333333333333336,33.333333333333336,7052165657557044
115,103,38.333333333333336,34.333333333333336,867334480068276
115,106,38.333333333333336,35.333333333333336,88679910756390
115,109,38.333333333333336,36.333333333333336,7113467803230
115,112,38.333333333333336,37.333333333333336,401006843844
115,115,38.333333333333336,38.333333333333336,12025831476
116,2,38.666666666666664,0.6666666666666666,1188075191613
116,5,38.666666666666664,1.6666666666666667,718952133704634
116,8,38.666666666666664,2.6666666666666665,86285185167154602
116,11,38.666666666666664,3.6666666666666665,3861625655738470920
116,14,38.666666666666664,4.666666666666667,85315235679721951959
116,17,38.666666666666664,5.666666666666667,1090340553084084908691
116,20,38.666666666666664,6.666666666666667,8920812391224174639711
116,23,38.666666666666664,7.666666666666667,50114946051318648835500
116,26,38.666666666666664,8.666666666666666,203441972529279177904563
116,29,38.666666666666664,9.666666666666666,620463074988925552470738
116,32,38.666666666666664,10.666666666666666,1465952217031676033341566
116,35,38.666666666666664,11.666666666666666,2751108130085957369384193
116,38,38.666666666666664,12.666666666666666,4187816100920083728957162
116,41,38.666666666666664,13.666666666666666,5265164208998357794601094
116,44,38.666666666666664,14.666666666666666,5555359079315637687964329
116,47,38.666666666666664,15.666666666666666,4990234762991774962340628
116,50,38.666666666666664,16.666666666666668,3866413589157720148732797
116,53,38.666666666666664,17.666666666666668,2614875279107728335117246
116,56,38.666666666666664,18.666666666666668,1560466710349160100939441
116,59,38.666666666666664,19.666666666666668,829744196529673045456563
116,62,38.666666666666664,20.666666666666668,396499318717820312925753
116,65,38.666666666666664,21.666666666666668,171531949248277311018984
116,68,38.666666666666664,22.666666666666668,67593544089831101816910
116,71,38.666666666666664,23.666666666666668,24379624634233714335300
116,74,38.666666666666664,24.666666666666668,8077277893209537639504
116,77,38.666666666666664,25.666666666666668,2463911611090199544315
116,80,38.666666666666664,26.666666666666668,692721210630067933887
116,83,38.666666666666664,27.666666666666668,179448941235069295722
116,86,38.666666666666664,28.666666666666668,42759047075144749449
116,89,38.666666666666664,29.666666666666668,9340587647336144610
116,92,38.666666666666664,30.666666666666668,1860786071641357641
116,95,38.666666666666664,31.666666666666668,335469010974436014
116,98,38.666666666666664,32.666666666666664,54134785420919142
116,101,38.666666666666664,33.666666666666664,7697759488902249
116,104,38.666666666666664,34.666666666666664,942703798160199
116,107,38.666666666666664,35.666666666666664,96006175416891
116,110,38.666666666666664,36.666666666666664,7672897193634
116,113,38.666666666666664,37.666666666666664,431056605864
116,116,38.666666666666664,38.666666666666664,12885024018
117,0,39.0,0.0,2735184920
117,3,39.0,1.0,15578173765288
117,6,39.0,2.0,4967946458971590
117,9,39.0,3.0,417064586102640758
117,12,39.0,4.0,14636121646548206776
117,15,39.0,5.0,269641172557991740298
117,18,39.0,6.0,2985477348965907397096
117,21,39.0,7.0,21716217171386106198412
117,24,39.0,8.0,110499289500718028675662
117,27,39.0,9.0,412036323829686919813994
117,30,39.0,10.0,1167020669408054588382184
117,33,39.0,11.0,2583467701479408928854472
117,36,39.0,12.0,4576368326319402145973596
117,39,39.0,13.0,6617244127477201756592034
117,42,39.0,14.0,7946631991452370425226388
117,45,39.0,15.0,8048447852697582028901264
117,48,39.0,16.0,6970955886295586041492094
117,51,39.0,17.0,5229028751185998824949472
117,54,39.0,18.0,3436524549165775624212326
117,57,39.0,19.0,1999607838200210142895514
117,60,39.0,20.0,1039865153457781517895560
117,63,39.0,21.0,487298675475019710614458
117,66,39.0,22.0,207231918178664846857468
117,69,39.0,23.0,80442114831562594882508
117,72,39.0,24.0,28632488193421133914356
117,75,39.0,25.0,9376262261668103645786
117,78,39.0,26.0,2830778867781525661690
117,81,39.0,27.0,788598897221985223574
117,84,39.0,28.0,202621378097394916262
117,87,39.0,29.0,47927905376132164130
117,90,39.0,30.0,10400847928521615470
117,93,39.0,31.0,2059679214443527988
117,96,39.0,32.0,369318929380085902
117,99,39.0,33.0,59303098832939480
117,102,39.0,34.0,8394516717440916
117,105,39.0,35.0,1023745380905784
117,108,39.0,36.0,103856883128800
117,111,39.0,37.0,8270468325404
117,114,39.0,38.0,463059503754
117,117,39.0,39.0,13797395830
118,1,39.333333333333336,0.3333333333333333,104099610507
118,4,39.333333333333336,1.3333333333333333,156774087479946
118,7,39.333333333333336,2.3333333333333335,30051233379175638
118,10,39.333333333333336,3.3333333333333335,1850074432577016915
118,13,39.333333333333336,4.333333333333333,52146881589494549529
118,16,39.333333333333336,5.333333333333333,812710680104619488031
118,19,39.333333333333336,6.333333333333333,7870007117530815225363
118,22,39.333333333333336,7.333333333333333,51236126664633931169658
118,25,39.333333333333336,8.333333333333334,237307510386193141818882
118,28,39.333333333333336,9.333333333333334,815910029153449431167550
118,31,39.333333333333336,10.333333333333334,2152616957815760814256551
118,34,39.333333333333336,11.333333333333334,4475974359429675640619178
118,37,39.333333333333336,12.333333333333334,7499625905304761535424227
118,40,39.333333333333336,13.333333333333334,10319272082791546343045559
118,43,39.333333333333336,14.333333333333334,11855422955024971642838076
118,46,39.333333333333336,15.333333333333334,11541942550901213404096806
118,49,39.333333333333336,16.333333333333332,9650970667458845521826259
118,52,39.333333333333336,17.333333333333332,7016587801839853735560597
118,55,39.333333333333336,18.333333333333332,4485532516639836408195819
118,58,39.333333333333336,19.333333333333332,2547105541499741494280832
118,61,39.333333333333336,20.333333333333332,1296467082522467867751828
118,64,39.333333333333336,21.333333333333332,596206042993319079009369
118,67,39.333333333333336,22.333333333333332,249386745365195218775595
118,70,39.333333333333336,23.333333333333332,95408583121357434582945
118,73,39.333333333333336,24.333333333333332,33527834498478389924793
118,76,39.333333333333336,25.333333333333332,10855995617224652140476
118,79,39.333333333333336,26.333333333333332,3244882829092198445730
118,82,39.333333333333336,27.333333333333332,895948392639809249106
118,85,39.333333333333336,28.333333333333332,228380328298256477685
118,88,39.333333333333336,29.333333333333332,53636892856238240988
118,91,39.333333333333336,30.333333333333332,11565162993715525116
118,94,39.333333333333336,31.333333333333332,2276957506378672089
118,97,39.333333333333336,32.333333333333336,406123645058597244
118,100,39.333333333333336,33.333333333333336,64898431964328246
118,103,39.333333333333336,34.333333333333336,9145875244329807
118,106,39.333333333333336,35.333333333333336,1110821378019807
118,109,39.333333333333336,36.333333333333336,112263897167202
118,112,39.333333333333336,37.333333333333336,8908387914540
118,115,39.333333333333336,38.333333333333336,497123400777
118,118,39.333333333333336,39.333333333333336,14765841756
119,2,39.666666666666664,0.6666666666666666,2030477252268
119,5,39.666666666666664,1.6666666666666667,1290488385300078
119,8,39.666666666666664,2.6666666666666665,162333960063095166
119,11,39.666666666666664,3.6666666666666665,7603412225316873360
119,14,39.666666666666664,4.666666666666667,175606131038799714318
119,17,39.666666666666664,5.666666666666667,2344163427626907902040
119,20,39.666666666666664,6.666666666666667,20020996414499493319296
119,23,39.666666666666664,7.666666666666667,117363610775113200440322
119,26,39.666666666666664,8.666666666666666,497039476724037954070824
119,29,39.666666666666664,9.666666666666666,1581260974069103609253462
119,32,39.666666666666664,10.666666666666666,3897050217770644988358330
119,35,39.666666666666664,11.666666666666666,7628975710184331255191712
119,38,39.666666666666664,12.666666666666666,12114628380233067367136562
119,41,39.666666666666664,13.666666666666666,15889668183612235048583412
119,44,39.666666666666664,14.666666666666666,17490321546820777940491038
119,47,39.666666666666664,15.666666666666666,16389813755361194048668008
119,50,39.666666666666664,16.666666666666668,13246445172036336508261152
119,53,39.666666666666664,17.666666666666668,9344336253438334146519618
119,56,39.666666666666664,18.666666666666668,5816268449104116051199368
119,59,39.666666666666664,19.666666666666668,3225939851312707098698664
119,62,39.666666666666664,20.666666666666668,1608347383719008355636048
119,65,39.666666666666664,21.666666666666668,726300150693763378541286
119,68,39.666666666666664,22.666666666666668,298988721128979522576522
119,71,39.666666666666664,23.666666666666668,112789184823498239843292
119,74,39.666666666666664,24.666666666666668,39147914888162526588474
119,77,39.666666666666664,25.666666666666668,12537773108979091997472
119,80,39.666666666666664,26.666666666666668,3711370769582073107142
119,83,39.666666666666664,27.666666666666668,1015931118510736994748
119,86,39.666666666666664,28.666666666666668,256970083335276944154
119,89,39.666666666666664,29.666666666666668,59933776097266368372
119,92,39.666666666666664,30.666666666666668,12842177655737048796
119,95,39.666666666666664,31.666666666666668,2514060120235901154
119,98,39.666666666666664,32.666666666666664,446101669391322834
119,101,39.666666666666664,33.666666666666664,70950687927770784
119,104,39.666666666666664,34.666666666666664,9955463357997834
119,107,39.666666666666664,35.666666666666664,1204313006935506
119,110,39.666666666666664,36.666666666666664,121260678092838
119,113,39.666666666666664,37.666666666666664,9588967990734
119,116,39.666666666666664,38.666666666666664,533361082224
119,119,39.666666666666664,39.666666666666664,15793390374
120,0,40.0,0.0,4512886579
120,3,40.0,1.0,27031703898967
120,6,40.0,2.0,9043489770409206
120,9,40.0,3.0,795023218955737695
120,12,40.0,4.0,29176374066327634056
120,15,40.0,5.0,561537373867978676365
120,18,40.0,6.0,6490369119712718397469
120,21,40.0,7.0,49257882871587253956479
120,24,40.0,8.0,261420279583924769333888
120,27,40.0,9.0,1016528020712101153000904
120,30,40.0,10.0,3002135743535628142946958
120,33,40.0,11.0,6929775391937356122277977
120,36,40.0,12.0,12800155143955647465985335
120,39,40.0,13.0,19300414063472838231685588
120,42,40.0,14.0,24169984579931560090183989
120,45,40.0,15.0,25527110602079768613597768
120,48,40.0,16.0,23054336580301715991696059
120,51,40.0,17.0,18030769196795947981317392
120,54,40.0,18.0,12354039124910003744366211
120,57,40.0,19.0,7494042583984415796920542
120,60,40.0,20.0,4063163510927879210859216
120,63,40.0,21.0,1985687248079747975120635
120,66,40.0,22.0,881092945660676998090896
120,69,40.0,23.0,357156011372646904345378
120,72,40.0,24.0,132914279711189796863075
120,75,40.0,25.0,45583641827616926831388
120,78,40.0,26.0,14444952115836488995542
120,81,40.0,27.0,4235850858967534291883
120,84,40.0,28.0,1149805117989595583872
120,87,40.0,29.0,288653897981632375149
120,90,40.0,30.0,66869794701121363944
120,93,40.0,31.0,14241127457825175338
120,96,40.0,32.0,2772518933860212208
120,99,40.0,33.0,489484818232327359
120,102,40.0,34.0,77491495097571106
120,105,40.0,35.0,10827108073531005
120,108,40.0,36.0,1304621314251681
120,111,40.0,37.0,130882347200457
120,114,40.0,38.0,10314633351211
120,117,40.0,39.0,571890432291
120,120,40.0,40.0,16883006804
121,1,40.333333333333336,0.3333333333333333,174531988284
121,4,40.333333333333336,1.3333333333333333,276059677231974
121,7,40.333333333333336,2.3333333333333335,55454820464267916
121,10,40.333333333333336,3.3333333333333335,3571995907758640362
121,13,40.333333333333336,4.333333333333333,105211700631108820938
121,16,40.333333333333336,5.333333333333333,1711938052695512507088
121,19,40.333333333333336,6.333333333333333,17296339626632061397608
121,22,40.333333333333336,7.333333333333333,117430864220508722563470
121,25,40.333333333333336,8.333333333333334,567044520927650269534692
121,28,40.333333333333336,9.333333333333334,2032254138330344249694114
121,31,40.333333333333336,10.333333333333334,5588628923421716465259996
121,34,40.333333333333336,11.333333333333334,12112360365744763598057256
121,37,40.333333333333336,12.333333333333334,21154164747096985743175596
121,40,40.333333333333336,13.333333333333334,30341147321629117271400216
121,43,40.333333333333336,14.333333333333334,36335131560583191532356138
121,46,40.333333333333336,15.333333333333334,36872092511462946583225548
121,49,40.333333333333336,16.333333333333332,32133930071263433131667436
121,52,40.333333333333336,17.333333333333332,24347104198168156131713322
121,55,40.333333333333336,18.333333333333332,16218970090130779539943650
121,58,40.333333333333336,19.333333333333332,9596885941703016281752920
121,61,40.333333333333336,20.333333333333332,5090480226222400115097774
121,64,40.333333333333336,21.333333333333332,2440224870242782641987522
121,67,40.333333333333336,22.333333333333332,1064577878795090187060666
121,70,40.333333333333336,23.333333333333332,425145267970059918082746
121,73,40.333333333333336,24.333333333333332,156151450273656731533806
121,76,40.333333333333336,25.333333333333332,52935307236399527662320
121,79,40.333333333333336,26.333333333333332,16603109487879126279948
121,82,40.333333333333336,27.333333333333332,4824424657876012997958
121,85,40.333333333333336,28.333333333333332,1298931387100676105934
121,88,40.333333333333336,29.333333333333332,323715150296363489514
121,91,40.333333333333336,30.333333333333332,74499860390163843210
121,94,40.333333333333336,31.333333333333332,15771870522247258992
121,97,40.333333333333336,32.333333333333336,3053963245956035298
121,100,40.333333333333336,33.333333333333336,536518851891656220
121,103,40.333333333333336,34.333333333333336,84554285589773448
121,106,40.333333333333336,35.333333333333336,11764843742867382
121,109,40.333333333333336,36.333333333333336,1412168022818706
121,112,40.333333333333336,37.333333333333336,141165751837914
121,115,40.333333333333336,38.333333333333336,11087922691542
121,118,40.333333333333336,39.333333333333336,612834615660
121,121,40.333333333333336,40.333333333333336,18037772652
122,2,40.666666666666664,0.6666666666666666,3457091748828
122,5,40.666666666666664,1.6666666666666667,2304857109986679
122,8,40.666666666666664,2.6666666666666665,303550050637920210
122,11,40.666666666666664,3.6666666666666665,14863709141995949547
122,14,40.666666666666664,4.666666666666667,358489823726490511590
122,17,40.666666666666664,5.666666666666667,4993280228042498308455
122,20,40.666666666666664,6.666666666666667,44472009345876587855799
122,23,40.666666666666664,7.666666666666667,271745241795671048837124
122,26,40.666666666666664,8.666666666666666,1199327889158550235709649
122,29,40.666666666666664,9.666666666666666,3975685919339045136767868
122,32,40.666666666666664,10.666666666666666,10209059975226477635665479
122,35,40.666666666666664,11.666666666666666,20823756579631084309169889
122,38,40.666666666666664,12.666666666666666,34455282075420346200764916
122,41,40.666666666666664,13.666666666666666,47088903038769912797010792
122,44,40.666666666666664,14.666666666666666,54007079883219557015389284
122,47,40.666666666666664,15.666666666666666,52728877929020982459804603
122,50,40.666666666666664,16.666666666666668,44396732577998193741685908
122,53,40.666666666666664,17.666666666666668,32623088292984806476451019
122,56,40.666666666666664,18.666666666666668,21149621908372942325908506
122,59,40.666666666666664,19.666666666666668,12217549045553645744904837
122,62,40.666666666666664,20.666666666666668,6344884259933896265532681
122,65,40.666666666666664,21.666666666666668,2985444735555296603812071
122,68,40.666666666666664,22.666666666666668,1281282162856926688593066
122,71,40.666666666666664,23.666666666666668,504365169271660958440563
122,74,40.666666666666664,24.666666666666668,182908807502926091375709
122,77,40.666666666666664,25.666666666666668,61313344631156655936267
122,80,40.666666666666664,26.666666666666668,19040207608711752405900
122,83,40.666666666666664,27.666666666666668,5483721300433955232804
122,86,40.666666666666664,28.666666666666668,1464780511792883147037
122,89,40.666666666666664,29.666666666666668,362458553969807630310
122,92,40.666666666666664,30.666666666666668,82882764532277071695
122,95,40.666666666666664,31.666666666666668,17444920667742188067
122,98,40.666666666666664,32.666666666666664,3360124669585175637
122,101,40.666666666666664,33.666666666666664,587464137899314032
122,104,40.666666666666664,34.666666666666664,92174376341967576
122,107,40.666666666666664,35.666666666666664,12772920942355581
122,110,40.666666666666664,36.666666666666664,1527396411535152
122,113,40.666666666666664,37.666666666666664,152149532572836
122,116,40.666666666666664,38.666666666666664,11911489117962
122,119,40.666666666666664,39.666666666666664,656322266391
122,122,40.666666666666664,40.666666666666664,19261110585
123,0,41.0,0.0,7424493042
123,3,41.0,1.0,46712102942570
123,6,41.0,2.0,16375456189603724
123,9,41.0,3.0,1505852165770659440
123,12,41.0,4.0,57730767214467841292
123,15,41.0,5.0,1159565547452931158650
123,18,41.0,6.0,13976724113883251207582
123,21,41.0,7.0,110560975900344849302034
123,24,41.0,8.0,611367106013015627614310
123,27,41.0,9.0,2476430732344827821400706
123,30,41.0,10.0,7617891132903427260545116
123,33,41.0,11.0,18314977036028600014746196
123,36,41.0,12.0,35236082048676523980320328
123,39,41.0,13.0,55338854097653416501453504
123,42,41.0,14.0,72182024679108146557784208
123,45,41.0,15.0,79400880741878897187735218
123,48,41.0,16.0,74680956114950571791956450
123,51,41.0,17.0,60820779837700724660681004
123,54,41.0,18.0,43387959413598464203993462
123,57,41.0,19.0,27400209034132918091314738
123,60,41.0,20.0,15465737398752947214904000
123,63,41.0,21.0,7869365620626101308570578
123,66,41.0,22.0,3636783949369688367749382
123,69,41.0,23.0,1536323213869316035307684
123,72,41.0,24.0,596390935140811498725382
123,75,41.0,25.0,213638512622206262043404
123,78,41.0,26.0,70839136818565737461180
123,81,41.0,27.0,21786769600954130957332
123,84,41.0,28.0,6220933420765837602788
123,87,41.0,29.0,1648939620291301759238
123,90,41.0,30.0,405211424548833604180
123,93,41.0,31.0,92081394338042173562
123,96,41.0,32.0,19271481828903407748
123,99,41.0,33.0,3692842204819792064
123,102,41.0,34.0,642596337090268814
123,105,41.0,35.0,100389053370538682
123,108,41.0,36.0,13855815642789688
123,111,41.0,37.0,1650772154551362
123,114,41.0,38.0,163874192300648
123,117,41.0,39.0,12788107699824
123,120,41.0,40.0,702487681860
123,123,41.0,41.0,20556595876
124,1,41.333333333333336,0.3333333333333333,291657699489
124,4,41.333333333333336,1.3333333333333333,483929249390499
124,7,41.333333333333336,2.3333333333333335,101761781183058735
124,10,41.333333333333336,3.3333333333333335,6850827801014594556
124,13,41.333333333333336,4.333333333333333,210652099777865691282
124,16,41.333333333333336,5.333333333333333,3574938201443508792405
124,19,41.333333333333336,6.333333333333333,37646556908908543190589
124,22,41.333333333333336,7.333333333333333,266281311986924793139302
124,25,41.333333333333336,8.333333333333334,1339150566366750487296795
124,28,41.333333333333336,9.333333333333334,4997648373260654934060168
124,31,41.333333333333336,10.333333333333334,14309710464869762062975617
124,34,41.333333333333336,11.333333333333334,32290982821783078504398015
124,37,41.333333333333336,12.333333333333334,58718755308068565735873906
124,40,41.333333333333336,13.333333333333334,87688499220073643332262868
124,43,41.333333333333336,14.333333333333334,109334502958168052925265809
124,46,41.333333333333336,15.333333333333334,115510234051492987377575232
124,49,41.333333333333336,16.333333333333332,104792870280642859681103490
124,52,41.333333333333336,17.333333333333332,82641728850285561832131792
124,55,41.333333333333336,18.333333333333332,57292374195246996367818045
124,58,41.333333333333336,19.333333333333332,35276036641987765180289793
124,61,41.333333333333336,20.333333333333332,19470602238094440782577354
124,64,41.333333333333336,21.333333333333332,9713685231976621752395742
124,67,41.333333333333336,22.333333333333332,4411856603174482723964157
124,70,41.333333333333336,23.333333333333332,1835469492641615279164545
124,73,41.333333333333336,24.333333333333332,702979861942903359240888
124,76,41.333333333333336,25.333333333333332,248840523904408890503679
124,79,41.333333333333336,26.333333333333332,81645870907275195884646
124,82,41.333333333333336,27.333333333333332,24876064002418308317025
124,85,41.333333333333336,28.333333333333332,7043854881420211204860
124,88,41.333333333333336,29.333333333333332,1853119660570813476645
124,91,41.333333333333336,30.333333333333332,452325001108868748654
124,94,41.333333333333336,31.333333333333332,102162957956886750369
124,97,41.333333333333336,32.333333333333336,21263483811029109966
124,100,41.333333333333336,33.333333333333336,4054067497160742576
124,103,41.333333333333336,34.333333333333336,702207113557389075
124,106,41.333333333333336,35.333333333333336,109237658867115087
124,109,41.333333333333336,36.333333333333336,15018238667043792
124,112,41.333333333333336,37.333333333333336,1782784178434233
124,115,41.333333333333336,38.333333333333336,176382167392827
124,118,41.333333333333336,39.333333333333336,13720683914961
124,121,41.333333333333336,40.333333333333336,751471019220
124,124,41.333333333333336,41.333333333333336,21927731271
125,2,41.666666666666664,0.6666666666666666,5864518676706
125,5,41.666666666666664,1.6666666666666667,4096797147168060
125,8,41.666666666666664,2.6666666666666665,564282754779165510
125,11,41.666666666666664,3.6666666666666665,28856660354575555806
125,14,41.666666666666664,4.666666666666667,726072443104175902884
125,17,41.666666666666664,5.666666666666667,10541938924777226918622
125,20,41.666666666666664,6.666666666666667,97812583205973552044364
125,23,41.666666666666664,7.666666666666667,622391682241114015089792
125,26,41.666666666666664,8.666666666666666,2859682840691455302355200
125,29,41.666666666666664,9.666666666666666,9867430817563395241009746
125,32,41.666666666666664,10.666666666666666,26373000584628246246906570
125,35,41.666666666666664,11.666666666666666,55989426290970812342720376
125,38,41.666666666666664,12.666666666666666,96421846702207547540059422
125,41,41.666666666666664,13.666666666666666,137153345453654488425519486
125,44,41.666666666666664,14.666666666666666,163715039471447135223126102
125,47,41.666666666666664,15.666666666666666,166340962119186048909642948
125,50,41.666666666666664,16.666666666666668,145733141362262644299536154
125,53,41.666666666666664,17.666666666666668,111409147110523884311271084
125,56,41.666666666666664,18.666666666666668,75131216432604679269676722
125,59,41.666666666666664,19.666666666666668,45141813591031919467437912
125,62,41.666666666666664,20.666666666666668,24383505747260096234108610
125,65,41.666666666666664,21.666666666666668,11935224602509597610383488
125,68,41.666666666666664,22.666666666666668,5330697199172463062939130
125,71,41.666666666666664,23.666666666666668,2185205968452092733321708
125,74,41.666666666666664,24.666666666666668,826087923915503386957926
125,77,41.666666666666664,25.666666666666668,289066577915368413081234
125,80,41.666666666666664,26.666666666666668,93879442440658471824588
125,83,41.666666666666664,27.666666666666668,28344299246099744856762
125,86,41.666666666666664,28.666666666666668,7960920362680686350454
125,89,41.666666666666664,29.666666666666668,2079163012949763637908
125,92,41.666666666666664,30.666666666666668,504175824961345946316
125,95,41.666666666666664,31.666666666666668,113199218696894499546
125,98,41.666666666666664,32.666666666666664,23433619414497809736
125,101,41.666666666666664,33.666666666666664,4445870289410178786
125,104,41.666666666666664,34.666666666666664,766604869010944122
125,107,41.666666666666664,35.666666666666664,118761680630708406
125,110,41.666666666666664,36.666666666666664,16265145442056732
125,113,41.666666666666664,37.666666666666664,1923945617480166
125,116,41.666666666666664,38.666666666666664,189717900863454
125,119,41.666666666666664,39.666666666666664,14712254777526
125,122,41.666666666666664,40.666666666666664,803418496908
125,125,41.666666666666664,41.666666666666664,23378153070
126,0,42.0,0.0,12180497667
126,3,42.0,1.0,80397368985812
126,6,42.0,2.0,29500532076915080
126,9,42.0,3.0,2834744009196672957
126,12,42.0,4.0,113417086104739013189
126,15,42.0,5.0,2375100733813916028353
126,18,42.0,6.0,29825626234685485762840
126,21,42.0,7.0,245670477789672450059550
126,24,42.0,8.0,1414040723657320580106562
126,27,42.0,9.0,5960666870766827844689725
126,30,42.0,10.0,19079053431234685144685115
126,33,42.0,11.0,47726232350988785974413191
126,36,42.0,12.0,95534332258745219208620125
126,39,42.0,13.0,156105971718923469194615446
126,42,42.0,14.0,211848271299103925771831376
126,45,42.0,15.0,242438076646976152340795460
126,48,42.0,16.0,237201950038395832790610037
126,51,42.0,17.0,200922411874757811957588448
126,54,42.0,18.0,149052462974601374490541160
126,57,42.0,19.0,97869704948323316173928505
126,60,42.0,20.0,57430990097985534830912760
126,63,42.0,21.0,30381080572161640791690240
126,66,42.0,22.0,14599914650127447892166405
126,69,42.0,23.0,6416024181880316018457201
126,72,42.0,24.0,2592804432219375222501567
126,75,42.0,25.0,967887488354218652776855
126,78,42.0,26.0,334924414700863236941879
126,81,42.0,27.0,107699410485302141085131
126,84,42.0,28.0,32230828283170448593972
126,87,42.0,29.0,8981246872658480230827
126,90,42.0,30.0,2329051447843577551973
126,93,42.0,31.0,561167177007457116389
126,96,42.0,32.0,125266738622491352964
126,99,42.0,33.0,25795382963156288506
126,102,42.0,34.0,4870444069135288765
126,105,42.0,35.0,836115502089020075
126,108,42.0,36.0,129004844331824812
126,111,42.0,37.0,17601746052029494
126,114,42.0,38.0,2074794804746168
126,117,42.0,39.0,203927917527722
126,120,42.0,40.0,15765989272520
126,123,42.0,41.0,858482603985
126,126,42.0,42.0,24911886133
127,1,42.333333333333336,0.3333333333333333,485829062034
127,4,42.333333333333336,1.3333333333333333,844646660229528
127,7,42.333333333333336,2.3333333333333335,185731261838384298
127,10,42.333333333333336,3.3333333333333335,13055493578469582246
127,13,42.333333333333336,4.333333333333333,418660799140435922562
127,16,42.333333333333336,5.333333333333333,7403331063166014698412
127,19,42.333333333333336,6.333333333333333,81181962594665896989006
127,22,42.333333333333336,7.333333333333333,597647552500164182584032
127,25,42.333333333333336,8.333333333333334,3127268189877162027262374
127,28,42.333333333333336,9.333333333333334,12140783280064015226512692
127,31,42.333333333333336,10.333333333333334,36158520096534966325616106
127,34,42.333333333333336,11.333333333333334,84867089232236330877139920
127,37,42.333333333333336,12.333333333333334,160511154612519806692591128
127,40,42.333333333333336,13.333333333333334,249306505558078696294214940
127,43,42.333333333333336,14.333333333333334,323290294059793055242062096
127,46,42.333333333333336,15.333333333333334,355193088085574560466986302
127,49,42.333333333333336,16.333333333333332,335064387359950249921251942
127,52,42.333333333333336,17.333333333333332,274710615342577533898428582
127,55,42.333333333333336,18.333333333333332,197957748554010235202015478
127,58,42.333333333333336,19.333333333333332,126673126465967950574913654
127,61,42.333333333333336,20.333333333333332,72656204093811897025558320
127,64,42.333333333333336,21.333333333333332,37668604136593437279876216
127,67,42.333333333333336,22.333333333333332,17783248469848039524980532
127,70,42.333333333333336,23.333333333333332,7693524652280499819345846
127,73,42.333333333333336,24.333333333333332,3066398891778061174655394
127,76,42.333333333333336,25.333333333333332,1130786193055321521006126
127,79,42.333333333333336,26.333333333333332,387082256621841754703046
127,82,42.333333333333336,27.333333333333332,123280005543268851796194
127,85,42.333333333333336,28.333333333333332,36578363693955776313396
127,88,42.333333333333336,29.333333333333332,10114677238998085659798
127,91,42.333333333333336,30.333333333333332,2604914438839992701838
127,94,42.333333333333336,31.333333333333332,623730575372064636834
127,97,42.333333333333336,32.333333333333336,138447131793184923534
127,100,42.333333333333336,33.333333333333336,28363110271521390342
127,103,42.333333333333336,34.333333333333336,5330111912813198700
127,106,42.333333333333336,35.333333333333336,911083193184459156
127,109,42.333333333333336,36.333333333333336,140013209282319300
127,112,42.333333333333336,37.333333333333336,19033515598126986
127,115,42.333333333333336,38.333333333333336,2235896213449230
127,118,42.333333333333336,39.333333333333336,219060901252170
127,121,42.333333333333336,40.333333333333336,16885196897598
127,124,42.333333333333336,41.333333333333336,916822314876
127,127,42.333333333333336,42.333333333333336,26533128720
128,2,42.666666666666664,0.6666666666666666,9913096651056
128,5,42.666666666666664,1.6666666666666667,7248127234691193
128,8,42.666666666666664,2.6666666666666665,1043038966718270277
128,11,42.666666666666664,3.6666666666666665,55651576620141092802
128,14,42.666666666666664,4.666666666666667,1459424893065364042365
128,17,42.666666666666664,5.666666666666667,22067080566908521915590
128,20,42.666666666666664,6.666666666666667,213100335065092029627873
128,23,42.666666666666664,7.666666666666667,1410702685675401353528994
128,26,42.666666666666664,8.666666666666666,6741402764281507918970679
128,29,42.666666666666664,9.666666666666666,24189305850324769094756391
128,32,42.666666666666664,10.666666666666666,67224347437399120485769794
128,35,42.666666666666664,11.666666666666666,148389437129337372888290391
128,38,42.666666666666664,12.666666666666666,265700858547928677360240663
128,41,42.666666666666664,13.666666666666666,392944917901823928759615279
128,44,42.666666666666664,14.666666666666666,487636002433737699572707194
128,47,42.666666666666664,15.666666666666666,515042818637283363740840694
128,50,42.666666666666664,16.666666666666668,469001477671714082936506032
128,53,42.666666666666664,17.666666666666668,372587313885287899794421833
128,56,42.666666666666664,18.666666666666668,261056581302583514970549726
128,59,42.666666666666664,19.666666666666668,162940534580780543279635236
128,62,42.666666666666664,20.666666666666668,91420923411286952527993830
128,65,42.666666666666664,21.666666666666668,46483708909747886291783940
128,68,42.666666666666664,22.666666666666668,21571382967087720945363294
128,71,42.666666666666664,23.666666666666668,9192161367008624068538712
128,74,42.666666666666664,24.666666666666668,3615066287155499674626912
128,77,42.666666666666664,25.666666666666668,1317447035462587489137306
128,80,42.666666666666664,26.666666666666668,446273550729238417558245
128,83,42.666666666666664,27.666666666666668,140811192189280834804302
128,86,42.666666666666664,28.666666666666668,41433203637140623740303
128,89,42.666666666666664,29.666666666666668,11371825643966012365596
128,92,42.666666666666664,30.666666666666668,2909037841525084952772
128,95,42.666666666666664,31.666666666666668,692327334973927773555
128,98,42.666666666666664,32.666666666666664,152827327380488187450
128,101,42.666666666666664,33.666666666666664,31152020086019396643
128,104,42.666666666666664,34.666666666666664,5827332533951509284
128,107,42.666666666666664,35.666666666666664,991871215360506432
128,110,42.666666666666664,36.666666666666664,151835267298344283
128,113,42.666666666666664,37.666666666666664,20566204869986736
128,116,42.666666666666664,38.666666666666664,2407841417427714
128,119,42.666666666666664,39.666666666666664,235167774401559
128,122,42.666666666666664,40.666666666666664,18073337192895
128,125,42.666666666666664,41.666666666666664,978603306810
128,128,42.666666666666664,42.666666666666664,28245996561
129,0,43.0,0.0,19928265042
129,3,43.0,1.0,137836674605646
129,6,43.0,2.0,52883652125785444
129,9,43.0,3.0,5304823573144603010
129,12,43.0,4.0,221289783236264140774
129,15,43.0,5.0,4826978348091080285926
129,18,43.0,6.0,63092636018647023637636
129,21,43.0,7.0,540638143049966517739282
129,24,43.0,8.0,3236072040452477247586578
129,27,43.0,9.0,14182326485593217720825690
129,30,43.0,10.0,47189192155894223718022212
129,33,43.0,11.0,122699446501545713055788204
129,36,43.0,12.0,255286739117382993853573732
129,39,43.0,13.0,433570474452718006100790186
129,42,43.0,14.0,611530161297156204382461976
129,45,43.0,15.0,727298311472615928135436944
129,48,43.0,16.0,739425919609295136390549556
129,51,43.0,17.0,650722162850306694213830262
129,54,43.0,18.0,501429684720082471513212606
129,57,43.0,19.0,341928304226378494546454000
129,60,43.0,20.0,208342771189821436110340172
129,63,43.0,21.0,114432374095904605184177860
129,66,43.0,22.0,57100450428403539831907774
129,69,43.0,23.0,26062334412670871814522048
129,72,43.0,24.0,10944503152009634096775278
129,75,43.0,25.0,4248912769030467288242178
129,78,43.0,26.0,1530809723972291488936560
129,81,43.0,27.0,513301984755858117905188
129,84,43.0,28.0,160499788367055797350164
129,87,43.0,29.0,46845468993021601199110
129,90,43.0,30.0,12764125265634954654818
129,93,43.0,31.0,3243872948666216700606
129,96,43.0,32.0,767450190709962105570
129,99,43.0,33.0,168499842897086109118
129,102,43.0,34.0,34178257036028755310
129,105,43.0,35.0,6364706543710663744
129,108,43.0,36.0,1078862771917712658
129,111,43.0,37.0,164522044056137856
129,114,43.0,38.0,22205851336097190
129,117,43.0,39.0,2591250163636640
129,120,43.0,40.0,252301779457194
129,123,43.0,41.0,19334020846064
129,126,43.0,42.0,1043998182660
129,129,43.0,43.0,30054757808
130,1,43.333333333333336,0.3333333333333333,806756576598
130,4,43.333333333333336,1.3333333333333333,1468057481503020
130,7,43.333333333333336,2.3333333333333335,337226402386432491
130,10,43.333333333333336,3.3333333333333335,24726510516587303787
130,13,43.333333333333336,4.333333333333333,826178958577343779584
130,16,43.333333333333336,5.333333333333333,15209117359724830566702
130,19,43.333333333333336,6.333333333333333,173507014128205323810045
130,22,43.333333333333336,7.333333333333333,1328238910544814202118805
130,25,43.333333333333336,8.333333333333334,7224808699969806047678955
130,28,43.333333333333336,9.333333333333334,29150471179938106526367804
130,31,43.333333333333336,10.333333333333334,90217919513391551513651400
130,34,43.333333333333336,11.333333333333334,220026906776277182655537555
130,37,43.333333333333336,12.333333333333334,432394148831133438133855962
130,40,43.333333333333336,13.333333333333334,697799777676257220043729464
130,43,43.333333333333336,14.333333333333334,940128800231052623732640954
130,46,43.333333333333336,15.333333333333334,1073035849949680798062655728
130,49,43.333333333333336,16.333333333333332,1051404511602621069379927665
130,52,43.333333333333336,17.333333333333332,895213825889585404599509382
130,55,43.333333333333336,18.333333333333332,669792973795536778901894856
130,58,43.333333333333336,19.333333333333332,444917077305951931244389518
130,61,43.333333333333336,20.333333333333332,264865181799265819420462083
130,64,43.333333333333336,21.333333333333332,142515848254814543245803390
130,67,43.333333333333336,22.333333333333332,69833755526350616262965667
130,70,43.333333333333336,23.333333333333332,31367273109512311339876305
130,73,43.333333333333336,24.333333333333332,12987079887044928366682812
130,76,43.333333333333336,25.333333333333332,4979165788843652730569829
130,79,43.333333333333336,26.333333333333332,1774113342856733122580649
130,82,43.333333333333336,27.333333333333332,589046786986967701407654
130,85,43.333333333333336,28.333333333333332,182570643312130094577861
130,88,43.333333333333336,29.333333333333332,52869352062790370261586
130,91,43.333333333333336,30.333333333333332,14303878088814440627481
130,94,43.333333333333336,31.333333333333332,3612045932372674329720
130,97,43.333333333333336,32.333333333333336,849624985953510144552
130,100,43.333333333333336,33.333333333333336,185563067807792070585
130,103,43.333333333333336,34.333333333333336,37458936130920520812
130,106,43.333333333333336,35.333333333333336,6944982925871284200
130,109,43.333333333333336,36.333333333333336,1172461861180380123
130,112,43.333333333333336,37.333333333333336,178127203521737472
130,115,43.333333333333336,38.333333333333336,23958790460219532
130,118,43.333333333333336,39.333333333333336,2786771483525838
130,121,43.333333333333336,40.333333333333336,270518562777018
130,124,43.333333333333336,41.333333333333336,20671010023389
130,127,43.333333333333336,42.333333333333336,1113186702156
130,130,43.333333333333336,43.333333333333336,31964121483
131,2,43.666666666666664,0.6666666666666666,16698852463050
131,5,43.666666666666664,1.6666666666666667,12765985282819884
131,8,43.666666666666664,2.6666666666666665,1917466613797379226
131,11,43.666666666666664,3.6666666666666665,106641638749660966452
131,14,43.666666666666664,4.666666666666667,2912101834977920328330
131,17,43.666666666666664,5.666666666666667,45814457885505523581930
131,20,43.666666666666664,6.666666666666667,460063756561113513396492
131,23,43.666666666666664,7.666666666666667,3165632248127605719607152
131,26,43.666666666666664,8.666666666666666,15719536292748491313572586
131,29,43.666666666666664,9.666666666666666,58599891782994734430723942
131,32,43.666666666666664,10.666666666666666,169175317221800416752820608
131,35,43.666666666666664,11.666666666666666,387904193160021406442195064
131,38,43.666666666666664,12.666666666666666,721453491275076454311451824
131,41,43.666666666666664,13.666666666666666,1108207376052607701432678660
131,44,43.666666666666664,14.666666666666666,1428324374968946546141087514
131,47,43.666666666666664,15.666666666666666,1566624958463385923286529656
131,50,43.666666666666664,16.666666666666668,1481202589321346663125299774
131,53,43.666666666666664,17.666666666666668,1221510379530825751852894134
131,56,43.666666666666664,18.666666666666668,888248569994322476548540446
131,59,43.666666666666664,19.666666666666668,575265184243084270004718612
131,62,43.666666666666664,20.666666666666668,334855410995039426806453014
131,65,43.666666666666664,21.666666666666668,176630487962598949640931480
131,68,43.666666666666664,22.666666666666668,85044273872266199279099412
131,71,43.666666666666664,23.666666666666668,37611922494648949571701758
131,74,43.666666666666664,24.666666666666668,15360763244380850402498748
131,77,43.666666666666664,25.666666666666668,5818272254316399868574592
131,80,43.666666666666664,26.666666666666668,2050920383273000114761542
131,83,43.666666666666664,27.666666666666668,674468320456440827374536
131,86,43.666666666666664,28.666666666666668,207267876101627465861976
131,89,43.666666666666664,29.666666666666668,59563377191649097944642
131,92,43.666666666666664,30.666666666666668,16004306950313468106936
131,95,43.666666666666664,31.666666666666668,4016367683971682749122
131,98,43.666666666666664,32.666666666666664,939412428089645871882
131,101,43.666666666666664,33.666666666666664,204121557801743885256
131,104,43.666666666666664,34.666666666666664,41012188839593947512
131,107,43.666666666666664,35.666666666666664,7571065726782341412
131,110,43.666666666666664,36.666666666666664,1273094169093482406
131,113,43.666666666666664,37.666666666666664,192707156236498884
131,116,43.666666666666664,38.666666666666664,25831667349320820
131,119,43.666666666666664,39.666666666666664,2995084744481700
131,122,43.666666666666664,40.666666666666664,289876260603402
131,125,43.666666666666664,41.666666666666664,22088227992774
131,128,43.666666666666664,42.666666666666664,1186356018864
131,131,43.666666666666664,43.666666666666664,33978992850
132,0,44.0,0.0,32517313979
132,3,44.0,1.0,235423295411033
132,6,44.0,2.0,94349546172896844
132,9,44.0,3.0,9870619930529441169
132,12,44.0,4.0,428909190764054956139
132,15,44.0,5.0,9736506337733305617105
132,18,44.0,6.0,132348605014698705892860
132,21,44.0,7.0,1178769749763569771235243
132,24,44.0,8.0,7330893305565301719582220
132,27,44.0,9.0,33372678116591189709633612
132,30,44.0,10.0,115324306062980665212950079
132,33,44.0,11.0,311397161763384695918381773
132,36,44.0,12.0,672775101452035753929421894
132,39,44.0,13.0,1186456313488849182563204189
132,42,44.0,14.0,1737541480057725920608775211
132,45,44.0,15.0,2145434693771063817055666108
132,48,44.0,16.0,2264242530171599160450054364
132,51,44.0,17.0,2068086817987969437028950610
132,54,44.0,18.0,1653603607211574319567766784
132,57,44.0,19.0,1169775185186307214344286819
132,60,44.0,20.0,739264129046373605907628727
132,63,44.0,21.0,421076679068750204610642057
132,66,44.0,22.0,217886644832422342114640039
132,69,44.0,23.0,103143656565100245435557393
132,72,44.0,24.0,44938068134016001327719595
132,75,44.0,25.0,18111174391936552888952068
132,78,44.0,26.0,6780003009414324253345916
132,81,44.0,27.0,2365142193830092784545776
132,84,44.0,28.0,770613982102718705465648
132,87,44.0,29.0,234856176864536614152576
132,90,44.0,30.0,66990673688702418367310
132,93,44.0,31.0,17879609884059035073153
132,96,44.0,32.0,4459844062634661012083
132,99,44.0,33.0,1037409912832840000258
132,102,44.0,34.0,224286339972814500217
132,105,44.0,35.0,44857210789427115322
132,108,44.0,36.0,8246020968341469975
132,111,44.0,37.0,1381207990227547948
132,114,44.0,38.0,208321170960703428
132,117,44.0,39.0,27831448738497747
132,120,44.0,40.0,3216900721434511
132,123,44.0,41.0,310435587429763
132,126,44.0,42.0,23589769836384
132,129,44.0,43.0,1263700920048
132,132,44.0,44.0,36104183644
133,1,44.333333333333336,0.3333333333333333,1335629473806
133,4,44.333333333333336,1.3333333333333333,2541223989474138
133,7,44.333333333333336,2.3333333333333335,609215529519732198
133,10,44.333333333333336,3.3333333333333335,46552897602876000360
133,13,44.333333333333336,4.333333333333333,1619251969327782780600
133,16,44.333333333333336,5.333333333333333,31004899144186017756030
133,19,44.333333333333336,6.333333333333333,367660906506644891312604
133,22,44.333333333333336,7.333333333333333,2924169961684896506487804
133,25,44.333333333333336,8.333333333333334,16519680908547350989840692
133,28,44.333333333333336,9.333333333333334,69210435536255778457840764
133,31,44.333333333333336,10.333333333333334,222386419850708178664144014
133,34,44.333333333333336,11.333333333333334,563046576488160958669316016
133,37,44.333333333333336,12.333333333333334,1148623974265551418817868384
133,40,44.333333333333336,13.333333333333334,1924138061363930458969193394
133,43,44.333333333333336,14.333333333333334,2690723156487637029192288396
133,46,44.333333333333336,15.333333333333334,3187310562295406583405123990
133,49,44.333333333333336,16.333333333333332,3240707678525518872897433794
133,52,44.333333333333336,17.333333333333332,2862647115263570550277419798
133,55,44.333333333333336,18.333333333333332,2221517088867561866360670774
133,58,44.333333333333336,19.333333333333332,1530208953064569341470413270
133,61,44.333333333333336,20.333333333333332,944425126308056773233723690
133,64,44.333333333333336,21.333333333333332,526766955358819491196515546
133,67,44.333333333333336,22.333333333333332,267564917939711750294317962
133,70,44.333333333333336,23.333333333333332,124600286183315037387920778
133,73,44.333333333333336,24.333333333333332,53505182201057674605878586
133,76,44.333333333333336,25.333333333333332,21289119898116149573487954
133,79,44.333333333333336,26.333333333333332,7879563903075752527467210
133,82,44.333333333333336,27.333333333333332,2721065905194038687080014
133,85,44.333333333333336,28.333333333333332,878624417705040877989876
133,88,44.333333333333336,29.333333333333332,265622172719144217677268
133,91,44.333333333333336,30.333333333333332,75219261422117464308978
133,94,44.333333333333336,31.333333333333332,19945016832537375631914
133,97,44.333333333333336,32.333333333333336,4945686563970659972658
133,100,44.333333333333336,33.333333333333336,1144253419093791928002
133,103,44.333333333333336,34.333333333333336,246175229151150523386
133,106,44.333333333333336,35.333333333333336,49014311122116212022
133,109,44.333333333333336,36.333333333333336,8973083793458223852
133,112,44.333333333333336,37.333333333333336,1497275177777942622
133,115,44.333333333333336,38.333333333333336,225031488965656500
133,118,44.333333333333336,39.333333333333336,29965435320268572
133,121,44.333333333333336,40.333333333333336,3452962795864752
133,124,44.333333333333336,41.333333333333336,332259926697372
133,127,44.333333333333336,42.333333333333336,25179903510252
133,130,44.333333333333336,43.333333333333336,1345424072298
133,133,44.333333333333336,44.333333333333336,38344678812
134,2,44.666666666666664,0.6666666666666666,28035377046345
134,5,44.666666666666664,1.6666666666666667,22386830544333111
134,8,44.666666666666664,2.6666666666666665,3506386539121274514
134,11,44.666666666666664,3.6666666666666665,203092148308803899724
134,14,44.666666666666664,4.666666666666667,5769936962509969604706
134,17,44.666666666666664,5.666666666666667,94368697963375866581973
134,20,44.666666666666664,6.666666666666667,984575481443088062241987
134,23,44.666666666666664,7.666666666666667,7035745057138488154202073
134,26,44.666666666666664,8.666666666666666,36272476799216236214929170
134,29,44.666666666666664,9.666666666666666,140357536367803397418017871
134,32,44.666666666666664,10.666666666666666,420555740885914926576732408
134,35,44.666666666666664,11.666666666666666,1000750067612349955373314815
134,38,44.666666666666664,12.666666666666666,1931523677937244170197823252
134,41,44.666666666666664,13.666666666666666,3078769658411005252484680911
134,44,44.666666666666664,14.666666666666666,4117274914069685673852236940
134,47,44.666666666666664,15.666666666666666,4685100980399385653413351203
134,50,44.666666666666664,16.666666666666668,4594751349305953541704607376
134,53,44.666666666666664,17.666666666666668,3929540420085403834338927864
134,56,44.666666666666664,18.666666666666668,2962563508830460528160970624
134,59,44.666666666666664,19.666666666666668,1988758582654487441983802220
134,62,44.666666666666664,20.666666666666668,1199670657380970292696735356
134,65,44.666666666666664,21.666666666666668,655704458320185265152201603
134,68,44.666666666666664,22.666666666666668,327136975855721669734133907
134,71,44.666666666666664,23.666666666666668,149945483331203705143728135
134,74,44.666666666666664,24.666666666666668,63492169163926694395926696
134,77,44.666666666666664,25.666666666666668,24951057102497118939624684
134,80,44.666666666666664,26.666666666666668,9133713716315660516662494
134,83,44.666666666666664,27.666666666666668,3123382884217051161337995
134,86,44.666666666666664,28.666666666666668,999740063604077711023737
134,89,44.666666666666664,29.666666666666668,299875860537373098267333
134,92,44.666666666666664,30.666666666666668,84322349474344492989684
134,95,44.666666666666664,31.666666666666668,22216848791963403553560
134,98,44.666666666666664,32.666666666666664,5477323419786348712260
134,101,44.666666666666664,33.666666666666664,1260619476184496245029
134,104,44.666666666666664,34.666666666666664,269913155671161282780
134,107,44.666666666666664,35.666666666666664,53504963544305464032
134,110,44.666666666666664,36.666666666666664,9755665845473436453
134,113,44.666666666666664,37.666666666666664,1621792123150743870
134,116,44.666666666666664,38.666666666666664,242903441651302770
134,119,44.666666666666664,39.666666666666664,32241274425721209
134,122,44.666666666666664,40.666666666666664,3704048197017105
134,125,44.666666666666664,41.666666666666664,355415423789178
134,128,44.666666666666664,42.666666666666664,26863070043336
134,131,44.666666666666664,43.666666666666664,1431736276089
134,134,44.666666666666664,44.666666666666664,40705961607
135,0,45.0,0.0,52920266608
135,3,45.0,1.0,400630705227094
135,6,45.0,2.0,167553132090497208
135,9,45.0,3.0,18265003701154028734
135,12,45.0,4.0,826025128502336755754
135,15,45.0,5.0,19497793784616869668288
135,18,45.0,6.0,275390616466987518881944
135,21,45.0,7.0,2547271575496798896360456
135,24,45.0,8.0,16445686104241423286249966
135,27,45.0,9.0,77699611681050444535247510
135,30,45.0,10.0,278615451386701079694842270
135,33,45.0,11.0,780562789023785366425031956
135,36,45.0,12.0,1749608999533620567609267804
135,39,45.0,13.0,3200922520589559763607530806
135,42,45.0,14.0,4862730077751146951584469770
135,45,45.0,15.0,6227836748759121332291564656
135,48,45.0,16.0,6816438012091474713745661714
135,51,45.0,17.0,6455505362103205518805060038
135,54,45.0,18.0,5350767175464491107470433186
135,57,45.0,19.0,3922807599799212025355277844
135,60,45.0,20.0,2568592020423696914219550772
135,63,45.0,21.0,1515548832139946762086501780
135,66,45.0,22.0,812279926696109233282346090
135,69,45.0,23.0,398288271612176121943602208
135,72,45.0,24.0,179780215372121445442901786
135,75,45.0,25.0,75099238539692967766907790
135,78,45.0,26.0,29159590243494267795881942
135,81,45.0,27.0,10560889222602720686219670
135,84,45.0,28.0,3577218774083110172750350
135,87,45.0,29.0,1135308026396197905535572
135,90,45.0,30.0,337952108668901500709834
135,93,45.0,31.0,94378648248031606927776
135,96,45.0,32.0,24712579459517799656238
135,99,45.0,33.0,6058411140323424391776
135,102,45.0,34.0,1387227205173740074322
135,105,45.0,35.0,295632504872223090968
135,108,45.0,36.0,58351859111200822636
135,111,45.0,37.0,10597362881625270250
135,114,45.0,38.0,1755280765751492438
135,117,45.0,39.0,262005572392445360
135,120,45.0,40.0,34666973063158546
135,123,45.0,41.0,3970969171502550
135,126,45.0,42.0,379971081432902
135,129,45.0,43.0,28643894338858
135,132,45.0,44.0,1522856726484
135,135,45.0,45.0,43193736544
136,1,45.333333333333336,0.3333333333333333,2204691397425
136,4,45.333333333333336,1.3333333333333333,4381559914562817
136,7,45.333333333333336,2.3333333333333335,1095230204755554981
136,10,45.333333333333336,3.3333333333333335,87143384960011214763
136,13,45.333333333333336,4.333333333333333,3152750131836993906717
136,16,45.333333333333336,5.333333333333333,62737804471283545620111
136,19,45.333333333333336,6.333333333333333,772664851988573445392043
136,22,45.333333333333336,7.333333333333333,6379437549447237516972864
136,25,45.333333333333336,8.333333333333334,37399634213361811284985614
136,28,45.333333333333336,9.333333333333334,162562411594929714341892411
136,31,45.333333333333336,10.333333333333334,541841635617326722707156714
136,34,45.333333333333336,11.333333333333334,1422921912224000110302989244
136,37,45.333333333333336,12.333333333333334,3010629262061030971477421178
136,40,45.333333333333336,13.333333333333334,5230343598753623753107244529
136,43,45.333333333333336,14.333333333333334,7584753667716841675140595467
136,46,45.333333333333336,15.333333333333334,9315866625593916905494088862
136,49,45.333333333333336,16.333333333333332,9819569166555096932611618263
136,52,45.333333333333336,17.333333333333332,8990425802769708285254787105
136,55,45.333333333333336,18.333333333333332,7229556253177186622542200318
136,58,45.333333333333336,19.333333333333332,5158758420395827539735324336
136,61,45.333333333333336,20.333333333333332,3297501388040822543111318619
136,64,45.333333333333336,21.333333333333332,1904472362714526212281734870
136,67,45.333333333333336,22.333333333333332,1001576120451066001385108715
136,70,45.333333333333336,23.333333333333332,482942762477289717604515924
136,73,45.333333333333336,24.333333333333332,214782333684886742907701700
136,76,45.333333333333336,25.333333333333332,88549910707665793987670115
136,79,45.333333333333336,26.333333333333332,33983998661065534691113659
136,82,45.333333333333336,27.333333333333332,12181337661685471012801137
136,85,45.333333333333336,28.333333333333332,4088165177968757582757096
136,88,45.333333333333336,29.333333333333332,1286789311978556090834187
136,91,45.333333333333336,30.333333333333332,380212229791044371179560
136,94,45.333333333333336,31.333333333333332,105472695418265617100892
136,97,45.333333333333336,32.333333333333336,27450899451929593354089
136,100,45.333333333333336,33.333333333333336,6692846510616400720584
136,103,45.333333333333336,34.333333333333336,1524840436227529793697
136,106,45.333333333333336,35.333333333333336,323473468588450083300
136,109,45.333333333333336,36.333333333333336,63578960781783178656
136,112,45.333333333333336,37.333333333333336,11501962629449915844
136,115,45.333333333333336,38.333333333333336,1898289633599646093
136,118,45.333333333333336,39.333333333333336,282409762019174808
136,121,45.333333333333336,40.333333333333336,37250911319894487
136,124,45.333333333333336,41.333333333333336,4254574174169427
136,127,45.333333333333336,42.333333333333336,405998857630917
136,130,45.333333333333336,43.333333333333336,30527197173663
136,133,45.333333333333336,44.333333333333336,1619013276909
136,136,45.333333333333336,45.333333333333336,45813602550
137,2,45.666666666666664,0.6666666666666666,46914705480378
137,5,45.666666666666664,1.6666666666666667,39093067119000438
137,8,45.666666666666664,2.6666666666666665,6379299674561895756
137,11,45.666666666666664,3.6666666666666665,384476387229861201612
137,14,45.666666666666664,4.666666666666667,11354943089849069059488
137,17,45.666666666666664,5.666666666666667,192906708798227213695134
137,20,45.666666666666664,6.666666666666667,2089393373692026790008156
137,23,45.666666666666664,7.666666666666667,15493334533512325948206834
137,26,45.666666666666664,8.666666666666666,82859310439594483715948724
137,29,45.666666666666664,9.666666666666666,332535209156784938416661448
137,32,45.666666666666664,10.666666666666666,1033245311130840397158634152
137,35,45.666666666666664,11.666666666666666,2549436027830877644985440124
137,38,45.666666666666664,12.666666666666666,5101842665527659781815401010
137,41,45.666666666666664,13.666666666666666,8431043612089407300846852492
137,44,45.666666666666664,14.666666666666666,11688237435284125433768072058
137,47,45.666666666666664,15.666666666666666,13785843676519916499113222814
137,50,45.666666666666664,16.666666666666668,14011045878930348275242363392
137,53,45.666666666666664,17.666666666666668,12414890013344754841879875174
137,56,45.666666666666664,18.666666666666668,9694940285275384591886744028
137,59,45.666666666666664,19.666666666666668,6739316090338006246837409676
137,62,45.666666666666664,20.666666666666668,4208653271216381440605472734
137,65,45.666666666666664,21.666666666666668,2380984021618893246696209982
137,68,45.666666666666664,22.666666666666668,1229455024350335049795355998
137,71,45.666666666666664,23.666666666666668,583289749479204297297533214
137,74,45.666666666666664,24.666666666666668,255714366425911511664309438
137,77,45.666666666666664,25.666666666666668,104093161907605134180858756
137,80,45.666666666666664,26.666666666666668,39500798419472441281870044
137,83,45.666666666666664,27.666666666666668,14017256912326516209187050
137,86,45.666666666666664,28.666666666666668,4662313044724420009943604
137,89,45.666666666666664,29.666666666666668,1455766415508490342113654
137,92,45.666666666666664,30.666666666666668,427045627083457903125912
137,95,45.666666666666664,31.666666666666668,117695196132291533573472
137,98,45.666666666666664,32.666666666666664,30451783165625522529078
137,101,45.666666666666664,33.666666666666664,7384779052801512933990
137,104,45.666666666666664,34.666666666666664,1674269903790338794626
137,107,45.666666666666664,35.666666666666664,353584408878731479146
137,110,45.666666666666664,36.666666666666664,69211559784802870224
137,113,45.666666666666664,37.666666666666664,12473452896587403066
137,116,45.666666666666664,38.666666666666664,2051394915379025256
137,119,45.666666666666664,39.666666666666664,304191357098952528
137,122,45.666666666666664,40.666666666666664,40001856134895918
137,125,45.666666666666664,41.666666666666664,4555749203324682
137,128,45.666666666666664,42.666666666666664,433573766084658
137,131,45.666666666666664,43.666666666666664,32517996186822
137,134,45.666666666666664,44.666666666666664,1720442709072
137,137,45.666666666666664,45.666666666666664,48571354602
138,0,46.0,0.0,85905548728
138,3,46.0,1.0,679352398556828
138,6,46.0,2.0,296226201607798322
138,9,46.0,3.0,33618436447810326883
138,12,46.0,4.0,1581036327574388952282
138,15,46.0,5.0,38773513345756386249637
138,18,46.0,6.0,568587172700708342446720
138,21,46.0,7.0,5457467833703582577967968
138,24,46.0,8.0,36548231103686206466368406
138,27,46.0,9.0,179065370074983667791404140
138,30,46.0,10.0,665725172875454697993880370
138,33,46.0,11.0,1933485888656681715968560176
138,36,46.0,12.0,4492422356642954864060004811
138,39,46.0,13.0,8519026601925351371239805120
138,42,46.0,14.0,13413269589144718616395294423
138,45,46.0,15.0,17802573922434752435341390981
138,48,46.0,16.0,20189540515557645138233795020
138,51,46.0,17.0,19807663082700578588958662686
138,54,46.0,18.0,17003731453487088263935172544
138,57,46.0,19.0,12907109606041538326456459609
138,60,46.0,20.0,8747999514290094791941856369
138,63,46.0,21.0,5341431739025302376367682206
138,66,46.0,22.0,2962050522185425922100469323
138,69,46.0,23.0,1502653241253040638145516185
138,72,46.0,24.0,701812954666248326751147613
138,75,46.0,25.0,303431894425838574441951733
138,78,46.0,26.0,122005714682240713026668656
138,81,46.0,27.0,45794338722054874892288438
138,84,46.0,28.0,16092943654696372613088633
138,87,46.0,29.0,5306287816087996768008535
138,90,46.0,30.0,1643951284023805467381655
138,93,46.0,31.0,478871515959831818622359
138,96,46.0,32.0,131143377864322289359128
138,99,46.0,33.0,33736558349606134399642
138,102,46.0,34.0,8138623966152161662167
138,105,46.0,35.0,1836375521485331790354
138,108,46.0,36.0,386122234298625741323
138,111,46.0,37.0,75276333835165370233
138,114,46.0,38.0,13516029935012218875
138,117,46.0,39.0,2215201564540320034
138,120,46.0,40.0,327429301805409392
138,123,46.0,41.0,42928975450075231
138,126,46.0,42.0,4875419181650728
138,129,46.0,43.0,462773979076720
138,132,46.0,44.0,34621505914832
138,135,46.0,45.0,1827391012389
138,138,46.0,46.0,51473348870
139,1,46.333333333333336,0.3333333333333333,3628776620004
139,4,46.333333333333336,1.3333333333333333,7525781947425450
139,7,46.333333333333336,2.3333333333333335,1959715827271051848
139,10,46.333333333333336,3.3333333333333335,162222200414609361798
139,13,46.333333333333336,4.333333333333333,6099575118277979468142
139,16,46.333333333333336,5.333333333333333,126042445749986839926576
139,19,46.333333333333336,6.333333333333333,1610942121595095440532336
139,22,46.333333333333336,7.333333333333333,13796334555567020425185480
139,25,46.333333333333336,8.333333333333334,83866517077460933772063852
139,28,46.333333333333336,9.333333333333334,377897521806914167723714632
139,31,46.333333333333336,10.333333333333334,1305528484332714660503708580
139,34,46.333333333333336,11.333333333333334,3553091624096550307938674016
139,37,46.333333333333336,12.333333333333334,7790374036387628488196472042
139,40,46.333333333333336,13.333333333333334,14024059508201077475064071214
139,43,46.333333333333336,14.333333333333334,21071094895869532275036274968
139,46,46.333333333333336,15.333333333333334,26811151354358709235458838116
139,49,46.333333333333336,16.333333333333332,29272205823241286520460741896
139,52,46.333333333333336,17.333333333333332,27753436345774857051938226918
139,55,46.333333333333336,18.333333333333332,23105002252907133363120113124
139,58,46.333333333333336,19.333333333333332,17063639219524315526114299662
139,61,46.333333333333336,20.333333333333332,11285483011696920418000496754
139,64,46.333333333333336,21.333333333333332,6742381773060060455099895768
139,67,46.333333333333336,22.333333333333332,3667386824227424640341913480
139,70,46.333333333333336,23.333333333333332,1828886076331830194333060280
139,73,46.333333333333336,24.333333333333332,841321957145064834121202832
139,76,46.333333333333336,25.333333333333332,358892538495630570232452390
139,79,46.333333333333336,26.333333333333332,142594480157172770562742104
139,82,46.333333333333336,27.333333333333332,52957434516927208519777524
139,85,46.333333333333336,28.333333333333332,18434949818465970479988018
139,88,46.333333333333336,29.333333333333332,6027286395948759793479702
139,91,46.333333333333336,30.333333333333332,1853193663655498779760944
139,94,46.333333333333336,31.333333333333332,536140723621863107263716
139,97,46.333333333333336,32.333333333333336,145921360338919599485136
139,100,46.333333333333336,33.333333333333336,37327978463141978855652
139,103,46.333333333333336,34.333333333333336,8959075556721819189750
139,106,46.333333333333336,35.333333333333336,2012068738634937808512
139,109,46.333333333333336,36.333333333333336,421252789027785332550
139,112,46.333333333333336,37.333333333333336,81801407240596633200
139,115,46.333333333333336,38.333333333333336,14634107059134948996
139,118,46.333333333333336,39.333333333333336,2390344436097331590
139,121,46.333333333333336,40.333333333333336,352206274412295918
139,124,46.333333333333336,41.333333333333336,46041852746044968
139,127,46.333333333333336,42.333333333333336,5214549252355290
139,130,46.333333333333336,43.333333333333336,493680932929404
139,133,46.333333333333336,44.333333333333336,36843149873952
139,136,46.333333333333336,45.333333333333336,1940113669944
139,139,46.333333333333336,46.333333333333336,54526190118
140,2,46.666666666666664,0.6666666666666666,78258686317554
140,5,46.666666666666664,1.6666666666666667,67987908817554033
140,8,46.666666666666664,2.6666666666666665,11548875603676036308
140,11,46.666666666666664,3.6666666666666665,723676221780810457107
140,14,46.666666666666664,4.666666666666667,22199923883577239447547
140,17,46.666666666666664,5.666666666666667,391452731376345397758927
140,20,46.666666666666664,6.666666666666667,4398108998004762764878680
140,23,46.666666666666664,7.666666666666667,33815469449284525795666872
140,26,46.666666666666664,8.666666666666666,187456002634494380621985462
140,29,46.666666666666664,9.666666666666666,779627710144027631823253227
140,32,46.666666666666664,10.666666666666666,2510033714641238721969579369
140,35,46.666666666666664,11.666666666666666,6416552717873376714770574645
140,38,46.666666666666664,12.666666666666666,13302425764131569875698234354
140,41,46.666666666666664,13.666666666666666,22771685945169534710617248732
140,44,46.666666666666664,14.666666666666666,32698443957804892421027673537
140,47,46.666666666666664,15.666666666666666,39940439577136613017432065699
140,50,46.666666666666664,16.666666666666668,42030798972422256678488247585
140,53,46.666666666666664,17.666666666666668,38552498939588804093520755988
140,56,46.666666666666664,18.666666666666668,31156279161190681775741390028
140,59,46.666666666666664,19.666666666666668,22406689369034703405336282465
140,62,46.666666666666664,20.666666666666668,14472471135077123870464588344
140,65,46.666666666666664,21.666666666666668,8466261082148095700973784254
140,68,46.666666666666664,22.666666666666668,4519812932501448979766138181
140,71,46.666666666666664,23.666666666666668,2216960827552803070622437134
140,74,46.666666666666664,24.666666666666668,1004986111988035383785409729
140,77,46.666666666666664,25.666666666666668,423165587063188209829327497
140,80,46.666666666666664,26.666666666666668,166199158684913552825266902
140,83,46.666666666666664,27.666666666666668,61092036719449688818482162
140,86,46.666666666666664,28.666666666666668,21072247617913022961511626
140,89,46.666666666666664,29.666666666666668,6833116003186026528406536
140,92,46.666666666666664,30.666666666666668,2085489843553088168511729
140,95,46.666666666666664,31.666666666666668,599337568733909806500594
140,98,46.666666666666664,32.666666666666664,162140540941253182569927
140,101,46.666666666666664,33.666666666666664,41250297891321673327194
140,104,46.666666666666664,34.666666666666664,9851121168848130652761
140,107,46.666666666666664,35.666666666666664,2202314980325444158038
140,110,46.666666666666664,36.666666666666664,459151255118123167809
140,113,46.666666666666664,37.666666666666664,88816412938899509022
140,116,46.666666666666664,38.666666666666664,15832323527586816534
140,119,46.666666666666664,39.666666666666664,2577489456765135465
140,122,46.666666666666664,40.666666666666664,378608827708921077
140,125,46.666666666666664,41.666666666666664,49350501968159682
140,128,46.666666666666664,42.666666666666664,5574146097690465
140,131,46.666666666666664,43.666666666666664,526379436163779
140,134,46.666666666666664,44.666666666666664,39188573955879
140,137,46.666666666666664,45.666666666666664,2058875947716
140,140,46.666666666666664,46.666666666666664,57736364337
141,0,47.0,0.0,139102107492
141,3,47.0,1.0,1148010045200774
141,6,47.0,2.0,521450324808697318
141,9,47.0,3.0,61559305987072427268
141,12,47.0,4.0,3008169690592065170490
141,15,47.0,5.0,76587593765038596613836
141,18,47.0,6.0,1165157125927611366803082
141,21,47.0,7.0,11596144776573272989027014
141,24,47.0,8.0,80492014624813796437780326
141,27,47.0,9.0,408637945154892336623913252
141,30,47.0,10.0,1573898745452937528106303436
141,33,47.0,11.0,4734985619794711661083641652
141,36,47.0,12.0,11394933313563557493403340286
141,39,47.0,13.0,22378894794248660212343943990
141,42,47.0,14.0,36488923716378571634992205316
141,45,47.0,15.0,50145860547998764351497581756
141,48,47.0,16.0,58875461363299296739189399116
141,51,47.0,17.0,59786743648154204153084229264
141,54,47.0,18.0,53108900807800658931491047568
141,57,47.0,19.0,41703854667244278351992172800
141,60,47.0,20.0,29231286378715961011560948202
141,63,47.0,21.0,18452942303882792526555777418
141,66,47.0,22.0,10577208571654884481086687622
141,69,47.0,23.0,5545645319885573255368730000
141,72,47.0,24.0,2676899811850488739992929638
141,75,47.0,25.0,1196371079151032910138163218
141,78,47.0,26.0,497442293707690700011690490
141,81,47.0,27.0,193195005513498350620598202
141,84,47.0,28.0,70309941504275454753189544
141,87,47.0,29.0,24036403480639866870455604
141,90,47.0,30.0,7732234970613603519520782
141,93,47.0,31.0,2342991808829135729746114
141,96,47.0,32.0,668981823549800670554220
141,99,47.0,33.0,179919996038036059475346
141,102,47.0,34.0,45529350092427612388662
141,105,47.0,35.0,10820055630966041058016
141,108,47.0,36.0,2408136172960586425144
141,111,47.0,37.0,500002568121586174466
141,114,47.0,38.0,96352556506691420488
141,117,47.0,39.0,17115553700280437346
141,120,47.0,40.0,2777334829074279754
141,123,47.0,41.0,406727532366888194
141,126,47.0,42.0,52865382850860660
141,129,47.0,43.0,5955259420470054
141,132,47.0,44.0,560957780323210
141,135,47.0,45.0,41663647316686
141,138,47.0,46.0,2183953190340
141,141,47.0,47.0,61110578584
142,1,47.333333333333336,0.3333333333333333,5955992503056
142,4,47.333333333333336,1.3333333333333333,12878345905255464
142,7,47.333333333333336,2.3333333333333335,3490587285701708712
142,10,47.333333333333336,3.3333333333333335,300368168905553033382
142,13,47.333333333333336,4.333333333333333,11728403089858708524087
142,16,47.333333333333336,5.333333333333333,251479097128867043466825
142,19,47.333333333333336,6.333333333333333,3333018555001874331546357
142,22,47.333333333333336,7.333333333333333,29585967911101624300271016
142,25,47.333333333333336,8.333333333333334,186346123404735970807275972
142,28,47.333333333333336,9.333333333333334,869770405496404294016124171
142,31,47.333333333333336,10.333333333333334,3111992411277382800905683764
142,34,47.333333333333336,11.333333333333334,8770540566052828750753444629
142,37,47.333333333333336,12.333333333333334,19911562356756338120443717050
142,40,47.333333333333336,13.333333333333334,37111640692142978206045774473
142,43,47.333333333333336,14.333333333333334,57725650586709982356332132031
142,46,47.333333333333336,15.333333333333334,76029866729693395679157468354
142,49,47.333333333333336,16.333333333333332,85907935378700862792621239034
142,52,47.333333333333336,17.333333333333332,84276015342829323137062022724
142,55,47.333333333333336,18.333333333333332,72574393954131166158763834008
142,58,47.333333333333336,19.333333333333332,55425181161355999368610100802
142,61,47.333333333333336,20.333333333333332,37894796451815002642870364448
142,64,47.333333333333336,21.333333333333332,23397793206264393815251331220
142,67,47.333333333333336,22.333333333333332,13150038027043766911277252271
142,70,47.333333333333336,23.333333333333332,6775125171300747129037393065
142,73,47.333333333333336,24.333333333333332,3220073670519863709360208116
142,76,47.333333333333336,25.333333333333332,1419478092591685837204834356
142,79,47.333333333333336,26.333333333333332,583046874804951920453691180
142,82,47.333333333333336,27.333333333333332,223995768273728815103588163
142,85,47.333333333333336,28.333333333333332,80733540146720414894587614
142,88,47.333333333333336,29.333333333333332,27361761181795535216491872
142,91,47.333333333333336,30.333333333333332,8733795553567422463232031
142,94,47.333333333333336,31.333333333333332,2628016815011931086051775
142,97,47.333333333333336,32.333333333333336,745630760856379853678343
142,100,47.333333333333336,33.333333333333336,199386898639579861057836
142,103,47.333333333333336,34.333333333333336,50192628752053759195737
142,106,47.333333333333336,35.333333333333336,11871496228078593643743
142,109,47.333333333333336,36.333333333333336,2630613357271375656549
142,112,47.333333333333336,37.333333333333336,544001846415935950356
142,115,47.333333333333336,38.333333333333336,104442682180941345366
142,118,47.333333333333336,39.333333333333336,18488916471221900265
142,121,47.333333333333336,40.333333333333336,2990612270100935781
142,124,47.333333333333336,41.333333333333336,436657124164321464
142,127,47.333333333333336,42.333333333333336,56597416648447368
142,130,47.333333333333336,43.333333333333336,6358983474936450
142,133,47.333333333333336,44.333333333333336,597507853420674
142,136,47.333333333333336,45.333333333333336,44274462213060
142,139,47.333333333333336,46.333333333333336,2315631126969
142,142,47.333333333333336,47.333333333333336,64656169782
143,2,47.666666666666664,0.6666666666666666,130140827829300
143,5,47.666666666666664,1.6666666666666667,117771832502510424
143,8,47.666666666666664,2.6666666666666665,20807896960471393746
143,11,47.666666666666664,3.6666666666666665,1354565367422745066342
143,14,47.666666666666664,4.666666666666667,43128858854551323984036
143,17,47.666666666666664,5.666666666666667,788743310262499855333218
143,20,47.666666666666664,6.666666666666667,9185709889439644255154166
143,23,47.666666666666664,7.666666666666667,73175060722783466252254776
143,26,47.666666666666664,8.666666666666666,420153822332932790916091296
143,29,47.666666666666664,9.666666666666666,1809496687839759222655436118
143,32,47.666666666666664,10.666666666666666,6031729646677306268861915310
143,35,47.666666666666664,11.666666666666666,15962686436597529085004511588
143,38,47.666666666666664,12.666666666666666,34256016512577558324763870902
143,41,47.666666666666664,13.666666666666666,60696392823276134214932200752
143,44,47.666666666666664,14.666666666666666,90200187636925616206717810818
143,47,47.666666666666664,15.666666666666666,114009423853418059296585187914
143,50,47.666666666666664,16.666666666666668,124124468762004429751826212416
143,53,47.666666666666664,17.666666666666668,117759746040111767890904636676
143,56,47.666666666666664,18.666666666666668,98405393535107085529698733812
143,59,47.666666666666664,19.666666666666668,73154962026127085677101707124
143,62,47.666666666666664,20.666666666666668,48827711038880881049926614174
143,65,47.666666666666664,21.666666666666668,29508917228484702329246917572
143,68,47.666666666666664,22.666666666666668,16271665859807293733465389410
143,71,47.666666666666664,23.666666666666668,8242885708331756256479145048
143,74,47.666666666666664,24.666666666666668,3859345511424545026911258132
143,77,47.666666666666664,25.666666666666668,1678786102827086296374385290
143,80,47.666666666666664,26.666666666666668,681448238143177138128981816
143,83,47.666666666666664,27.666666666666668,259056803212763379087349020
143,86,47.666666666666664,28.666666666666668,92496610920150605186215500
143,89,47.666666666666664,29.666666666666668,31085634500982763491050796
143,92,47.666666666666664,30.666666666666668,9847688812680083551187046
143,95,47.666666666666664,31.666666666666668,2943057396680142584000934
143,98,47.666666666666664,32.666666666666664,829881288131498197804626
143,101,47.666666666666664,33.666666666666664,220676952839315000902644
143,104,47.666666666666664,34.666666666666664,55269372019812769502670
143,107,47.666666666666664,35.666666666666664,13011398213332913967714
143,110,47.666666666666664,36.666666666666664,2870889390772713007194
143,113,47.666666666666664,37.666666666666664,591354834560268014322
143,116,47.666666666666664,38.666666666666664,113121340934889663630
143,119,47.666666666666664,39.666666666666664,19957784975768646780
143,122,47.666666666666664,40.666666666666664,3218088285480092904
143,125,47.666666666666664,41.666666666666664,468496656256593108
143,128,47.666666666666664,42.666666666666664,60558002278254882
143,131,47.666666666666664,43.666666666666664,6786458498113098
143,134,47.666666666666664,44.666666666666664,636125256135306
143,137,47.666666666666664,45.666666666666664,47027347473906
143,140,47.666666666666664,46.666666666666664,2454206184072
143,143,47.666666666666664,47.666666666666664,68380753230
144,0,48.0,0.0,224690984339
144,3,48.0,1.0,1933469840183297
144,6,48.0,2.0,914067225446178440
144,9,48.0,3.0,112160582037536341467
144,12,48.0,4.0,5690635860373035102754
144,15,48.0,5.0,150298770401561976270671
144,18,48.0,6.0,2370422393720683985157368
144,21,48.0,7.0,24443944953087238249910962
144,24,48.0,8.0,175733624928321756812584809
144,27,48.0,9.0,923759790627219999864744987
144,30,48.0,10.0,3683202043774398523413807510
144,33,48.0,11.0,11469178656813680193052359751
144,36,48.0,12.0,28565598285973051530842102731
144,39,48.0,13.0,58056067733143142038619247188
144,42,48.0,14.0,97949940211757629010265834098
144,45,48.0,15.0,139270077260812508879711793811
144,48,48.0,16.0,169147063115627773048459398832
144,51,48.0,17.0,177643370969604568212376694433
144,54,48.0,18.0,163158915755115420081449342705
144,57,48.0,19.0,132430410209253642273648184270
144,60,48.0,20.0,95915309369088567493296531237
144,63,48.0,21.0,62545868229430590020879602484
144,66,48.0,22.0,37023751463132382077727387662
144,69,48.0,23.0,20042682050515285193129786411
144,72,48.0,24.0,9988460918295404753701198512
144,75,48.0,25.0,4609226459690333958417270432
144,78,48.0,26.0,1979296929218287040892582029
144,81,48.0,27.0,794272474014593339999145100
144,84,48.0,28.0,298878377235462825966271405
144,87,48.0,29.0,105745154583028569611120407
144,90,48.0,30.0,35248509724304105727561936
144,93,48.0,31.0,11084591636392435419745614
144,96,48.0,32.0,3290791823142630639389421
144,99,48.0,33.0,922372171347267490277898
144,102,48.0,34.0,243934845471744085075309
144,105,48.0,35.0,60790649905418142289570
144,108,48.0,36.0,14246070871568872373052
144,111,48.0,37.0,3130171741679639894567
144,114,48.0,38.0,642278360953772916502
144,117,48.0,39.0,122424860650357652345
144,120,48.0,40.0,21527796583163988968
144,123,48.0,41.0,3460565479375377046
144,126,48.0,42.0,502349655667005321
144,129,48.0,43.0,64759032882231426
144,132,48.0,44.0,7238872164620332
144,135,48.0,45.0,676909420888963
144,138,48.0,46.0,49928883407779
144,141,48.0,47.0,2599985801700
144,144,48.0,48.0,72291811075
145,1,48.333333333333336,0.3333333333333333,9748976320920
145,4,48.333333333333336,1.3333333333333333,21958373188577574
145,7,48.333333333333336,2.3333333333333335,6189886103934852858
145,10,48.333333333333336,3.3333333333333335,553274324102340951726
145,13,48.333333333333336,4.333333333333333,22417981842733036320282
145,16,48.333333333333336,5.333333333333333,498410686970670887759646
145,19,48.333333333333336,6.333333333333333,6845123049319145992769838
145,22,48.333333333333336,7.333333333333333,62933157804876565505086104
145,25,48.333333333333336,8.333333333333334,410400823244834806283775378
145,28,48.333333333333336,9.333333333333334,1982771551816703273358277494
145,31,48.333333333333336,10.333333333333334,7341849506832216484449613398
145,34,48.333333333333336,11.333333333333334,21410848048780445976575699700
145,37,48.333333333333336,12.333333333333334,50293081089298325611222638840
145,40,48.333333333333336,13.333333333333334,96976568480384868631631458410
145,43,48.333333333333336,14.333333333333334,156038605870132131628025576478
145,46,48.333333333333336,15.333333333333334,212565857880088523758964285736
145,49,48.333333333333336,16.333333333333332,248375714118349587005995935888
145,52,48.333333333333336,17.333333333333332,251909951263797590383017873096
145,55,48.333333333333336,18.333333333333332,224217102059662000280911108362
145,58,48.333333333333336,19.333333333333332,176929356398068779869207683386
145,61,48.333333333333336,20.333333333333332,124950413673966335142886955412
145,64,48.333333333333336,21.333333333333332,79664240373842810914257453246
145,67,48.333333333333336,22.333333333333332,46220328124642690439744976798
145,70,48.333333333333336,23.333333333333332,24579073708889120504572242216
145,73,48.333333333333336,24.333333333333332,12056838075190632950421661446
145,76,48.333333333333336,25.333333333333332,5486043202618354361161847502
145,79,48.333333333333336,26.333333333333332,2326583561317240432618521240
145,82,48.333333333333336,27.333333333333332,923316140934514019829221406
145,85,48.333333333333336,28.333333333333332,344009162948570576836283112
145,88,48.333333333333336,29.333333333333332,120638275016206658567449782
145,91,48.333333333333336,30.333333333333332,39894258319283154790762914
145,94,48.333333333333336,31.333333333333332,12456015969758874643956864
145,97,48.333333333333336,32.333333333333336,3674095014213196153247508
145,100,48.333333333333336,33.333333333333336,1023786350882468017324764
145,103,48.333333333333336,34.333333333333336,269314715435254067587242
145,106,48.333333333333336,35.333333333333336,66789454911871675160610
145,109,48.333333333333336,36.333333333333336,15582194147908972457142
145,112,48.333333333333336,37.333333333333336,3409735376317279821690
145,115,48.333333333333336,38.333333333333336,697000810063593191886
145,118,48.333333333333336,39.333333333333336,132391418429045549190
145,121,48.333333333333336,40.333333333333336,23204863187176084992
145,124,48.333333333333336,41.333333333333336,3718883901063397038
145,127,48.333333333333336,42.333333333333336,538324282873818792
145,130,48.333333333333336,43.333333333333336,69212912815254894
145,133,48.333333333333336,44.333333333333336,7717461224949120
145,136,48.333333333333336,45.333333333333336,719963733762786
145,139,48.333333333333336,46.333333333333336,52985902560264
145,142,48.333333333333336,47.333333333333336,2753288756688
145,145,48.333333333333336,48.333333333333336,76397073858
146,2,48.666666666666664,0.6666666666666666,215767823210397
146,5,48.666666666666664,1.6666666666666667,203226003764681064
146,8,48.666666666666664,2.6666666666666665,37316689304187789213
146,11,48.666666666666664,3.6666666666666665,2521825639870000271373
146,14,48.666666666666664,4.666666666666667,83277231899340711593529
146,17,48.666666666666664,5.666666666666667,1578417079864711202285991
146,20,48.666666666666664,6.666666666666667,19040548729495469817810381
146,23,48.666666666666664,7.666666666666667,157043864237193498868611060
146,26,48.666666666666664,8.666666666666666,933288174054124449456346602
146,29,48.666666666666664,9.666666666666666,4159218844670099750565636291
146,32,48.666666666666664,10.666666666666666,14343941855321522175628489062
146,35,48.666666666666664,11.666666666666666,39269108617702266946782380358
146,38,48.666666666666664,12.666666666666666,87167796283241210242448544519
146,41,48.666666666666664,13.666666666666666,159739594240466630061815738640
146,44,48.666666666666664,14.666666666666666,245491203825848895448907060124
146,47,48.666666666666664,15.666666666666666,320834575446167375866693601019
146,50,48.666666666666664,16.666666666666668,361096131064728510049730654958
146,53,48.666666666666664,17.666666666666668,354061543003760361860970011619
146,56,48.666666666666664,18.666666666666668,305695672358244876410563720785
146,59,48.666666666666664,19.666666666666668,234726236464890284230234070274
146,62,48.666666666666664,20.666666666666668,161766195896166352733525130702
146,65,48.666666666666664,21.666666666666668,100912423812314309389082484624
146,68,48.666666666666664,22.666666666666668,57422867465889774522757203660
146,71,48.666666666666664,23.666666666666668,30014110954809064263880614225
146,74,48.666666666666664,24.666666666666668,14499056503575134933781067887
146,77,48.666666666666664,25.666666666666668,6508118128613696737336375704
146,80,48.666666666666664,26.666666666666668,2726841751660167551983273182
146,83,48.666666666666664,27.666666666666668,1070560378785483713729274597
146,86,48.666666666666664,28.666666666666668,395049934036431510776202288
146,89,48.666666666666664,29.666666666666668,137349106598002006361393259
146,92,48.666666666666664,30.666666666666668,45070360115695023542302104
146,95,48.666666666666664,31.666666666666668,13974360317109471244585581
146,98,48.666666666666664,32.666666666666664,4096049929311552773034312
146,101,48.666666666666664,33.666666666666664,1134853352041103110799841
146,104,48.666666666666664,34.666666666666664,296980641133078258746510
146,107,48.666666666666664,35.666666666666664,73300795984425149819991
146,110,48.666666666666664,36.666666666666664,17026835854308197326890
146,113,48.666666666666664,37.666666666666664,3710925742080796665684
146,116,48.666666666666664,38.666666666666664,755762609557579640565
146,119,48.666666666666664,39.666666666666664,143061115085845639122
146,122,48.666666666666664,40.666666666666664,24995181794672823078
146,125,48.666666666666664,41.666666666666664,3993922428796355829
146,128,48.666666666666664,42.666666666666664,576533495535094488
146,131,48.666666666666664,43.666666666666664,73932575068634022
146,134,48.666666666666664,44.666666666666664,8223513196907286
146,137,48.666666666666664,45.666666666666664,765395659209078
146,140,48.666666666666664,46.666666666666664,56205489312699
146,143,48.666666666666664,47.666666666666664,2914445496570
146,146,48.666666666666664,48.666666666666664,80704976790
147,0,49.0,0.0,362074427990
147,3,49.0,1.0,3245709829289524
147,6,49.0,2.0,1595780898870922420
147,9,49.0,3.0,203369187489437649600
147,12,49.0,4.0,10705294245880238815628
147,15,49.0,5.0,293103295104559569502984
147,18,49.0,6.0,4788820611065029256963104
147,21,49.0,7.0,51131135315746004222152020
147,24,49.0,8.0,380458825321362982001193348
147,27,49.0,9.0,2069293489225386320681472078
147,30,49.0,10.0,8535038226628550545647402646
147,33,49.0,11.0,27489166625723664140014419018
147,36,49.0,12.0,70806105633465171420413165272
147,39,49.0,13.0,148808883999860975057270689826
147,42,49.0,14.0,259592926662560729742229116292
147,45,49.0,15.0,381590180580354841997217122110
147,48,49.0,16.0,479050138511005211471337545466
147,51,49.0,17.0,519934094978772693022613587054
147,54,49.0,18.0,493374960095441212866447463800
147,57,49.0,19.0,413606226555248004911454345508
147,60,49.0,20.0,309296837908101068525281986360
147,63,49.0,21.0,208175437428684452776329388116
147,66,49.0,22.0,127151972180576534632939125194
147,69,49.0,23.0,71007950544638864812634722138
147,72,49.0,24.0,36500405107243628895010087578
147,75,49.0,25.0,17372855099966799571256473122
147,78,49.0,26.0,7695962673984840259392444346
147,81,49.0,27.0,3186945045439562047604757308
147,84,49.0,28.0,1238185882830228933057572336
147,87,49.0,29.0,452657468430602894776856950
147,90,49.0,30.0,156065789931535424698111874
147,93,49.0,31.0,50828137330628802035350160
147,96,49.0,32.0,15652963587138302422468990
147,99,49.0,33.0,4559959443306501981125252
147,102,49.0,34.0,1256351792707230246464960
147,105,49.0,35.0,327107146491635336893262
147,108,49.0,36.0,80361795854917381734376
147,111,49.0,37.0,18587469467074125487954
147,114,49.0,38.0,4035161848025100141798
147,117,49.0,39.0,818816732692442038420
147,120,49.0,40.0,154476051867448713676
147,123,49.0,41.0,26905245409959352608
147,126,49.0,42.0,4286600191635468670
147,129,49.0,43.0,617095217707278888
147,132,49.0,44.0,78931499134938388
147,135,49.0,45.0,8758367941094948
147,138,49.0,46.0,813316867690798
147,141,49.0,47.0,59594994857086
147,144,49.0,48.0,3083798480844
147,147,49.0,49.0,85224265832
148,1,49.333333333333336,0.3333333333333333,15914869780824
148,4,49.333333333333336,1.3333333333333333,37309173420292668
148,7,49.333333333333336,2.3333333333333335,10929578729708758476
148,10,49.333333333333336,3.3333333333333335,1014007834911255821103
148,13,49.333333333333336,4.333333333333333,42604615236585204110712
148,16,49.333333333333336,5.333333333333333,981454679692454366512146
148,19,49.333333333333336,6.333333333333333,13957916562138715928370453
148,22,49.333333333333336,7.333333333333333,132821475307700114766009303
148,25,49.333333333333336,8.333333333333334,896167551559720856524570041
148,28,49.333333333333336,9.333333333333334,4478466857249010466716990402
148,31,49.333333333333336,10.333333333333334,17149561148156733296651096130
148,34,49.333333333333336,11.333333333333334,51714212584077469518789431805
148,37,49.333333333333336,12.333333333333334,125592495159566965445149679883
148,40,49.333333333333336,13.333333333333334,250355155020909086409735219816
148,43,49.333333333333336,14.333333333333334,416395663029535001738078344176
148,46,49.333333333333336,15.333333333333334,586259348264174197554997201665
148,49,49.333333333333336,16.333333333333332,707859492902615731448884808334
148,52,49.333333333333336,17.333333333333332,741691245636848386216118163918
148,55,49.333333333333336,18.333333333333332,681810624600023734922436417876
148,58,49.333333333333336,19.333333333333332,555485527029788859147606190797
148,61,49.333333333333336,20.333333333333332,404893147078545674957661541482
148,64,49.333333333333336,21.333333333333332,266348907902995496835734166903
148,67,49.333333333333336,22.333333333333332,159395720284940784136407676707
148,70,49.333333333333336,23.333333333333332,87411311435162398274331301020
148,73,49.333333333333336,24.333333333333332,44212149450465005768898859770
148,76,49.333333333333336,25.333333333333332,20743371189881899855841565198
148,79,49.333333333333336,26.333333333333332,9072484505526933452500258410
148,82,49.333333333333336,27.333333333333332,3714503395535071518140846193
148,85,49.333333333333336,28.333333333333332,1428588772683225021524045733
148,88,49.333333333333336,29.333333333333332,517548666869414818282982070
148,91,49.333333333333336,30.333333333333332,176992497565763367656510328
148,94,49.333333333333336,31.333333333333332,57222999781374867321151740
148,97,49.333333333333336,32.333333333333336,17506161349993791666615984
148,100,49.333333333333336,33.333333333333336,5069358722707607434865370
148,103,49.333333333333336,34.333333333333336,1389111990699302927306268
148,106,49.333333333333336,35.333333333333336,359879726019859194880380
148,109,49.333333333333336,36.333333333333336,88011791862026229188823
148,112,49.333333333333336,37.333333333333336,20271992528841864004743
148,115,49.333333333333336,38.333333333333336,4383939445186324244634
148,118,49.333333333333336,39.333333333333336,886429216238468717865
148,121,49.333333333333336,40.333333333333336,166680409439945801010
148,124,49.333333333333336,41.333333333333336,28941854226831238725
148,127,49.333333333333336,42.333333333333336,4597878029954188602
148,130,49.333333333333336,43.333333333333336,660132513593427474
148,133,49.333333333333336,44.333333333333336,84223729320317805
148,136,49.333333333333336,45.333333333333336,9323419260928455
148,139,49.333333333333336,46.333333333333336,863843366386347
148,142,49.333333333333336,47.333333333333336,63162053736702
148,145,49.333333333333336,48.333333333333336,3261702525912
148,148,49.333333333333336,49.333333333333336,89963538150
149,2,49.666666666666664,0.6666666666666666,356685176146572
149,5,49.666666666666664,1.6666666666666667,349375924186939428
149,8,49.666666666666664,2.6666666666666665,66623235668872252446
149,11,49.666666666666664,3.6666666666666665,4670503982060006981850
149,14,49.666666666666664,4.666666666666667,159850228934313174495810
149,17,49.666666666666664,5.666666666666667,3137885195599463506170522
149,20,49.666666666666664,6.666666666666667,39181266133239507965213316
149,23,49.666666666666664,7.666666666666667,334360092582547694696838468
149,26,49.666666666666664,8.666666666666666,2055230590453592375563999686
149,29,49.666666666666664,9.666666666666666,9471135416078599357243078278
149,32,49.666666666666664,10.666666666666666,33769669437358499258936520036
149,35,49.666666666666664,11.666666666666666,95569480286133051774204357558
149,38,49.666666666666664,12.666666666666666,219273517931668195961587349790
149,41,49.666666666666664,13.666666666666666,415296118967343232601286277116
149,44,49.666666666666664,14.666666666666666,659542024960508299152803330514
149,47,49.666666666666664,15.666666666666666,890595976754352022977238534890
149,50,49.666666666666664,16.666666666666668,1035447012413055806190882780696
149,53,49.666666666666664,17.666666666666668,1048528449672102197026258716774
149,56,49.666666666666664,18.666666666666668,934669198701338955459317781660
149,59,49.666666666666664,19.666666666666668,740718585865738589881746438006
149,62,49.666666666666664,20.666666666666668,526686318344098513165791950556
149,65,49.666666666666664,21.666666666666668,338873034966378464823037660020
149,68,49.666666666666664,22.666666666666668,198829251000014536722770470278
149,71,49.666666666666664,23.666666666666668,107135289719880322126261316892
149,74,49.666666666666664,24.666666666666668,53347553128750778873347208358
149,77,49.666666666666664,25.666666666666668,24683893362106641440803557744
149,80,49.666666666666664,26.666666666666668,10663209180858794150587115070
149,83,49.666666666666664,27.666666666666668,4317925514431585817889766686
149,86,49.666666666666664,28.666666666666668,1644397390976773550185253214
149,89,49.666666666666664,29.666666666666668,590504894577211472543218470
149,92,49.666666666666664,30.666666666666668,200350511378578391343186330
149,95,49.666666666666664,31.666666666666668,64314701635011083953140018
149,98,49.666666666666664,32.666666666666664,19549344576953421937986534
149,101,49.666666666666664,33.666666666666664,5628028115998406386064460
149,104,49.666666666666664,34.666666666666664,1534018673420328055765236
149,107,49.666666666666664,35.666666666666664,395495389378553655021354
149,110,49.666666666666664,36.666666666666664,96292440328920360773178
149,113,49.666666666666664,37.666666666666664,22088745668697030290958
149,116,49.666666666666664,38.666666666666664,4758834308758213645278
149,119,49.666666666666664,39.666666666666664,958879694212922335986
149,122,49.666666666666664,40.666666666666664,179720529189733103694
149,125,49.666666666666664,41.666666666666664,31112127142525987476
149,128,49.666666666666664,42.666666666666664,4928759995292902734
149,131,49.666666666666664,43.666666666666664,705773764527118800
149,134,49.666666666666664,44.666666666666664,89823893512976004
149,137,49.666666666666664,45.666666666666664,9920116708512024
149,140,49.666666666666664,46.666666666666664,917095632915480
149,143,49.666666666666664,47.666666666666664,66914584436652
149,146,49.666666666666664,48.666666666666664,3448525157370
149,149,49.666666666666664,49.666666666666664,94931669082
150,0,50.0,0.0,582094891533
150,3,50.0,1.0,5431254046729040
150,6,50.0,2.0,2774915577347559895
150,9,50.0,3.0,367022651171604252257
150,12,50.0,4.0,20030544844712413116117
150,15,50.0,5.0,568124613022506473255044
150,18,50.0,6.0,9609366157025698406820645
150,21,50.0,7.0,106162323327317664212371350
150,24,50.0,8.0,817030895047111395013088680
150,27,50.0,9.0,4594819296258034723409831277
150,30,50.0,10.0,19591649685056921738887406644
150,33,50.0,11.0,65219152444460195355580147216
150,36,50.0,12.0,173611071126189415922005579140
150,39,50.0,13.0,377034455940485263107510412483
150,42,50.0,14.0,679581237039847682281169776425
150,45,50.0,15.0,1032009043948857986025434958231
150,48,50.0,16.0,1338229437567623961768890808766
150,51,50.0,17.0,1499914493457031358970381412493
150,54,50.0,18.0,1469426015078789378823244479247
150,57,50.0,19.0,1271378197609410141944302054061
150,60,50.0,20.0,980916013690996182414037815121
150,63,50.0,21.0,680930129803876927784218737198
150,66,50.0,22.0,428814684005416003354569811510
150,69,50.0,23.0,246834663049182517643707761409
150,72,50.0,24.0,130756985329834992472879655295
150,75,50.0,25.0,64131479002203244293631107146
150,78,50.0,26.0,29276670985262795962185536969
150,81,50.0,27.0,12496516942539612742389525869
150,84,50.0,28.0,5006485117601099717699572266
150,87,50.0,29.0,1888490067103567649304039597
150,90,50.0,30.0,672376553926617006172138579
150,93,50.0,31.0,226379353317300400211995652
150,96,50.0,32.0,72167610048863733529646046
150,99,50.0,33.0,21799020934271614631748547
150,102,50.0,34.0,6240006572084699716484833
150,105,50.0,35.0,1692013792433246978223857
150,108,50.0,36.0,434163225935926879702796
150,111,50.0,37.0,105247824580734208599902
150,114,50.0,38.0,24046532253932143794214
150,117,50.0,39.0,5161505624268824472661
150,120,50.0,40.0,1036461947775967422300
150,123,50.0,41.0,193644996882455271876
150,126,50.0,42.0,33423513592653378401
150,129,50.0,43.0,5280294890252627024
150,132,50.0,44.0,754152850384021678
150,135,50.0,45.0,95747222416568659
150,138,50.0,46.0,10549967447676707
150,141,50.0,47.0,973198752037490
150,144,50.0,48.0,70860788702932
150,147,50.0,49.0,3644646973641
150,150,50.0,50.0,100138319926
