q_power,y_power,coefficient
0,0,1
1,1,2
2,0,1
2,1,21
2,2,31
3,0,2
3,1,80
3,2,246
3,3,154
4,0,5
4,1,264
4,2,1365
4,3,1860
4,4,737
5,0,8
5,1,800
5,2,6188
5,3,13248
5,4,10344
5,5,2686
6,0,19
6,1,2249
6,2,23839
6,3,72523
6,4,87758
6,5,45642
6,6,8686
7,0,32
7,1,5978
7,2,82926
7,3,333754
7,4,558508
7,5,443372
7,6,167610
7,7,24842
8,0,68
8,1,15128
8,2,265223
8,3,1356097
8,4,2948959
8,5,3192573
8,6,1819971
8,7,530295
8,8,63976
9,0,124
9,1,36898
9,2,796196
9,3,5008058
9,4,13579022
9,5,18853182
9,6,14512880
9,7,6320608
9,8,1483836
9,9,150160
10,0,244
10,1,87106
10,2,2265132
10,3,17136836
10,4,56295336
10,5,96321765
10,6,94181548
10,7,54921658
10,8,19127024
10,9,3747681
10,10,327443
11,0,448
11,1,200042
11,2,6166076
11,3,55072318
11,4,214481900
11,5,439900900
11,6,525594474
11,7,386401908
11,8,178861882
11,9,51619792
11,10,8683788
11,11,670492
12,0,863
12,1,448392
12,2,16152977
12,3,167877515
12,4,762192174
12,5,1835491376
12,6,2608294523
12,7,2327161862
12,8,1349210287
12,9,514159987
12,10,126571468
12,11,18703584
12,12,1299040
13,0,1576
13,1,983962
13,2,40942760
13,3,489085078
13,4,2553755188
13,5,7106298910
13,6,11772767746
13,7,12415220658
13,8,8683707604
13,9,4119838670
13,10,1331078374
13,11,286183762
13,12,37847244
13,13,2397548
14,0,2952
14,1,2118273
14,2,100786619
14,3,1369855884
14,4,8134878010
14,5,25823436077
14,6,49109720672
14,7,60033794342
14,8,49364549107
14,9,28100994883
14,10,11239762760
14,11,3154001384
14,12,603860620
14,13,72578529
14,14,4245172
15,0,5386
15,1,4482882
15,2,241769590
15,3,3706057710
15,4,24796916488
15,5,88855997830
15,6,191602843870
15,7,267464818146
15,8,253688961414
15,9,168938844342
15,10,80662330884
15,11,27875599350
15,12,6930986626
15,13,1200792974
15,14,132843588
15,15,7248868
16,0,9892
16,1,9340080
16,2,566618646
16,3,9722226864
16,4,72709283555
16,5,291521627614
16,6,705601127998
16,7,1111404826326
16,8,1198349072804
16,9,916374112842
16,10,509454752869
16,11,209154775110
16,12,63741068400
16,13,14278704507
16,14,2268547867
16,15,233447352
16,16,11982455
17,0,17876
17,1,19185162
17,2,1300373508
17,3,24809379466
17,4,205956734934
17,5,917036573674
17,6,2470479693808
17,7,4348122014504
17,8,5268059867266
17,9,4560667760828
17,10,2899157451086
17,11,1379733173840
17,12,497283930868
17,13,135954690708
17,14,27822589718
17,15,4098867678
17,16,395805684
17,17,19239532
18,0,32383
18,1,38894555
18,2,2927773002
18,3,61747639380
18,4,565577990854
18,5,2778538142813
18,6,8271808433735
18,7,16135798950909
18,8,21760427793669
18,9,21088177625697
18,10,15117384799391
18,11,8192864845802
18,12,3408664172614
18,13,1097607048583
18,14,273101013719
18,15,51654332354
18,16,7122059804
18,17,650136009
18,18,30106456
19,0,57958
19,1,77904338
19,2,6477596880
19,3,150231442506
19,4,1510178685374
19,5,8139683469538
19,6,26613129639462
19,7,57141731738312
19,8,85100900191994
19,9,91477490662938
19,10,73145906836548
19,11,44536014551702
19,12,21018452270700
19,13,7782294763176
19,14,2272217998230
19,15,520795185170
19,16,91931124666
19,17,11955680630
19,18,1038154620
19,19,46036964
20,0,103652
20,1,154295343
20,2,14102541548
20,3,357996507055
20,4,3930793329632
20,5,23128502205980
20,6,82603693007417
20,7,194062288004842
20,8,317047077222804
20,9,375142807058628
20,10,331624126987688
20,11,224440964907094
20,12,118571635125612
20,13,49617001372891
20,14,16598422211223
20,15,4449619456104
20,16,949084099129
20,17,157643366491
20,18,19465218297
20,19,1616354196
20,20,68934175
21,0,183794
21,1,302412170
21,2,30249769546
21,3,836954108056
21,4,9995138136718
21,5,63917202887660
21,6,248183153162738
21,7,634671257722428
21,8,1130937403436156
21,9,1463515157038486
21,10,1419747007338622
21,11,1058893573590522
21,12,619735729668306
21,13,289297465614796
21,14,109003542809924
21,15,33372942784964
21,16,8301619050346
21,17,1662052416894
21,18,261579841034
21,19,30838289998
21,20,2459939244
21,21,101262664
22,0,325005
22,1,586935421
22,2,63995377609
22,3,1922487424353
22,4,24875348492494
22,5,172200408031267
22,6,723870587749011
22,7,2005828389409219
22,8,3879003367149285
22,9,5459508257642959
22,10,5775876138451668
22,11,4713437260505213
22,12,3030560702536164
22,13,1562178049628428
22,14,654491430946416
22,15,224990020426963
22,16,63736463428064
22,17,14844487563460
22,18,2810033820814
22,19,421521680074
22,20,47674254053
22,21,3667501620
22,22,146194727
23,0,570910
23,1,1128727128
23,2,133656238068
23,3,4344311681152
23,4,60692137322136
23,5,453187488334270
23,6,2054655641335340
23,7,6144301769098326
23,8,12838896401840582
23,9,19558673235992996
23,10,22445314201694966
23,11,19920573987163516
23,12,13973557508907852
23,13,7889143613696834
23,14,3638611828974838
23,15,1386651660901548
23,16,439823232660190
23,17,116363953044164
23,18,25569018920508
23,19,4604857638768
23,20,661698716716
23,21,72091736140
23,22,5366524170
23,23,207750676
24,0,999517
24,1,2151926184
24,2,275807714956
24,3,9668650408290
24,4,145379697752293
24,5,1167129757180124
24,6,5687734230816029
24,7,18289575680558548
24,8,41133496515564010
24,9,67537317198806019
24,10,83681352142651424
24,11,80355194595638406
24,12,61136937309573908
24,13,37550497908656382
24,14,18913558340685658
24,15,7911990963415400
24,16,2774467898899796
24,17,819823975164661
24,18,204184458178464
24,19,42604533333711
24,20,7338596459467
24,21,1014544107349
24,22,106856229295
24,23,7719805989
24,24,290946478
25,0,1740032
25,1,4069272450
25,2,562764228648
25,3,21214617473538
25,4,342322961000436
25,5,2946020010756454
25,6,15384310279833722
25,7,53022486244799904
25,8,127901858160946780
25,9,225490751059798938
25,10,300424499381784712
25,11,310727044780854168
25,12,255143704012909418
25,13,169523462100264174
25,14,92636940988405226
25,15,42203907427358158
25,16,16202196061039264
25,17,5279926135599252
25,18,1465453981967590
25,19,345922136088222
25,20,68922266240680
25,21,11406318601178
25,22,1522785423916
25,23,155529377344
25,24,10932906504
25,25,401999150
26,0,3018233
26,1,7635655210
26,2,1136162880085
26,3,45932440171927
26,4,793270177252148
26,5,7298402651888011
26,6,40726269173118923
26,7,150001200713839363
26,8,386879513018700450
26,9,729915390894298191
26,10,1041900316425012105
26,11,1156156110159539154
26,12,1020137806221497944
26,13,729694999227411829
26,14,430234053011685476
26,15,212095154004543937
26,16,88449162507055188
26,17,31479372434827302
26,18,9614573135208857
26,19,2524277635358429
26,20,568024128843784
26,21,108583986971104
26,22,17333377790810
26,23,2241912728546
26,24,222642449716
26,25,15262709913
26,26,548585578
27,0,5210006
27,1,14222931190
27,2,2270975943988
27,3,98213090246274
27,4,1810918346391432
27,5,17767653964385400
27,6,105673698377739956
27,7,414820340408399114
27,8,1140705911338901888
27,9,2296164926894459406
27,10,3500234328342750930
27,11,4152576443046703286
27,12,3922374339406574636
27,13,3007855372220201194
27,14,1904578445048179182
27,15,1010532813309188282
27,16,454881786627211928
27,17,175448330551479758
27,18,58396705015192070
27,19,16838816618231072
27,20,4207325784055102
27,21,907035098330696
27,22,167042092861326
27,23,25807797948960
27,24,3243066409282
27,25,313897573064
27,26,21027217920
27,27,740077258
28,0,8960039
28,1,26308856307
28,2,4496558911883
28,3,207539585160083
28,4,4076284199464577
28,5,42552100019368858
28,6,269106079313650014
28,7,1123114277008527889
28,8,3284349762487711650
28,9,7034344916251914799
28,10,11418072572088515420
28,11,14437410622425509917
28,12,14549615917895134888
28,13,11917882759631185434
28,14,8071762336291340627
28,15,4588487773581766798
28,16,2217757229206775579
28,17,921202680589084218
28,18,331576663262686953
28,19,103992338030305298
28,20,28488486212531917
28,21,6809409378519138
28,22,1412482462357114
28,23,251497826235429
28,24,37718352042375
28,25,4616389835595
28,26,436399209670
28,27,28616684280
28,28,987780158
29,0,15342454
29,1,48342485956
29,2,8823904918944
29,3,433711075582386
29,4,9054709298042850
29,5,100353120468244016
29,6,673370303121025296
29,7,2981141476900131450
29,8,9249001322980101058
29,9,21024863041107796990
29,10,36243677639183436666
29,11,48706482322092219864
29,12,52212953343552167604
29,13,45536948750468674130
29,14,32872438222892659578
29,15,19942716465865210154
29,16,10303684647461528462
29,17,4585286242776660922
29,18,1773678912387216586
29,19,600409322763705452
29,20,178592938768032204
29,21,46733229823581314
29,22,10733971006392458
29,23,2150340563123744
29,24,371324662759642
29,25,54198977684634
29,26,6474894225734
29,27,598917255462
29,28,38506207800
29,29,1305276346
30,0,26175859
30,1,88267730562
30,2,17169261974303
30,3,896867554838316
30,4,19863335543486280
30,5,233264371584374981
30,6,1657360261844747437
30,7,7767310491022601661
30,8,25511047050393269384
30,9,61410469365508660664
30,10,112157765038986300782
30,11,159786283195184801953
30,12,181714686359962434302
30,13,168253498269493079408
30,14,129057267525584895721
30,15,83273699582357851457
30,16,45816786386610557928
30,17,21748601235260902284
30,18,8994615203573708057
30,19,3265952187936139694
30,20,1046735745951366135
30,21,296954196143952199
30,22,74571669126392233
30,23,16523102784592796
30,24,3207146315312200
30,25,538564320916393
30,26,76680192436400
30,27,8958885432524
30,28,812185040798
30,29,51269904651
30,30,1708844107
31,0,44481564
31,1,160192650898
31,2,33138572984214
31,3,1836207340949040
31,4,43061715918171266
31,5,534842644419236968
31,6,4016308145257452892
31,7,19887031932046397748
31,8,69008858498743339050
31,9,175544465046687116946
31,10,338929176443309597206
31,11,510706640672559417620
31,12,614641836097224699336
31,13,602645391869891371006
31,14,489813043380412136060
31,15,335141577602823184272
31,16,195712153101038060136
31,17,98726896109675865834
31,18,43466271307634136836
31,19,16842623527655261436
31,20,5780304048332529204
31,21,1764218776464094186
31,22,479676336246931448
31,23,116068586702315890
31,24,24893399432072442
31,25,4694843226125598
31,26,768503244331404
31,27,106948190423030
31,28,12241004605446
31,29,1089237262358
31,30,67596787884
31,31,2217820034
32,0,75323884
32,1,289043349078
32,2,63470716595980
32,3,3723899629337447
32,4,92312426268850959
32,5,1210554907316732589
32,6,9590926409368687722
32,7,50086008034285514447
32,8,183284261257282813832
32,9,491743637398099179308
32,10,1001659608975968862826
32,11,1593006463018334020984
32,12,2024438040429026551275
32,13,2096980414462919372662
32,14,1801507711100306733798
32,15,1303622263457373094864
32,16,805665505082874147810
32,17,430508232013692573415
32,18,201032643046596752927
32,19,82773566893423242330
32,20,30264096262094487380
32,21,9876009562464696427
32,22,2884973456767037218
32,23,754935528478992679
32,24,176639766994965228
32,25,36778355715908260
32,26,6756434831162031
32,27,1080337810445436
32,28,147212354515246
32,29,16531936963135
32,30,1445790450375
32,31,88308487734
32,32,2854961101
33,0,127083592
33,1,518641338620
33,2,120676719987910
33,3,7484390981257656
33,4,195796183154564164
33,5,2706554179452610630
33,6,22587087916154371758
33,7,124195523354703558806
33,8,478456725710261623788
33,9,1351490755614792130838
33,10,2898991436024316437500
33,11,4856642945654338535172
33,12,6503961056943550428504
33,13,7102219320497040631196
33,14,6434814957270550205456
33,15,4912869221632383142050
33,16,3205063371914062858768
33,17,1809034526117468606242
33,18,893148610989945977028
33,19,389345957468896930526
33,20,151012425363888258552
33,21,52420533628317479106
33,22,16350292380049865426
33,23,4591361194849282544
33,24,1160574847302455872
33,25,263390463157390012
33,26,53378057839623638
33,27,9572532718892540
33,28,1497936919883860
33,29,200181970464852
33,30,22086845260802
33,31,1900666638406
33,32,114378948744
33,33,3646974670
34,0,213688133
34,1,925659865031
34,2,227837558259293
34,3,14913541630783688
34,4,411101418798177924
34,5,5981237751052318313
34,6,52497578802827248850
34,7,303458590314236494227
34,8,1228766788019695266515
34,9,3648192092523930292975
34,10,8226535315575761536523
34,11,14491740438067777227601
34,12,20413012476454529566987
34,13,23453330313343823938901
34,14,22364651891132578225478
34,15,17976779490453594010900
34,16,12351386893074229651979
34,17,7345607809228125027785
34,18,3823817118033255701038
34,19,1759290221797511142713
34,20,721248216579659703351
34,21,265190422846267855996
34,22,87867254929464201936
34,23,26313894214716640581
34,24,7130315846811583964
34,25,1746601246010586328
34,26,385513810440007869
34,27,76216958716891018
34,28,13368888731398778
34,29,2050711022056789
34,30,269152933980109
34,31,29212586855338
34,32,2476264564544
34,33,146956243833
34,34,4625158613
35,0,358080842
35,1,1643636136310
35,2,427277162601396
35,3,29474088291716600
35,4,854873899792269584
35,5,13072361925998555420
35,6,120499365956475815148
35,7,731184449057120236940
35,8,3107288293392523517224
35,9,9681842312797842910732
35,10,22914428304047033829428
35,11,42374749817970013945044
35,12,62674542257852993290370
35,13,75629880910061554512930
35,14,75763155579993225493750
35,15,63989898705852858277906
35,16,46208433716070100087338
35,17,28891606369276913412406
35,18,15818976319998572224256
35,19,7660677035158217327146
35,20,3309314319161880430698
35,21,1284191944717088268792
35,22,450084210400688849718
35,23,143011775422912287574
35,24,41283418022361619762
35,25,10830539085156249866
35,26,2578137790403127712
35,27,554755855126006650
35,28,107210567438826256
35,29,18425005351196000
35,30,2774597034760350
35,31,358105250250762
35,32,38275775503522
35,33,3199085441878
35,34,187386653208
35,35,5825927302
36,0,598111533
36,1,2904113178174
36,2,796155531581624
36,3,57795233777006095
36,4,1761388542214024385
36,5,28270459640594976737
36,6,273313233471349792916
36,7,1738566193885419675745
36,8,7743245108280644036019
36,9,25283801880227795028950
36,10,62713217683930329123323
36,11,121557897350836226410434
36,12,188483188754872572657767
36,13,238486186960601682626668
36,14,250548661981036879111894
36,15,221960470466337047703374
36,16,168143139966119256347119
36,17,110307075753040823939043
36,18,63388528118498395702612
36,19,32233890926104363602036
36,20,14633233537582015884638
36,21,5974632606160464505267
36,22,2207017599710774806891
36,23,740885487634733449774
36,24,226677406990660472721
36,25,63292750335649407686
36,26,16122923243294413825
36,27,3738883191699707966
36,28,785954218369933898
36,29,148741923611051917
36,30,25083922299061977
36,31,3713169017368782
36,32,471812198711713
36,33,49711751301331
36,34,4100315685883
36,35,237241161828
36,36,7291328797
37,0,995821512
37,1,5106851599754
37,2,1474357852753982
37,3,112481513056475938
37,4,3597375126423641858
37,5,60525349322688849166
37,6,612929180785125766740
37,7,4081979428530103030074
37,8,19028725494817161414322
37,9,65025923968399692612328
37,10,168797302052590593195320
37,11,342446473987970704049714
37,12,555833270528607617976304
37,13,736308626621797129279410
37,14,809967602068353660065116
37,15,751400476252278145545732
37,16,596112373344892076407164
37,17,409585505557014628666956
37,18,246555281914410605077036
37,19,131375275437069676119624
37,20,62528364183019389283956
37,21,26789722313147016203672
37,22,10398165395869311614066
37,23,3674553272306326570964
37,24,1186475346297075865342
37,25,350787005682121018810
37,26,95026014411597875082
37,27,23564580645781073770
37,28,5335133469399697966
37,29,1097657764774457964
37,30,203748767615616832
37,31,33763281403043028
37,32,4918884857793682
37,33,615962099995202
37,34,64034524542826
37,35,5216465930170
37,36,298344530784
37,37,9069825098
38,0,1652898154
38,1,8939186568896
38,2,2714124868066389
38,3,217341639050188224
38,4,7285482743194315409
38,5,128339886112594639258
38,6,1359748410721276204032
38,7,9469403055716991111518
38,8,46145823602458972875990
38,9,164822779902216368228706
38,10,447191381835359099673482
38,11,948291380050014235724839
38,12,1609002604995774132895279
38,13,2228332759332953707579239
38,14,2562901565121297234328338
38,15,2486001616578439982905391
38,16,2062207905503881154591023
38,17,1481597361971082402212498
38,18,932624735028392442928358
38,19,519740302412698226082910
38,20,258812250217421497994039
38,21,116087304984728287254442
38,22,47218557325835741245543
38,23,17511629177785160809481
38,24,5945802443561171185430
38,25,1853418974216967402635
38,26,531182761404135919318
38,27,139974652045187772316
38,28,33866879264846572317
38,29,7500423366193889238
38,30,1512834993137160746
38,31,275822358227818289
38,32,44967776395988296
38,33,6454479634504450
38,34,797293600052726
38,35,81847761599102
38,36,6590072102143
38,37,372807101934
38,38,11217221428
39,0,2735184920
39,1,15578173765288
39,2,4967946458971590
39,3,417064586102640758
39,4,14636121646548206776
39,5,269641172557991740298
39,6,2985477348965907397096
39,7,21716217171386106198412
39,8,110499289500718028675662
39,9,412036323829686919813994
39,10,1167020669408054588382184
39,11,2583467701479408928854472
39,12,4576368326319402145973596
39,13,6617244127477201756592034
39,14,7946631991452370425226388
39,15,8048447852697582028901264
39,16,6970955886295586041492094
39,17,5229028751185998824949472
39,18,3436524549165775624212326
39,19,1999607838200210142895514
39,20,1039865153457781517895560
39,21,487298675475019710614458
39,22,207231918178664846857468
39,23,80442114831562594882508
39,24,28632488193421133914356
39,25,9376262261668103645786
39,26,2830778867781525661690
39,27,788598897221985223574
39,28,202621378097394916262
39,29,47927905376132164130
39,30,10400847928521615470
39,31,2059679214443527988
39,32,369318929380085902
39,33,59303098832939480
39,34,8394516717440916
39,35,1023745380905784
39,36,103856883128800
39,37,8270468325404
39,38,463059503754
39,39,13797395830
40,0,4512886579
40,1,27031703898967
40,2,9043489770409206
40,3,795023218955737695
40,4,29176374066327634056
40,5,561537373867978676365
40,6,6490369119712718397469
40,7,49257882871587253956479
40,8,261420279583924769333888
40,9,1016528020712101153000904
40,10,3002135743535628142946958
40,11,6929775391937356122277977
40,12,12800155143955647465985335
40,13,19300414063472838231685588
40,14,24169984579931560090183989
40,15,25527110602079768613597768
40,16,23054336580301715991696059
40,17,18030769196795947981317392
40,18,12354039124910003744366211
40,19,7494042583984415796920542
40,20,4063163510927879210859216
40,21,1985687248079747975120635
40,22,881092945660676998090896
40,23,357156011372646904345378
40,24,132914279711189796863075
40,25,45583641827616926831388
40,26,14444952115836488995542
40,27,4235850858967534291883
40,28,1149805117989595583872
40,29,288653897981632375149
40,30,66869794701121363944
40,31,14241127457825175338
40,32,2772518933860212208
40,33,489484818232327359
40,34,77491495097571106
40,35,10827108073531005
40,36,1304621314251681
40,37,130882347200457
40,38,10314633351211
40,39,571890432291
40,40,16883006804
41,0,7424493042
41,1,46712102942570
41,2,16375456189603724
41,3,1505852165770659440
41,4,57730767214467841292
41,5,1159565547452931158650
41,6,13976724113883251207582
41,7,110560975900344849302034
41,8,611367106013015627614310
41,9,2476430732344827821400706
41,10,7617891132903427260545116
41,11,18314977036028600014746196
41,12,35236082048676523980320328
41,13,55338854097653416501453504
41,14,72182024679108146557784208
41,15,79400880741878897187735218
41,16,74680956114950571791956450
41,17,60820779837700724660681004
41,18,43387959413598464203993462
41,19,27400209034132918091314738
41,20,15465737398752947214904000
41,21,7869365620626101308570578
41,22,3636783949369688367749382
41,23,1536323213869316035307684
41,24,596390935140811498725382
41,25,213638512622206262043404
41,26,70839136818565737461180
41,27,21786769600954130957332
41,28,6220933420765837602788
41,29,1648939620291301759238
41,30,405211424548833604180
41,31,92081394338042173562
41,32,19271481828903407748
41,33,3692842204819792064
41,34,642596337090268814
41,35,100389053370538682
41,36,13855815642789688
41,37,1650772154551362
41,38,163874192300648
41,39,12788107699824
41,40,702487681860
41,41,20556595876
42,0,12180497667
42,1,80397368985812
42,2,29500532076915080
42,3,2834744009196672957
42,4,113417086104739013189
42,5,2375100733813916028353
42,6,29825626234685485762840
42,7,245670477789672450059550
42,8,1414040723657320580106562
42,9,5960666870766827844689725
42,10,19079053431234685144685115
42,11,47726232350988785974413191
42,12,95534332258745219208620125
42,13,156105971718923469194615446
42,14,211848271299103925771831376
42,15,242438076646976152340795460
42,16,237201950038395832790610037
42,17,200922411874757811957588448
42,18,149052462974601374490541160
42,19,97869704948323316173928505
42,20,57430990097985534830912760
42,21,30381080572161640791690240
42,22,14599914650127447892166405
42,23,6416024181880316018457201
42,24,2592804432219375222501567
42,25,967887488354218652776855
42,26,334924414700863236941879
42,27,107699410485302141085131
42,28,32230828283170448593972
42,29,8981246872658480230827
42,30,2329051447843577551973
42,31,561167177007457116389
42,32,125266738622491352964
42,33,25795382963156288506
42,34,4870444069135288765
42,35,836115502089020075
42,36,129004844331824812
42,37,17601746052029494
42,38,2074794804746168
42,39,203927917527722
42,40,15765989272520
42,41,858482603985
42,42,24911886133
43,0,19928265042
43,1,137836674605646
43,2,52883652125785444
43,3,5304823573144603010
43,4,221289783236264140774
43,5,4826978348091080285926
43,6,63092636018647023637636
43,7,540638143049966517739282
43,8,3236072040452477247586578
43,9,14182326485593217720825690
43,10,47189192155894223718022212
43,11,122699446501545713055788204
43,12,255286739117382993853573732
43,13,433570474452718006100790186
43,14,611530161297156204382461976
43,15,727298311472615928135436944
43,16,739425919609295136390549556
43,17,650722162850306694213830262
43,18,501429684720082471513212606
43,19,341928304226378494546454000
43,20,208342771189821436110340172
43,21,114432374095904605184177860
43,22,57100450428403539831907774
43,23,26062334412670871814522048
43,24,10944503152009634096775278
43,25,4248912769030467288242178
43,26,1530809723972291488936560
43,27,513301984755858117905188
43,28,160499788367055797350164
43,29,46845468993021601199110
43,30,12764125265634954654818
43,31,3243872948666216700606
43,32,767450190709962105570
43,33,168499842897086109118
43,34,34178257036028755310
43,35,6364706543710663744
43,36,1078862771917712658
43,37,164522044056137856
43,38,22205851336097190
43,39,2591250163636640
43,40,252301779457194
43,41,19334020846064
43,42,1043998182660
43,43,30054757808
44,0,32517313979
44,1,235423295411033
44,2,94349546172896844
44,3,9870619930529441169
44,4,428909190764054956139
44,5,9736506337733305617105
44,6,132348605014698705892860
44,7,1178769749763569771235243
44,8,7330893305565301719582220
44,9,33372678116591189709633612
44,10,115324306062980665212950079
44,11,311397161763384695918381773
44,12,672775101452035753929421894
44,13,1186456313488849182563204189
44,14,1737541480057725920608775211
44,15,2145434693771063817055666108
44,16,2264242530171599160450054364
44,17,2068086817987969437028950610
44,18,1653603607211574319567766784
44,19,1169775185186307214344286819
44,20,739264129046373605907628727
44,21,421076679068750204610642057
44,22,217886644832422342114640039
44,23,103143656565100245435557393
44,24,44938068134016001327719595
44,25,18111174391936552888952068
44,26,6780003009414324253345916
44,27,2365142193830092784545776
44,28,770613982102718705465648
44,29,234856176864536614152576
44,30,66990673688702418367310
44,31,17879609884059035073153
44,32,4459844062634661012083
44,33,1037409912832840000258
44,34,224286339972814500217
44,35,44857210789427115322
44,36,8246020968341469975
44,37,1381207990227547948
44,38,208321170960703428
44,39,27831448738497747
44,40,3216900721434511
44,41,310435587429763
44,42,23589769836384
44,43,1263700920048
44,44,36104183644
45,0,52920266608
45,1,400630705227094
45,2,167553132090497208
45,3,18265003701154028734
45,4,826025128502336755754
45,5,19497793784616869668288
45,6,275390616466987518881944
45,7,2547271575496798896360456
45,8,16445686104241423286249966
45,9,77699611681050444535247510
45,10,278615451386701079694842270
45,11,780562789023785366425031956
45,12,1749608999533620567609267804
45,13,3200922520589559763607530806
45,14,4862730077751146951584469770
45,15,6227836748759121332291564656
45,16,6816438012091474713745661714
45,17,6455505362103205518805060038
45,18,5350767175464491107470433186
45,19,3922807599799212025355277844
45,20,2568592020423696914219550772
45,21,1515548832139946762086501780
45,22,812279926696109233282346090
45,23,398288271612176121943602208
45,24,179780215372121445442901786
45,25,75099238539692967766907790
45,26,29159590243494267795881942
45,27,10560889222602720686219670
45,28,3577218774083110172750350
45,29,1135308026396197905535572
45,30,337952108668901500709834
45,31,94378648248031606927776
45,32,24712579459517799656238
45,33,6058411140323424391776
45,34,1387227205173740074322
45,35,295632504872223090968
45,36,58351859111200822636
45,37,10597362881625270250
45,38,1755280765751492438
45,39,262005572392445360
45,40,34666973063158546
45,41,3970969171502550
45,42,379971081432902
45,43,28643894338858
45,44,1522856726484
45,45,43193736544
46,0,85905548728
46,1,679352398556828
46,2,296226201607798322
46,3,33618436447810326883
46,4,1581036327574388952282
46,5,38773513345756386249637
46,6,568587172700708342446720
46,7,5457467833703582577967968
46,8,36548231103686206466368406
46,9,179065370074983667791404140
46,10,665725172875454697993880370
46,11,1933485888656681715968560176
46,12,4492422356642954864060004811
46,13,8519026601925351371239805120
46,14,13413269589144718616395294423
46,15,17802573922434752435341390981
46,16,20189540515557645138233795020
46,17,19807663082700578588958662686
46,18,17003731453487088263935172544
46,19,12907109606041538326456459609
46,20,8747999514290094791941856369
46,21,5341431739025302376367682206
46,22,2962050522185425922100469323
46,23,1502653241253040638145516185
46,24,701812954666248326751147613
46,25,303431894425838574441951733
46,26,122005714682240713026668656
46,27,45794338722054874892288438
46,28,16092943654696372613088633
46,29,5306287816087996768008535
46,30,1643951284023805467381655
46,31,478871515959831818622359
46,32,131143377864322289359128
46,33,33736558349606134399642
46,34,8138623966152161662167
46,35,1836375521485331790354
46,36,386122234298625741323
46,37,75276333835165370233
46,38,13516029935012218875
46,39,2215201564540320034
46,40,327429301805409392
46,41,42928975450075231
46,42,4875419181650728
46,43,462773979076720
46,44,34621505914832
46,45,1827391012389
46,46,51473348870
47,0,139102107492
47,1,1148010045200774
47,2,521450324808697318
47,3,61559305987072427268
47,4,3008169690592065170490
47,5,76587593765038596613836
47,6,1165157125927611366803082
47,7,11596144776573272989027014
47,8,80492014624813796437780326
47,9,408637945154892336623913252
47,10,1573898745452937528106303436
47,11,4734985619794711661083641652
47,12,11394933313563557493403340286
47,13,22378894794248660212343943990
47,14,36488923716378571634992205316
47,15,50145860547998764351497581756
47,16,58875461363299296739189399116
47,17,59786743648154204153084229264
47,18,53108900807800658931491047568
47,19,41703854667244278351992172800
47,20,29231286378715961011560948202
47,21,18452942303882792526555777418
47,22,10577208571654884481086687622
47,23,5545645319885573255368730000
47,24,2676899811850488739992929638
47,25,1196371079151032910138163218
47,26,497442293707690700011690490
47,27,193195005513498350620598202
47,28,70309941504275454753189544
47,29,24036403480639866870455604
47,30,7732234970613603519520782
47,31,2342991808829135729746114
47,32,668981823549800670554220
47,33,179919996038036059475346
47,34,45529350092427612388662
47,35,10820055630966041058016
47,36,2408136172960586425144
47,37,500002568121586174466
47,38,96352556506691420488
47,39,17115553700280437346
47,40,2777334829074279754
47,41,406727532366888194
47,42,52865382850860660
47,43,5955259420470054
47,44,560957780323210
47,45,41663647316686
47,46,2183953190340
47,47,61110578584
48,0,224690984339
48,1,1933469840183297
48,2,914067225446178440
48,3,112160582037536341467
48,4,5690635860373035102754
48,5,150298770401561976270671
48,6,2370422393720683985157368
48,7,24443944953087238249910962
48,8,175733624928321756812584809
48,9,923759790627219999864744987
48,10,3683202043774398523413807510
48,11,11469178656813680193052359751
48,12,28565598285973051530842102731
48,13,58056067733143142038619247188
48,14,97949940211757629010265834098
48,15,139270077260812508879711793811
48,16,169147063115627773048459398832
48,17,177643370969604568212376694433
48,18,163158915755115420081449342705
48,19,132430410209253642273648184270
48,20,95915309369088567493296531237
48,21,62545868229430590020879602484
48,22,37023751463132382077727387662
48,23,20042682050515285193129786411
48,24,9988460918295404753701198512
48,25,4609226459690333958417270432
48,26,1979296929218287040892582029
48,27,794272474014593339999145100
48,28,298878377235462825966271405
48,29,105745154583028569611120407
48,30,35248509724304105727561936
48,31,11084591636392435419745614
48,32,3290791823142630639389421
48,33,922372171347267490277898
48,34,243934845471744085075309
48,35,60790649905418142289570
48,36,14246070871568872373052
48,37,3130171741679639894567
48,38,642278360953772916502
48,39,122424860650357652345
48,40,21527796583163988968
48,41,3460565479375377046
48,42,502349655667005321
48,43,64759032882231426
48,44,7238872164620332
48,45,676909420888963
48,46,49928883407779
48,47,2599985801700
48,48,72291811075
49,0,362074427990
49,1,3245709829289524
49,2,1595780898870922420
49,3,203369187489437649600
49,4,10705294245880238815628
49,5,293103295104559569502984
49,6,4788820611065029256963104
49,7,51131135315746004222152020
49,8,380458825321362982001193348
49,9,2069293489225386320681472078
49,10,8535038226628550545647402646
49,11,27489166625723664140014419018
49,12,70806105633465171420413165272
49,13,148808883999860975057270689826
49,14,259592926662560729742229116292
49,15,381590180580354841997217122110
49,16,479050138511005211471337545466
49,17,519934094978772693022613587054
49,18,493374960095441212866447463800
49,19,413606226555248004911454345508
49,20,309296837908101068525281986360
49,21,208175437428684452776329388116
49,22,127151972180576534632939125194
49,23,71007950544638864812634722138
49,24,36500405107243628895010087578
49,25,17372855099966799571256473122
49,26,7695962673984840259392444346
49,27,3186945045439562047604757308
49,28,1238185882830228933057572336
49,29,452657468430602894776856950
49,30,156065789931535424698111874
49,31,50828137330628802035350160
49,32,15652963587138302422468990
49,33,4559959443306501981125252
49,34,1256351792707230246464960
49,35,327107146491635336893262
49,36,80361795854917381734376
49,37,18587469467074125487954
49,38,4035161848025100141798
49,39,818816732692442038420
49,40,154476051867448713676
49,41,26905245409959352608
49,42,4286600191635468670
49,43,617095217707278888
49,44,78931499134938388
49,45,8758367941094948
49,46,813316867690798
49,47,59594994857086
49,48,3083798480844
49,49,85224265832
50,0,582094891533
50,1,5431254046729040
50,2,2774915577347559895
50,3,367022651171604252257
50,4,20030544844712413116117
50,5,568124613022506473255044
50,6,9609366157025698406820645
50,7,106162323327317664212371350
50,8,817030895047111395013088680
50,9,4594819296258034723409831277
50,10,19591649685056921738887406644
50,11,65219152444460195355580147216
50,12,173611071126189415922005579140
50,13,377034455940485263107510412483
50,14,679581237039847682281169776425
50,15,1032009043948857986025434958231
50,16,1338229437567623961768890808766
50,17,1499914493457031358970381412493
50,18,1469426015078789378823244479247
50,19,1271378197609410141944302054061
50,20,980916013690996182414037815121
50,21,680930129803876927784218737198
50,22,428814684005416003354569811510
50,23,246834663049182517643707761409
50,24,130756985329834992472879655295
50,25,64131479002203244293631107146
50,26,29276670985262795962185536969
50,27,12496516942539612742389525869
50,28,5006485117601099717699572266
50,29,1888490067103567649304039597
50,30,672376553926617006172138579
50,31,226379353317300400211995652
50,32,72167610048863733529646046
50,33,21799020934271614631748547
50,34,6240006572084699716484833
50,35,1692013792433246978223857
50,36,434163225935926879702796
50,37,105247824580734208599902
50,38,24046532253932143794214
50,39,5161505624268824472661
50,40,1036461947775967422300
50,41,193644996882455271876
50,42,33423513592653378401
50,43,5280294890252627024
50,44,754152850384021678
50,45,95747222416568659
50,46,10549967447676707
50,47,973198752037490
50,48,70860788702932
50,49,3644646973641
50,50,100138319926
51,0,933669931524
51,1,9060340083199066
51,2,4806805810400162126
51,3,659362952876336985360
51,4,37283459449867199984496
51,5,1094734258261345776143486
51,6,19156690120435227014672236
51,7,218843804159053660218790662
51,8,1740874372864654699307825036
51,9,10116508683417056812170382218
51,10,44562298771465350818100395156
51,11,153225757939080837778305539412
51,12,421246099648744788142140771030
51,13,944693024914266225254230646838
51,14,1758129070981007900391535510186
51,15,2756338456301335844599854193886
51,16,3689302022047816667225455016126
51,17,4267269892233486931439297835696
51,18,4313058745107326486606199646266
51,19,3848847195818171914542278503348
51,20,3061649090562606547214845915010
51,21,2190467495087955272376744551424
51,22,1421222938639180456893495777430
51,23,842600937131459578082743918222
51,24,459620384083262713597664129304
51,25,232093267838787225811585662852
51,26,109084332638922096380633908334
51,27,47944129133545702716790147998
51,28,19783982117095347234660155886
51,29,7690206806200310906458050198
51,30,2823406901376575923670667662
51,31,981126485302282815379250840
51,32,323184970205012094415817506
51,33,101012428461034559319210214
51,34,29970197185709635987316052
51,35,8440361898553197753686126
51,36,2254869785390679231445824
51,37,570764296767465011898740
51,38,136642003617781799073286
51,39,30861498293555428290974
51,40,6554095392727964454266
51,41,1303161393762610738346
51,42,241245835449320538944
51,43,41284064121584875778
51,44,6470009929518223732
51,45,917142361824802616
51,46,115617963810370566
51,47,12654411917318898
51,48,1159936138398250
51,49,83948050137254
51,50,4292817438660
51,51,117289110976
52,0,1494231570463
52,1,15068742871662215
52,2,8295454647186810201
52,3,1179337867734927074333
52,4,69045935467644645457412
52,5,2097471865405288043472253
52,6,37948694396964403226237686
52,7,448001137930169087823467488
52,8,3681357617873046990757651659
52,9,22091941977444293068083362547
52,10,100469064624408111743210990234
52,11,356599725100317602745038438072
52,12,1011832103838785325079947260247
52,13,2341710993444834027143704163813
52,14,4496864793913441767750959542105
52,15,7273557141172518690349362193330
52,16,10042419837067886844118916927718
52,17,11979258920079092027963568245551
52,18,12483480562201617002320246951077
52,19,11481959614350880121372559472436
52,20,9410748961575059257233457115687
52,21,6934714276241253980564580963010
52,22,4632523487213866702066890026305
52,23,2826796506321874306293287053122
52,24,1586601315457039019740474084781
52,25,824219555745219960725596876767
52,26,398491026432352261336827349814
52,27,180172599522064235025867956540
52,28,76498133553087193765431988967
52,29,30606793797489881886141534220
52,30,11572665885185079157325040946
52,31,4144647298659173387187346630
52,32,1408417212892402007141937606
52,33,454662248486141514524173030
52,34,139529674164823820038360346
52,35,40715251764194818159429752
52,36,11293769164277064376184195
52,37,2975561073886565795741790
52,38,743648815982870364530205
52,39,175953018514683764871368
52,40,39311502698987002101421
52,41,8265166193083496616702
52,42,1628103350595154356321
52,43,298788911819657500142
52,44,50717165997273578812
52,45,7887994481562085647
52,46,1110160150969583179
52,47,139007595834334500
52,48,15117403423484505
52,49,1377306528835563
52,50,99103630613437
52,51,5039716265844
52,52,136958045147
53,0,2386087072790
53,1,24987933763444252
53,2,14264118179524899654
53,3,2100337939820936857956
53,4,127240159751927213991322
53,5,3996519353788155184502404
53,6,74715403633206492997882662
53,7,910965073045097438654367234
53,8,7728008017470874551861690812
53,9,47862613808137001236016025158
53,10,224592285196965666057509901476
53,11,822363671761613857664987218866
53,12,2406844898579571212705754943584
53,13,5744788135730930693087420967412
53,14,11376176001956108366183932531836
53,15,18972162837800078276623119039784
53,16,27003273240687361170869674084396
53,17,33198813403183611307516112905370
53,18,35647476995952193759173057495770
53,19,33773425761081439933349202072916
53,20,28503460819245364521208280504450
53,21,21619903163411286503370982749082
53,22,14860387838075097743738120972010
53,23,9326933861451211547552800223566
53,24,5382809914429863796471832338286
53,25,2874604336159905947772030096270
53,26,1428522777746527179082960025686
53,27,663868322196190474301315651684
53,28,289747011616461718385706975982
53,29,119200185061088264825392447408
53,30,46362937941456677683162049974
53,31,17091023097161841201392642388
53,32,5982770610398243482603907688
53,33,1991536671101161145235901014
53,34,631002903571534423131267716
53,35,190385887795123001401921100
53,36,54701856951749923981388926
53,37,14960102072791242964028246
53,38,3890652259167238008278978
53,39,960790485705982524725140
53,40,224834999107069614870182
53,41,49722005599468824027062
53,42,10355225949651445625650
53,43,2021867262700982793878
53,44,368003525266404500934
53,45,61985097069159295388
53,46,9570801687558144956
53,47,1337828115004655492
53,48,166437248383766362
53,49,17990076784324854
53,50,1629520205671850
53,51,116601655921110
53,52,5897965644804
53,53,159455408452
54,0,3802051920814
54,1,41317658431361944
54,2,24440664977646126467
54,3,3725030902100940034093
54,4,233365640884533733251574
54,5,7574225279099911066717899
54,6,146231955038430640362973343
54,7,1840321810363864872846706374
54,8,16108228390122569323445127080
54,9,102903496393428246613554889181
54,10,497940509548257836749647992630
54,11,1879809327531668610854217433898
54,12,5671517248033781182778851377644
54,13,13953035255242924382539005605869
54,14,28475910609630997007897788522381
54,15,48935246793696512627308601308695
54,16,71757879413157165097738752691157
54,17,90872278829487528176867831930112
54,18,100480243505906830928634224129112
54,19,98002449291192504408559175715685
54,20,85117394399054494367590016900597
54,21,66415563950932607316530784705718
54,22,46943306457557161323259455864589
54,23,30286377411680101994752674420483
54,24,17961237502867534020909893096026
54,25,9853834554877507001282214518197
54,26,5029594864007612295596326972210
54,27,2400553694330132365049522729042
54,28,1076095613881401921589357921264
54,29,454768071277264024400702258703
54,30,181764511630597314782153410852
54,31,68888296123681339047851636082
54,32,24808947110868694448606862080
54,33,8503413160835098208257785713
54,34,2777114685784446775029086532
54,35,864789148181860952945200883
54,36,256835253243607953730662766
54,37,72736376829964313945543185
54,38,19630628437603240600225226
54,39,5043513399580471854127709
54,40,1231572999671210575908682
54,41,285220575461098690671045
54,42,62470743693591766897004
54,43,12894071215593228633248
54,44,2496587246988819196497
54,45,450862601947754806600
54,46,75385606581535000228
54,47,11559736169571081215
54,48,1605346225241933392
54,49,198490826541442000
54,50,21329504395630478
54,51,1921259017297202
54,52,136745873082713
54,53,6881505118392
54,54,185123370229
55,0,6045482962850
55,1,68127582316586470
55,2,41733495542824127036
55,3,6579765226496564799588
55,4,426025566318130878374788
55,5,14280179003871483108200182
55,6,284558151872473396937726152
55,7,3694386002668427135325730376
55,8,33346101139520485167727426270
55,9,219604423312357306363486156346
55,10,1095206839954114203533272398288
55,11,4260462238755119605799449680128
55,12,13243366544467312125900546771622
55,13,33563285334194779923290157990612
55,14,70552400062624799240164059456536
55,15,124862119746535049070110767011864
55,16,188528982015081752353174435397720
55,17,245780846465620839885323577594626
55,18,279701235461286956503882365369952
55,19,280683201338178729293530919944132
55,20,250734353867563005519680952493804
55,21,201148980375330377719758446740774
55,22,146118044968858457267452750500926
55,23,96848281318730081712496424080094
55,24,58984802809704248675735201992056
55,25,33222812869670862524547018940050
55,26,17405731114056638620964057359450
55,27,8525920208425819515762455365370
55,28,3922315839313206693159712125564
55,29,1701334247678795732715829254502
55,30,698108102792595578211690514060
55,31,271733441497521552068688234982
55,32,100560809083063746530472570974
55,33,35444472969258461893810038514
55,34,11914474599993250532919977216
55,35,3822911439412869681277737454
55,36,1171423025969350595096872510
55,37,342818955110783668732420650
55,38,95786012388931689893393502
55,39,25532757382138686669949972
55,40,6485297045144602087777620
55,41,1566982674619693991914882
55,42,359357160160582904140586
55,43,77994236813697604205226
55,44,15961893577246015424634
55,45,3066129590673878482186
55,46,549609393187826097974
55,47,91255651068176445868
55,48,13901335540769317854
55,49,1918548952493870508
55,50,235820917743647436
55,51,25199235208957424
55,52,2257717714118868
55,53,159872168227292
55,54,8005699370298
55,55,214337970416
56,0,9592751561127
56,1,112026509646752117
56,2,71022940530445282945
56,3,11576531305413778568041
56,4,774242566142613356873300
56,5,26787581791281538408745901
56,6,550643259116238809141789542
56,7,7371058823719243531720250674
56,8,68572649983993284369806170243
56,9,465296555244285717052095769727
56,10,2390345901384945428997947663602
56,11,9576615715002118690216900849076
56,12,30653119828711059419314410901284
56,13,79983512303427835430560989029348
56,14,173080487422396583879573825661302
56,15,315284917327175435159355517659611
56,16,489905130299094223533122713967858
56,17,657132470149207956522487731549050
56,18,769238681532019122246685589297044
56,19,793808519679340412342885478512189
56,20,728950048665655798205616414634077
56,21,600929412964142034736369083320546
56,22,448393964471167458781150007904256
56,23,305159213667323812433336630946721
56,24,190761664518106261089209122993616
56,25,110245476963538040120215091322189
56,26,59248289422679247207991428023366
56,27,29765072521124258629544850606332
56,28,14042929638916866988460072283863
56,29,6247004854368875828216046087520
56,30,2629326230664942183396986186528
56,31,1050113124928564773255350807820
56,32,398921460920947471024661466651
56,33,144422231412134956309899379672
56,34,49902227415081460932676625128
56,35,16474354998485785537751443842
56,36,5199850906678604757357109181
56,37,1569611044902806022897633331
56,38,453076611099995732133810749
56,39,125003493580775412419409072
56,40,32935304623265609052121835
56,41,8276016695462676809233824
56,42,1979820143445326656994072
56,43,449846659768904931094005
56,44,96794882896932173250584
56,45,19650481947949358306473
56,46,3746285013578337074620
56,47,666786308042023510492
56,48,109975417607086031196
56,49,16647887592093805177
56,50,2283965723926845300
56,51,279155106192561339
56,52,29669869537700311
56,53,2644647943906045
56,54,186351246137079
56,55,9287452501809
56,56,247510973914
57,0,15190477074088
57,1,183720082634973816
57,2,120473483855682987696
57,3,20289884761949258555420
57,4,1400925403542881760833630
57,5,50003451239542516814429778
57,6,1059767372808690498243232868
57,7,14619590204186900865148747238
57,8,140104585189755624459866351762
57,9,979020716620480211840211751628
57,10,5178160370202788416733845561082
57,11,21354676862136272474921208551412
57,12,70347790679593522314160392573688
57,13,188889765880690336809047086463132
57,14,420559850511071204692335350788098
57,15,788115974549948171889122964807030
57,16,1259597482872484351617622819319806
57,17,1737466693292388745727005368962414
57,18,2091034418529316532947495345312080
57,19,2217815293372379547981566977994680
57,20,2092526885653166054512784719288700
57,21,1771735144997606647064412834292048
57,22,1357267556550988674909397684306096
57,23,947956425010182909455910014533658
57,24,607912916887246745712783331733488
57,25,360286045249844078008485911884518
57,26,198505175664819927648813092728050
57,27,102215913540091711920075267332430
57,28,49423251563744878892201784442350
57,29,22532012417241475311621912221192
57,30,9720091472419029316842402844384
57,31,3979764625112360075003194964360
57,32,1550456825555012760142520325762
57,33,575935814605941440047483578134
57,34,204319342457517545387157071056
57,35,69310452479402064447676518260
57,36,22501339846279052545113800440
57,37,6994320550160495735950888316
57,38,2081908643146455874288294604
57,39,593270715737963188476860658
57,40,161754505696813035334933894
57,41,42154312088245620397908552
57,42,10485733445115445488762356
57,43,2484932324242681222743048
57,44,559688824454743271903364
57,45,119448675730845482829366
57,46,24064526126941659774872
57,47,4554976490324513182238
57,48,805265990806247802424
57,49,131972648805380956828
57,50,19857984873872492054
57,51,2708885596244289686
57,52,329302712803923496
57,53,34819671574249146
57,54,3088405018300964
57,55,216591447386992
57,56,10745329048944
57,57,285093204274
58,0,24006695766722
58,1,300508520980432569
58,2,203703466537709824548
58,3,35428869101625821345590
58,4,2524067942489060183310574
58,5,92895001744224431421709027
58,6,2028891022892664580624240229
58,7,28829231096106407901100212070
58,8,284467085995475521768155567071
58,9,2046058173355261479195406145982
58,10,11136260360778601737296447905176
58,11,47250561487727583071293094028251
58,12,160118600365357509860204446522443
58,13,442194338308616343369321016282368
58,14,1012475835931225523027113827137194
58,15,1950896884959403981211753930953124
58,16,3205453029399052785598656582226465
58,17,4544643025185908387064152117251290
58,18,5620369534808847931227291404249451
58,19,6123855641687358021369723667122891
58,20,5933664881376098207705717124682746
58,21,5157548920224989928889914519609359
58,22,4054444899088287732646265265598098
58,23,2904691209909758553026684987504764
58,24,1909970570711233020851281138937498
58,25,1160238249591478050255365281488792
58,26,655010429995358719472668432446617
58,27,345512140465824846572806067445637
58,28,171108989217771562491982470195563
58,29,79893001058829200728941514659191
58,30,35299101769593719656233265264576
58,31,14804814625307583822615698772376
58,32,5909881877809332204794131571048
58,33,2250320759074863718906274483062
58,34,818781922913059456357562660815
58,35,285066570715247391773718187061
58,36,95063278717027992185451456483
58,37,30384234356496833278538108231
58,38,9310759442613031616506944767
58,39,2735329196961772802067034790
58,40,770125066481501330747092368
58,41,207648044050527349442173423
58,42,53559459333156857375814751
58,43,13195857797862660083914847
58,44,3099465916727844777183612
58,45,692328450928436041833445
58,46,146613580813011520454499
58,47,29323027145096330609445
58,48,5512483448798744547956
58,49,968284756920460260910
58,50,157727284208359160817
58,51,23597118431249312137
58,52,3201426338309183888
58,53,387161979379713532
58,54,40735221018685078
58,55,3595997564609170
58,56,251041728070892
58,57,12399681994569
58,58,327578355860
59,0,37865344288710
59,1,490282695274926980
59,2,343362766871291334236
59,3,61638656969075973953410
59,4,4528812063094911972103746
59,5,171777856824895981187407290
59,6,3864370615552047346007562562
59,7,56532051612345893913782103214
59,8,574075101014965227748097283562
59,9,4248097496297507079629823406248
59,10,23781897729642120226260640973618
59,11,103766228567751297265357256475098
59,12,361542063788955593465505483294464
59,13,1026439071983283558182824270140364
59,14,2415714093769900600117521841971616
59,15,4783778707374616036492441791574590
59,16,8076603252680373516363199814899738
59,17,11764005417115165517854741462561692
59,18,14942842513087479419129505265674714
59,19,16717996021813043127875483241261516
59,20,16627706777348109953304155554446986
59,21,14830136194129456080875632922539934
59,22,11957916617606235873832043953815360
59,23,8783549933654599731750262265895874
59,24,5919265793617605663364546840931422
59,25,3683785472994454742472173365578344
59,26,2129877319035611896649025556346230
59,27,1150292613239195279729525214992978
59,28,583134816446627306009936085682446
59,29,278680908129186341585173226536742
59,30,126025640623934351331366104139382
59,31,54104854333623678857417908022186
59,32,22112657991037543197523950950140
59,33,8623401375064748653935713299010
59,34,3214936727013493758597020705176
59,35,1147562306093679351513104711480
59,36,392632081219702756756358913700
59,37,128868719471376092615745990094
59,38,40594352714296580136608587810
59,39,12274557859395982380006307620
59,40,3562022456959947775606136086
59,41,991578177945205807667017338
59,42,264569897551627214109455232
59,43,67581105449034106811918596
59,44,16500573848177786355256044
59,45,3843143714820950403740274
59,46,851706659993648722351554
59,47,179038605636034173384262
59,48,35560820065461611946634
59,49,6641683182151757205518
59,50,1159478503508794231462
59,51,187776433165225751952
59,52,27938312492635701094
59,53,3770608122155678744
59,54,453727716100321182
59,55,47512105062796368
59,56,4175140179038194
59,57,290194844008648
59,58,14272788044568
59,59,375505413646
60,0,59609513321666
60,1,797903272435268198
60,2,577016327194987287931
60,3,106857991101714665560954
60,4,8093041628583726982870673
60,5,316212113782170519362258396
60,6,7323719330068504628142889053
60,7,110252448973079114029549586672
60,8,1151694938680763688771138559518
60,9,8764025076052159437392502176210
60,10,50441322112564612379628285332065
60,11,226223255820416322940111200636604
60,12,810039744933816949694642124612278
60,13,2363093672260073821303168190285535
60,14,5713876193208614737357414746985943
60,15,11623283246080309479625080705930633
60,16,20155156963910183422940364694979606
60,17,30145829655555623531494629589455486
60,18,39311417886725057262310627649491019
60,19,45140232386417855983083845825129036
60,20,46064668219942576714881331321288495
60,21,42138746209975650148442444168546039
60,22,34835686892724483913142613178792674
60,23,26223767871503704909185098497776063
60,24,18103900010343502027767040386982756
60,25,11537410107440124686404453124693768
60,26,6828481045671416957085329499437329
60,27,3774003235542616105031852183464029
60,28,1957429251828136807373977455290003
60,29,956933419430892816188024030752623
60,30,442654660716138234001243954189689
60,31,194397948886892062555174956071334
60,32,81284856644537969047865297400609
60,33,32439417248304162064678162356174
60,34,12381005490487373598532659787884
60,35,4526529141755672429961337222654
60,36,1587278121905125935618757409620
60,37,534349467639814263801553210642
60,38,172802877549842426396092023111
60,39,53698972149796755538509652690
60,40,16035292261512910476069142774
60,41,4600027475831276891318908288
60,42,1266952724659898866814438988
60,43,334719468359597293214373552
60,44,84718001360192135303212782
60,45,20508393245836872945422196
60,46,4738565061491978869768552
60,47,1042316476176837872632051
60,48,217573601682329248511439
60,49,42930215052763330369226
60,50,7968310332258913754569
60,51,1382921213589898883330
60,52,222719694563792451521
60,53,32962801950755869702
60,54,4426432020807979134
60,55,530099431832913201
60,56,55255652615774983
60,57,4834309199802523
60,58,334590724213210
60,59,16388990443656
60,60,429460894138
61,0,93663036969118
61,1,1295362117844657674
61,2,966794325223625073866
61,3,184610715776835714710192
61,4,14405502702147538854753768
61,5,579532711049222977638165528
61,6,13812609770814757737852962770
61,7,213884071312240372817422589246
61,8,2297258410552025319197420869252
61,9,17968994379441142515428669429426
61,10,106278291231218710705116842788256
61,11,489714574759278218722590143773734
61,12,1801291104790099724926606062899908
61,13,5397137056832459604094472428701352
61,14,13401548317965186608501518149206768
61,15,27991712875434341894434698131137616
61,16,49830035860508701222190515085366190
61,17,76498490810628517896109806189500766
61,18,102368395441840825969151356466796686
61,19,120591250160266279373317921504279370
61,20,126208791279160113666519973983404824
61,21,118364240668464501911199227418459056
61,22,100279941081946529871539654835043976
61,23,77332151678703783093536887349417954
61,24,54668165364180345131027469886894404
61,25,35661127675246778957477475940637864
61,26,21596084256560179875845287229094418
61,27,12208921881052707827751826372014870
61,28,6475482201905844305746035738822042
61,29,3236667563905090154555123516149646
61,30,1530622427647461386372502915684858
61,31,687192088842485863908905564613596
61,32,293778144200702668069872263611708
61,33,119892352224874077009782448987806
61,34,46807499257409875951498579044908
61,35,17512481369014226333155983327350
61,36,6287697013048292583041039854026
61,37,2168742839074412552143344129950
61,38,719157283011157111266356244104
61,39,229370875689288595232706217356
61,40,70376365952981732893695475288
61,41,20770320466678159560021591184
61,42,5894105267476283954571151796
61,43,1607142087446685362197226894
61,44,420650141408251268363769862
61,45,105545713637413064622871964
61,46,25343846576478053717174138
61,47,5811531809285852300427488
61,48,1269262943054815233499174
61,49,263179836385675701916876
61,50,51602762672227533484602
61,51,9521235323315091643012
61,52,1643166175782348392764
61,53,263224839208124284002
61,54,38760754516263474274
61,55,5179963513774686240
61,56,617489967150624490
61,57,64081712905250690
61,58,5582801721068902
61,59,384819999726430
61,60,18774849601056
61,61,490083031838
62,0,146897523271084
62,1,2097934262861450781
62,2,1615179850899917008059
62,3,317862564305734163795888
62,4,25543315212818810979118847
62,5,1057584134786817549519278859
62,6,25927856274608476140577001576
62,7,412788248224979408272891864688
62,8,4556739746551087945643237155777
62,9,36620961708321643828447540719499
62,10,222485732535656274799033252788933
62,11,1052837701252822546221405104044853
62,12,3976366826988100718213372834154749
62,13,12231579049577696500493618550437504
62,14,31176462476790886783296596263174491
62,15,66832694955970479689001031372352177
62,16,122086270424094797300574473104500629
62,17,192292444765947665537772895313353044
62,18,263944117499483270884082127208020916
62,19,318848612362641074516583347468025351
62,20,342096625745781542873602062485525059
62,21,328791555889510214437828155041149495
62,22,285358668170902253002605362241176732
62,23,225340763486627064987412089961938845
62,24,163056662053026687702172714059722274
62,25,108829872929909943914985834278454226
62,26,67408087039400166185578663378296917
62,27,38962850756703731647060573834369793
62,28,21123142575795421617160191682580786
62,29,10789561595132746651684831045196100
62,30,5213550022743249124802904053831310
62,31,2391561546299631018912257263076057
62,32,1044670505801686323114624320522212
62,33,435681040948046756965675859546662
62,34,173866124833534577077025047981835
62,35,66515128337701490929465492354106
62,36,24430713667041676659976494216737
62,37,8625277036517684427324127245811
62,38,2929617985194271933953390505178
62,39,957868735247454588609984686359
62,40,301575042189801433797999352314
62,41,91432533787458152108005099093
62,42,26688762682782981378702488446
62,43,7496656614261968366846323295
62,44,2024815113166607070237697827
62,45,525313424195918735124344323
62,46,130725802166868359079556933
62,47,31149320008243848310504571
62,48,7091401187263440517515836
62,49,1538328014058536656637084
62,50,316941374287758412554469
62,51,61771149524276303193814
62,52,11332762645266590105727
62,53,1945290044121301519899
62,54,310033870925679490349
62,55,45432039464287124312
62,56,6043421211017589880
62,57,717234650357908453
62,58,74117479905055472
62,59,6430797971062100
62,60,441527720601442
62,61,21459301799535
62,62,558066542149
63,0,229968452746698
63,1,3389798892875319394
63,2,2690772787966050085088
63,3,545493336371141499268558
63,4,45123162988938726995497156
63,5,1921926202775246139744262816
63,6,48445960650382764016376887522
63,7,792673160219353722472306855908
63,8,8989507032318070043702725311538
63,9,74198126399420739351659595086062
63,10,462846415565817875525783642926064
63,11,2248414735455337649452560437181360
63,12,8715742277835512377334029202530894
63,13,27512824477314382290717097919716262
63,14,71953188598676698041805061475973610
63,15,158240500381746950558070715063722204
63,16,296503683809102993862216294102484304
63,17,478937687609355193322038978631533084
63,18,674042608812692900021381182138676780
63,19,834655014125811358208750568306807324
63,20,917675627565866764069702472721346904
63,21,903509129669297174184264507504284454
63,22,802995258343015961250412492753039000
63,23,649081489308645204115403609048345372
63,24,480571022127326184064702960365524768
63,25,328057358160054053101061976246909516
63,26,207743501544822895102712020249707992
63,27,122723065405985103541621999935710904
63,28,67976968500845752179726143952904078
63,29,35467428934279199684460113072935330
63,30,17502841637868424007205580639708892
63,31,8199120610965938608552465428850428
63,32,3657422125223711849086000564799802
63,33,1557806673281696125671817532954194
63,34,635023032463513248104456282122792
63,35,248226315417879436963746632525874
63,36,93193168762651009764727884593548
63,37,33647701444890492893659064979520
63,38,11694731103080877849264902734136
63,39,3915581323749998891011635696486
63,40,1263473965789949665020909080338
63,41,392990903093428189305977872560
63,42,117819751898884063276958487920
63,43,34035894955082593462957055966
63,44,9468730615925132156348470564
63,45,2534640232280998886216039572
63,46,652107083839012049571272262
63,47,161015795233843773416407154
63,48,38087045271814029133153740
63,49,8611467012413476135523162
63,50,1856040464689076117586358
63,51,380077307589700080407492
63,52,73651230467843781074684
63,53,13438949907691381118522
63,54,2294939865394327722152
63,55,363969482825595084290
63,56,53087044934595139066
63,57,7030271012489987558
63,58,830800997222727612
63,59,85502363833560582
63,60,7389427179667342
63,61,505417314911798
63,62,24473826277260
63,63,634165522150
64,0,359371207659351
64,1,5464597883240636163
64,2,4470230664542057137979
64,3,933126900248118297684783
64,4,79420891953682308908500042
64,5,3478472680904728455982729950
64,6,90115528051771110076664514862
64,7,1514731400969528834842583904112
64,8,17640757895802658381592466196725
64,9,149479486570284827959266412702514
64,10,957024218548641720304628190236355
64,11,4770546956595384854793261242290645
64,12,18972475398363645427218888580465150
64,13,61434721377765002550579508752329298
64,14,164787163718395087085640482854834382
64,15,371638408738832977451465783832624658
64,16,713990485246844291023132725968279101
64,17,1182281721444669901881717189570477635
64,18,1705359676653782197014302915539941549
64,19,2163781839353259501563059969345360703
64,20,2436954008136429678633670605491275710
64,21,2456965393821243870377828832705262446
64,22,2235266016232540042391187780647838966
64,23,1848820778122048763556759520770419314
64,24,1400088183735913115344429466470642048
64,25,977174324419709076634849380659147852
64,26,632415440829372117883987432358932168
64,27,381676200954412634170291793573229074
64,28,215915980635199209021341973930105164
64,29,115024854294828261950823275407717672
64,30,57946019331586871080095054770454993
64,31,27706532647907875232535468316388430
64,32,12614558271467695873304716832476430
64,33,5484185432289705261575521784346821
64,34,2282170488168763729958382766582838
64,35,910888135521899240075556655707629
64,36,349301092300132773917657679749633
64,37,128870306544665784161810644210996
64,38,45792784384213484021889769315822
64,39,15685103387760743716301081443857
64,40,5181638231090481182405677148699
64,41,1651477421968029130688338704437
64,42,507851552283132944897563763449
64,43,150657070052839629527758250842
64,44,43097982455377511568936163923
64,45,11881129750443305176292942383
64,46,3153530113332646741628440778
64,47,804927514989835247008774698
64,48,197280006798564512410154981
64,49,46341251258332470577968894
64,50,10409370720901240211350503
64,51,2229751078239572300048852
64,52,453954877272010027096996
64,53,87484203831254669390595
64,54,15879948605319058262250
64,55,2698383204195820048859
64,56,425941925522695807444
64,57,61847545786432284600
64,58,8155325917908487027
64,59,959798975518563288
64,60,98388911833934250
64,61,8470837063110087
64,62,577254766863343
64,63,27852620978562
64,64,719196117785
65,0,560599467678428
65,1,8789512682993098984
65,2,7406379807924131341672
65,3,1591202420179602709625772
65,4,139290296035489315538209434
65,5,6270671132636658212252812616
65,6,166894358883377512265622529590
65,7,2880753129249194939274541249924
65,8,34439597113485283209519151130522
65,9,299475286897930899940785688110950
65,10,1967121173913581790522217018675160
65,11,10058037877216195657855322768822134
65,12,41023025004268407061393413197930542
65,13,136209357137329866445517133682494212
65,14,374576957879772230792237126136055862
65,15,865960355686362072658647134593662304
65,16,1705139868027066787052980912659127250
65,17,2893345239289799843251625677235363414
65,18,4275786107042367355314451369628755190
65,19,5556839721039580889394209834514222970
65,20,6408450155788303869641712780109315972
65,21,6613873401858626162755186204741059440
65,22,6157176439075368792667857778349072048
65,23,5209244448509281528312096814653956800
65,24,4033546131148923494601043766255397030
65,25,2877248947630723337591246004189363902
65,26,1902426436552548997463430017942665972
65,27,1172566492620214814689316846291460724
65,28,677201696543997134071869122777498296
65,29,368206971384604743593722416429880376
65,30,189275372870921027547406141299075352
65,31,92332903930984505866280719572885338
65,32,42886143569025074137348617762391710
65,33,19020840206339886919652540823311624
65,34,8075638604038522677458553293231986
65,35,3289133095166968715237428513396514
65,36,1287416915254284596468116487067292
65,37,484987236116631623915549953128640
65,38,176047367532674660527297970292834
65,39,61633271479331747715438132892242
65,40,20824594016045511279521294665626
65,41,6793587460271648146902112224360
65,42,2140272925859412520732590634312
65,43,651140990875763960039082702174
65,44,191252886275855587733008021044
65,45,54207580918413942106455822642
65,46,14815617393992354896998361142
65,47,3900908068132880099892237968
65,48,988226578822612530878590054
65,49,240501241959635835877014104
65,50,56120485736927139238199672
65,51,12527543731833657340798066
65,52,2667713363274745081142456
65,53,540103526929111733656898
65,54,103538936155805552698234
65,55,18700367557110013772408
65,56,3162561498690507260328
65,57,496956304507115570228
65,58,71847624049494130886
65,59,9434851703377174868
65,60,1105991855876532532
65,61,112943780249946372
65,62,9688267055891738
65,63,657872967893382
65,64,31632787262784
65,65,814041706618
66,0,872990101116958
66,1,14106298739570724957
66,2,12238566196705850680641
66,3,2705045795223497375932492
66,4,243441293177656013847220379
66,5,11260421762245414459926629604
66,6,307772988852031096345842524770
66,7,5453275232038498581970536491007
66,8,66898374135141959438702934614665
66,9,596751592972181715326652591990078
66,10,4020029701654082253584473905345668
66,11,21075841297755560674753680671051994
66,12,88123991111521981121593625754523259
66,13,299915312615928941791931981365029268
66,14,845265288361135140626234775731755509
66,15,2002375507386597977512988980976623019
66,16,4039560697575674311414140095596556975
66,17,7021401235107490644950903680738770301
66,18,10626734255668970746652131405438339616
66,19,14140614061272847764877019907189565579
66,20,16692823931788401237947934400072815332
66,21,17629183017260654232118103818610391222
66,22,16788230387589337842551649763452848643
66,23,14523780878678307286000856466216295430
66,24,11494748496045933286991507566694481659
66,25,8377603029173547577582991777841642727
66,26,5657245650006659082535225879998245853
66,27,3559780217364376998624738483671063013
66,28,2098170569330271537468900609309906214
66,29,1163912997564052342751336875029752865
66,30,610269770634087971634311469202929935
66,31,303602511795047755902831352775170147
66,32,143793749351668282040294005550164111
66,33,65029890881297195045261722098278109
66,34,28154074666925469812901369236520882
66,35,11694543512572683285165215396899389
66,36,4669296504247961288859989955662787
66,37,1794830693265062095392083573158843
66,38,665047843015673288010626504059266
66,39,237781582796497167999133743329774
66,40,82097673327862917857402920184335
66,41,27386798145563725209878231208377
66,42,8829652894815414320851252293072
66,43,2751559134653145786422689451284
66,44,828697047281367300944262471935
66,45,241129734712263097731516231215
66,46,67749335407678928941512311307
66,47,18366233923908433578709236608
66,48,4798997456114912801428514110
66,49,1207073159894829445833592939
66,50,291793437818794179126604025
66,51,67660115910718076299628597
66,52,15013682693543295147039124
66,53,3179170067277398777211408
66,54,640229932435368421959020
66,55,122114443163385802427621
66,56,21949660001930117992668
66,57,3695146782867920887024
66,58,578120324137079394613
66,59,83234644052885368934
66,60,10886678693559963490
66,61,1271307670848532993
66,62,129348759976358681
66,63,11056125422510234
66,64,748176283253528
66,65,35854523863545
66,66,919658767387
67,0,1357142968509438
67,1,22590287246352500072
67,2,20171028906069782833192
67,3,4584775769289778167111418
67,4,424023466857043542185119232
67,5,20144221861582568582798457862
67,6,565211667239920727534797790988
67,7,10276367775506302576428203770968
67,8,129313711973205713113529577727416
67,9,1182876021219560848725909887940526
67,10,8169251845143750178613299419624874
67,11,43898855310469835293383013758025634
67,12,188104298973480614747650384588094252
67,13,655948251213999472463235554277702978
67,14,1893935814377725223601788164446896560
67,15,4595729536946966103547201477203088712
67,16,9495361751823695704151530081634702726
67,17,16900269225804082737913442341499137668
67,18,26186344294882335688754888441554361260
67,19,35665411680310351891230410182479106752
67,20,43081965286109750384904039079475501296
67,21,46542631379323250468572651580953685552
67,22,45323916447588336612045118864004627096
67,23,40081446584571018578082001907186502886
67,24,32413971324493132332953656848246576486
67,25,24129306785081666700918678639230364350
67,26,16635912867424655526744571068094459064
67,27,10683475152751109169790294982429722982
67,28,6424243292163894228140906039059653104
67,29,3634593029354775528340944389290960124
67,30,1943104751897573082246987526401463258
67,31,985440096447160003666717954812433488
67,32,475725075721627416189534240294570568
67,33,219276524538001565055688248658500992
67,34,96758260244249518802220786368348060
67,35,40967179861035603125417420647742762
67,36,16675663204795182616017377683826398
67,37,6536454154966080920219584258557542
67,38,2470604025634117491901596395355376
67,39,901450491606938238383737347165238
67,40,317781646222963084909862570377596
67,41,108301747122382184734388217738654
67,42,35697661140476272393714771842730
67,43,11382293311542044000283381259750
67,44,3510798179733567368912146599410
67,45,1047324509299727389601472738730
67,46,302051426148476053396456165382
67,47,84166306469717016598047148792
67,48,22640727705370479493840020418
67,49,5873135370988876601196250746
67,50,1467219694294095995555697780
67,51,352415288178858115942922998
67,52,81225016747403810657987640
67,53,17921259199712881469992240
67,54,3774445757029167560048054
67,55,756234051531157153591302
67,56,143542533785668141662114
67,57,25682535354791450710954
67,58,4304601913861461964016
67,59,670652496063530407930
67,60,96170284354234636056
67,61,12530319864928961712
67,62,1457851304488319694
67,63,147801856096141898
67,64,12590070383467218
67,65,849145402526438
67,66,40561330408320
67,67,1037080309970
68,0,2106267980183661
68,1,36100140076779852552
68,2,33160574800387800934367
68,3,7747909770454760101917682
68,4,736107808236250736248452301
68,5,35903762890300255355912735510
68,6,1033776519224462517738716145842
68,7,19279713329824510422445728528131
68,8,248769823792554403087389802966029
68,9,2332680561090320846751428759996427
68,10,16510201347393980759213268883181500
68,11,90904458734488740159649214307188848
68,12,399037247246496752457614704111919400
68,13,1425269077532246640509251689925856577
68,14,4214440367818944775511266886405383958
68,15,10471577705753350547902210194959623382
68,16,22150551225850171173955452841263235345
68,17,40355917065738683818143860726605493049
68,18,63994642130227458730574865289891964008
68,19,89180976111701733273352135891160602319
68,20,110195136622796465746848524060708134029
68,21,121738890907663948639251176976925708894
68,22,121191256981996250646415888694712220607
68,23,109519911529026356722175459050874561015
68,24,90472781554065603807740995748576804135
68,25,68768730246602115376081082035684967010
68,26,48392420000828552840679921903387085893
68,27,31707150874404025886628695280068465183
68,28,19445587971937577126797221259283598674
68,29,11216724420844432741623273771317628924
68,30,6112167019294760781424867292255581867
68,31,3158785259074950900563611959193422747
68,32,1553697054019326848094506061324357462
68,33,729595103382970370035227677588202540
68,34,327979950935428276350809145737914011
68,35,141477296424565177515517793975757523
68,36,58678622583079431414584113724099990
68,37,23440839987029681249939502314221545
68,38,9032134232690200787306240091505964
68,39,3360799021399261991141748696082870
68,40,1208749361142684482156598181763913
68,41,420514443199709994992055978420609
68,42,141577571421234218789016236519511
68,43,46143202355617675140205440445545
68,44,14560202587748718691001463348072
68,45,4447720363918342039869097007251
68,46,1314919119623558082519048527608
68,47,376052684995264366661156827998
68,48,103966854613046925235299660950
68,49,27762107439318053961480667138
68,50,7152111927508940294674274282
68,51,1775173929083856837699688776
68,52,423784901725009033238066297
68,53,97112456237712285881493474
68,54,21310065599970191537199551
68,55,4465045742450586162598770
68,56,890226238391515570973033
68,57,168190624238594107488886
68,58,29959396648107950443201
68,59,5000244445697224944862
68,60,775890830305102034094
68,61,110831628631499801569
68,62,14387095510772405613
68,63,1667917235159791338
68,64,168518424166120609
68,65,14307095392303651
68,66,961842441361023
68,67,45800220814980
68,68,1167419007577
69,0,3263511175843898
69,1,57569429840659609260
69,2,54379502078734611902542
69,3,13055743372187122856510960
69,4,1273741169746223159917923284
69,5,63761717885145595177053979616
69,6,1883296071236855538662038003366
69,7,36015228821538727480098115792960
69,8,476349148754102900506582458255632
69,9,4577166714293427485650403938681922
69,10,33189379803062540713526240199415868
69,11,187173851766475125340452289121240752
69,12,841409337336807132960549571138701836
69,13,3077189991180017406895382349573822272
69,14,9315274525225219722900742797076020832
69,15,23692015426412393840765135125057437628
69,16,51291047101314096513915305282651066082
69,17,95621985235141988969159372070369135784
69,18,155132922151415508823440050118658822270
69,19,221129065537861294553376630840907852404
69,20,279407351674268008781998279732338850752
69,21,315558049767774299630014064794155241186
69,22,321035443800041308734456973966600161036
69,23,296380757391897829138619026894477404522
69,24,250024608505173096856047212767014226346
69,25,193994648016613790347587438150549960028
69,26,139294644840457706385167374924548019612
69,27,93089537503495466019680920308258922740
69,28,58208830826920623637152135812604717776
69,29,34222367935778744533755281169849875870
69,30,19001440736944283137688927303948328544
69,31,10003514895140285249875876783618800800
69,32,5011406806087540363124658588002376978
69,33,2396533257614207525171586250426123516
69,34,1097068775250285908723991659009253184
69,35,481909447090313774980965864500423482
69,36,203558340237077748371541288126598070
69,37,82828967151513738840073492481618546
69,38,32516328644953108193978144744768048
69,39,12330779904818678463604566357858212
69,40,4521575656024906070775646168548838
69,41,1604514930398127938911405662673638
69,42,551324363213546719100926364679582
69,43,183505875752991490444108611241250
69,44,59178061887049413786492681669814
69,45,18490513204121943663618738940666
69,46,5596877888498585632424320291510
69,47,1640603106116311523343288761012
69,48,465471430757524161274530462040
69,49,127732114924708246522192042490
69,50,33870322525917863807663725676
69,51,8668536500837922945979771212
69,52,2138276179664388974630334982
69,53,507495544557753283437282630
69,54,115655186952198143838855698
69,55,25246798566896115388669620
69,56,5263761626783375977129710
69,57,1044545469212777318376882
69,58,196464729272078171459450
69,59,34846804703115395149058
69,60,5792314293628768164238
69,61,895302027561550572892
69,62,127412317740417609272
69,63,16480264700022238292
69,64,1904002954678411714
69,65,191732365878595482
69,66,16225618703048522
69,67,1087416233325730
69,68,51621946873368
69,69,1311873532918
70,0,5048373170159169
70,1,91619463558311117451
70,2,88958913028663826585761
70,3,21937940710011080852743623
70,4,2197051861807360196501687875
70,5,112835602467454041525300358439
70,6,3417643715027266058841431537643
70,7,66994726143563889207960096865642
70,8,907979681503757755633120121747697
70,9,8937507481946760725035190693030389
70,10,66371217775315392504029380239763073
70,11,383261171438671962865357685823326189
70,12,1763788700137814411797376310687874537
70,13,6602564438306610708296039970642124921
70,14,20455392592400744489554475399281890821
70,15,53235834911029547585433349885291734013
70,16,117914483683631654520276423889899220864
70,17,224871472105440315861106372335384922394
70,18,373120923279190670734948529378530407254
70,19,543833772577834940691292488408161566559
70,20,702464206392733268643191993370868723022
70,21,810788410984031797998502634204769367376
70,22,842720754107773361319414854014367941504
70,23,794565590082659424133887156775419823291
70,24,684300563760638145686215715344087372857
70,25,541833917692220873102965620316802092663
70,26,396870028268105073995374459490250694062
70,27,270445514355725085861513578073487014539
70,28,172372569331366751185690337498677991926
70,29,103261365028854124089197577614447499811
70,30,58402084747635974708433044019265017770
70,31,31310863681094282191742193354808346303
70,32,15970310517867967274096015866091026636
70,33,7774731424311648537056052979155659117
70,34,3622837072597933054533374199474423652
70,35,1619895642393296362974243407285592682
70,36,696530784667001650020181505184969882
70,37,288547074397168640112437050205989291
70,38,115346022216344061613183409751500737
70,39,44552597705658791409676798884207859
70,40,16645623008058568205834039779713321
70,41,6020892818273846010624072341951991
70,42,2109815028705641929383663685482005
70,43,716566143141230782317039004121973
70,44,235951858085431868561477122878756
70,45,75334926485318608098506969009041
70,46,23321216310886274799858824377675
70,47,6998250673944031522701786875414
70,48,2034872938231118503119095295420
70,49,572983856259998244499577723273
70,50,156124094514418860649980793280
70,51,41124078274690885319841143051
70,52,10459232305670047006394287344
70,53,2564782358268642956933134141
70,54,605332519164083830913286160
70,55,137224753484063903292907025
70,56,29805682118714606211682686
70,57,6184783772155655688985135
70,58,1221778725822747606073746
70,59,228812637871050766320708
70,60,40417970097837355476005
70,61,6692045336005354677898
70,62,1030491191632387628574
70,63,146123765180933202877
70,64,18835163776739814776
70,65,2168823087292247470
70,66,217697385578309014
70,67,18365577369820006
70,68,1227107866342451
70,69,58081232323026
70,70,1471735704650
71,0,7796931699060642
71,1,145516637041792340602
71,2,145179699675444388122598
71,3,36761477701250229287705660
71,4,3777885335777180035179511766
71,5,198990612813818994091083732302
71,6,6178592585830051261777506309908
71,7,124109875296640621741113860737852
71,8,1723044451201637580940179337129086
71,9,17368609565081398741726595898750592
71,10,132053291125349259004531691304645102
71,11,780536611734995035168737924136348830
71,12,3676161489813460684416335484002836554
71,13,14081200525275201727337407618904721772
71,14,44632230233320007649119226506080298334
71,15,118821464392149148077252759641391797762
71,16,269179688185764222744056279888470078638
71,17,524955366224750919012833266292940015348
71,18,890574266760860672064789195134107514180
71,19,1326866154865587446992886645713418068452
71,20,1751537991157324064917038633337918976556
71,21,2065457547585290442466276330367788936350
71,22,2192651582909253562076874107823471842924
71,23,2110778673908366934478561986935709056152
71,24,1855346461085663761426199084490508440810
71,25,1498785584929921758727363741946282908608
71,26,1119548892387765198047800224004926108778
71,27,777720230464674284515883710267800198796
71,28,505119712619956446760482423515480068956
71,29,308241783433788397647606241183133341346
71,30,177529336271010024359565268028589737894
71,31,96895835884135367688459784945925736308
71,32,50303059810229208149853859505030269818
71,33,24920968006287676236251488327364659152
71,34,11816277484347669902588117764787159456
71,35,5375918058659947534200472876280514422
71,36,2352064068837149653414850471277174998
71,37,991532219700788349128283466865708536
71,38,403404883349596519420288300570013914
71,39,158619409977638032980921057110788358
71,40,60346821065552519375186350141812818
71,41,22235310080864971155775727163336132
71,42,7940415412809916247797768474428930
71,43,2749751152584627423525543855395982
71,44,923752221961468349555046876299600
71,45,301104731166285763811580900414044
71,46,95234892667345953497978315644438
71,47,29223812040806694439499601882842
71,48,8697907430351117402893329685090
71,49,2509760020935919639286534087518
71,50,701642459136347669906333792416
71,51,189894426353274761075465788038
71,52,49702792969210569170800912810
71,53,12565660736947627043117655666
71,54,3063953053415599858005169926
71,55,719291233131549342077480716
71,56,162235025582878141568569332
71,57,35069131834253227585941066
71,58,7243820975728627131194682
71,59,1424781585291429284358142
71,60,265727280830153320983118
71,61,46753274018943033717266
71,62,7711741103413039142350
71,63,1183212081133937382036
71,64,167196438256263960142
71,65,21479352154552658624
71,66,2465324232415772388
71,67,246688308779069976
71,68,20748525822244744
71,69,1382256549664780
71,70,65237017757466
71,71,1648394494018
72,0,12022996665925015
72,1,230665385567004829838
72,2,236376826528192822828438
72,3,61435251843654474940930914
72,4,6476426879873007295358127547
72,5,349745592386111674225114111320
72,6,11128684180101501817383468094993
72,7,228994044107785621761463193005238
72,8,3255601413356786721239275049701439
72,9,33596294498911376022130634879929860
72,10,261432886422705290943666650585140273
72,11,1581238393063406913358551298413712846
72,12,7619251542012313270867582730422508779
72,13,29853858652560159600485179096167805812
72,14,96780353437775168688337461196978891430
72,15,263480166565441142442545318083445396712
72,16,610301692970541112054724496400415368008
72,17,1216756200707986701288477653166506931593
72,18,2109849339072714249292741558766462876979
72,19,3212318018866344734204256060892114683157
72,20,4332292161654056832601213654867041218153
72,21,5217989415100276499294704951078362424613
72,22,5656038576842697732929244490998481581577
72,23,5557689704642338327199027297007263309249
72,24,4984557187018373881197579039525340095986
72,25,4106987433524449328320574375435060217397
72,26,3127784977750785403587261675706291902987
72,27,2214393663195529247544274596676606540233
72,28,1465196720009542629179812242559500940471
72,29,910553878874739030620136637070228156642
72,30,533891863223106551482215845662215252473
72,31,296573141294543061804518488602623587700
72,32,156660748573273628407380491769702746091
72,33,78956656476541993727839310348409543943
72,34,38080845616497190305592825794183613994
72,35,17621820807767976689227306937195438371
72,36,7841814371497919462675445513664107862
72,37,3362542841167134436770423635639445738
72,38,1391706409713274301321394285607734195
72,39,556785675304919816679269776602865620
72,40,215585419334215116241072275166788154
72,41,80868291724667602176308085789966451
72,42,29411341998151110258881667336622068
72,43,10377643424770142339934158108616114
72,44,3554054103396124354105714181117897
72,45,1181715621567905336389940704516956
72,46,381521246719380430296063857578028
72,47,119598826902497374683280275863569
72,48,36396204168776824206711140110141
72,49,10748725225926798593698590798094
72,50,3079005057508388717552874289998
72,51,854917187327922642663253232578
72,52,229893813950875965351629648353
72,53,59808703971081170785055105179
72,54,15034376928682372363773498063
72,55,3646148946746932167875769900
72,56,851596512128194948261486179
72,57,191145967001259428838975300
72,58,41128462034067774725033194
72,59,8458227657781115253802735
72,60,1656700064493991290748272
72,61,307750297770593494339397
72,62,53940819105190788585904
72,63,8864854707619498124990
72,64,1355377920139212036056
72,65,190881207248612522659
72,66,24442765652479136022
72,67,2796700555432039689
72,68,279002465321340589
72,69,23397739162596721
72,70,1554305766480979
72,71,73152716692239
72,72,1843339659328
73,0,18510958695160182
73,1,364932347154549154732
73,2,383977857340675419420200
73,3,102398541335893189479998700
73,4,11069506113005595840795852176
73,5,612684454384822177215234834462
73,6,19972162750022927375862871424522
73,7,420855947081780081185364565193092
73,8,6125244843388382156522913661991678
73,9,64690763339207207424996592555577884
73,10,515066681466424339793217036253931638
73,11,3186849962704295447082611784953447846
73,12,15705734276694832747952822346086031902
73,13,62929962610132987902511194436388547968
73,14,208588379944020845067734556325302521430
73,15,580541943953500718826122356412652482542
73,16,1374511750962620017502202115349057786078
73,17,2800633770689168665468104090396651856324
73,18,4962217580149500587660480532143296168048
73,19,7718386966695905217478750036981490757542
73,20,10631844103563773025539264175833216686856
73,21,13075606833885719766052660199567785913240
73,22,14468020111163082810540975894184999217300
73,23,14507260593758362858744486239404354215066
73,24,13272605684299118006768531029873346502658
73,25,11151320639328863269204356512552956856346
73,26,8656502723992711672972686634360829637276
73,27,6244408734229892157058686630596425806066
73,28,4208189289436939427774320693473475733148
73,29,2662613331333134523404150293848377650694
73,30,1588956095239545025390338762639941711920
73,31,898082238522016496288382291262154909120
73,32,482568966852329009059221036277816214600
73,33,247351247233781338172909567858979670304
73,34,121309033581849660888938628821209039706
73,35,57076656219966913718430637953825625420
73,36,25824452211276958722882753855598483548
73,37,11259028554514651560124312132989139976
73,38,4738460960466108982032574452714901168
73,39,1927963974118529092808320548364030982
73,40,759351457880584400218207871070333840
73,41,289823041459873806189518462638947218
73,42,107286998784868533230437260424823002
73,43,38546390828394425523392798559141764
73,44,13448279436455910968567442007808338
73,45,4557743143438452937404599452596800
73,46,1500789402313838676330957547736182
73,47,480173454456186395457921090849916
73,48,149259784588024425500296634113710
73,49,45065853633840018436456183249742
73,50,13211170894015821913548288124040
73,51,3758246832562792811963545221288
73,52,1036739863577528442026477364400
73,53,277082202191713794782767491448
73,54,71669130224703818972553239312
73,55,17917518022066976015269868666
73,56,4322932860275871941120151358
73,57,1004723212889565560965048052
73,58,224467650293790542673195884
73,59,48084637738936420213269692
73,60,9847138869246144960165892
73,61,1920993769550750547972358
73,62,355475811313867802105244
73,63,62077011410819231173762
73,64,10166073165644467805116
73,65,1549072787739625581864
73,66,217450764975971433214
73,67,27757877619286386354
73,68,3166410151274762104
73,69,314961140251036226
73,70,26338321333247968
73,71,1744809632924224
73,72,81896483123724
73,73,2058169406744
74,0,28456565823818041
74,1,576258371199012962136
74,2,622341532076214356369916
74,3,170233246175697957952850134
74,4,18864876821499853448608300794
74,5,1069835510695440489636460905688
74,6,35716396281267429526449741159289
74,7,770498933480315652108277177659305
74,8,11476636594469040119961368737406225
74,9,124011753111285800218107774422713512
74,10,1009968240384567328577447484585599871
74,11,6390554635179563672306939413331654270
74,12,32202426768675258440616382509197717645
74,13,131907864285137562298104239001093183955
74,14,446911078556324875175943715783582441778
74,15,1271216584366086835923634069877800151343
74,16,3075568260577874683046227897432336213123
74,17,6402592362527037106088503636676364647019
74,18,11588364652587506561126543196134447946706
74,19,18409150337930194999113151776044817068688
74,20,25892757628126001484151665040951780450809
74,21,32507375480347838410039498904688827593067
74,22,36707343600987547668407631391594030074426
74,23,37550230127034155028592984329169428696289
74,24,35035950924379191208235269372228265306458
74,25,30009033010098623863077776011398842284884
74,26,23739271274288038681431402325681076886150
74,27,17443942444777917025773414070414438981791
74,28,11970400628700661826271141311880797799490
74,29,7709396163167383395683829504686929018066
74,30,4681371453015558409142559834981693365756
74,31,2691482201533644851788444189611005224719
74,32,1470728669382108634119494077809062939981
74,33,766459778506819089838557214412189697970
74,34,382117914663981840701663062692600360365
74,35,182743712445965277663897955920759961832
74,36,84036878520022056730631295208826186578
74,37,37238721624313626940727928739673907916
74,38,15929845825606331571830556937357882129
74,39,6588769692963443122998526042559548623
74,40,2638491102148712919071375914998009019
74,41,1024130101909599515017437087163384235
74,42,385662123282712808996811347581533830
74,43,141005618286296360083113082500498733
74,44,50083559896278694205529905369931306
74,45,17288851670203555064190259413480397
74,46,5801853009887392438540185246306151
74,47,1893003775870336999899059891293448
74,48,600500960839148391492057545272151
74,49,185176551368689030321134717313144
74,50,55493205855605222829450503745701
74,51,16154147711394121861214061756247
74,52,4565226186669481417341867753099
74,53,1251552058142429466673523966263
74,54,332539710528605193285941544967
74,55,85538898701136502208086571810
74,56,21273325668737976556832099328
74,57,5107178733680305113609143047
74,58,1181418193172110765462315639
74,59,262764528024623189169382547
74,60,56049073254258696378158180
74,61,11431613432371556093628719
74,62,2221460401038272649545617
74,63,409554416273255391245605
74,64,71267174638626613755300
74,65,11631406277068978380162
74,66,1766563606782339061877
74,67,247201119134844379127
74,68,31459868111650116916
74,69,3578192205902316466
74,70,354911093867568692
74,71,29597318305382426
74,72,1955439532502752
74,73,91541490908481
74,74,2294598998695
75,0,43680074844210428
75,1,908262594817940752892
75,2,1006447493703416246023984
75,3,282287552106365431470099962
75,4,32058159558235712304024346660
75,5,1862182309488176162072502064094
75,6,63650883307448629147133317885194
75,7,1405323754373998875768656156168472
75,8,21416312968180643711780174946046462
75,9,236699052755955077128957101716214202
75,10,1971241947007849306931627431849296156
75,11,12752009680710240434046590077810110986
75,12,65683674450071706967620490733400220482
75,13,274977902011749434226108842334206004906
75,14,952010085431495129319805913481647828926
75,15,2766755212052647497304403955607178798170
75,16,6838233382076191149427937908141457225572
75,17,14540333612952474955552833351352159860664
75,18,26876100511413921700875955617563977543840
75,19,43593262023463141772972202505019526448118
75,20,62590656377173252178321630984690954903030
75,21,80195377399264179367669186492090124813300
75,22,92391746127111427637933372512333935589804
75,23,96398077964409041955779590708548848115104
75,24,91705532072458359453105760136956336170034
75,25,80057066173117762256590200704921843097942
75,26,64522981683735897041047177240528890522848
75,27,48286027221585129323132478842248021063372
75,28,33732390577509494999215178180541214471640
75,29,22108437920940679233127947541614001476984
75,30,13657077401894285237755873252679096814852
75,31,7985179872022252481973838779466752590710
75,32,4436217611709229766476125599349967230300
75,33,2349929592965188395997482918396109410854
75,34,1190604670128672790687851867479370300818
75,35,578574791708970552237572951412236510328
75,36,270333281978749537789567630523738393926
75,37,121710065754089189330440183930830010344
75,38,52900427142234730648627448162261064942
75,39,22233396637385111406102914969579731582
75,40,9048433017055001026874193669433225628
75,41,3570064159327490235068721741841555612
75,42,1366918871145561014394673135882574662
75,43,508304611321297822165028112060940206
75,44,183695177873292375689666514518255306
75,45,64546655397026889358565464415970846
75,46,22059610215405633787812059105608520
75,47,7334233267971623349901184270296616
75,48,2372301991930420253933694176017292
75,49,746467960509560550784468329519166
75,50,228448372195018728868626756619694
75,51,67975407193134328944161557003956
75,52,19655910872765928537911670176464
75,53,5520005973926242809918021030270
75,54,1504356583189781955965411895962
75,55,397478365607910641698264873940
75,56,101702942496152714814185366134
75,57,25166704329726052533178799878
75,58,6013187837875227248584397616
75,59,1384723696850515048336186004
75,60,306659971057429007568467268
75,61,65144479266215713682167262
75,62,13234785534334502659298434
75,63,2562261666836952604172078
75,64,470697391870179070626386
75,65,81626197813478530118846
75,66,13278280215488494101806
75,67,2010312752358130000016
75,68,280453159874020086202
75,69,35586801399554677136
75,70,4036084981183092342
75,71,399226151976213936
75,72,33203836441801114
75,73,2187991132753616
75,74,102166225314108
75,75,2554465383460
76,0,66948559534092630
76,1,1428922932493697632933
76,2,1624093429504596493583274
76,3,466935953652376133340986441
76,4,54325923949997615951071265422
76,5,3231326889178933410469865775895
76,6,113049160139555498715111460189339
76,7,2553769383472929074469109015068379
76,8,39806333258677354966620556854720826
76,9,449868026716406136471176882962960458
76,10,3830057523868597433650656180846282117
76,11,25323891846953489644876740647539770265
76,12,133295895767550964079337047100883547079
76,13,570156743623299947867901537681311820089
76,14,2016556311031384925566302931678882592266
76,15,5986177755768120968580179540757624308695
76,16,15110193520107809395024638178172358984560
76,17,32808112803722662134539509602306991182210
76,18,61912862219044029195333156858995762421830
76,19,102508413714424392734952748990247589493716
76,20,150204014976621469360539278041708953231869
76,21,196357118199101725004599602205301610905968
76,22,230746636167955584960778683354931253868953
76,23,245494308478440437783768098774269122733172
76,24,238063529534705281437596157637675805626759
76,25,211769931120232674970800366928036715286901
76,26,173852898779740067226823180918501742185520
76,27,132471890773045300336712022636121629400742
76,28,94192519615069898659472457291522107817464
76,29,62810371148652959338137609363378467532873
76,30,39462162519972211770650096321322325698505
76,31,23459351668171363018307658617121441550556
76,32,13247273547560625660191478983930801428769
76,33,7130884384043653530752743340070245699203
76,34,3670657057509550561339205268433693063368
76,35,1811998560545558258267026728294465399706
76,36,859957273252715084747422730485432958194
76,37,393244571180355512210759574301493008549
76,38,173603051211431654617632851410724194869
76,39,74112635596646515353830736327086716146
76,40,30640632962351076038742339996046491093
76,41,12283194665630398440972956850021841387
76,42,4779534790319127416034001368313411809
76,43,1806737438758613333728811491067295957
76,44,663959895309620587448163544894315727
76,45,237334664697920243908584959299154522
76,46,82551540271594198518647881996712742
76,47,27947714681565068755504054772545056
76,48,9210424626761377659785865359609707
76,49,2954776149242908063093214408453011
76,50,922625321269122959069682828189007
76,51,280330935354269152972547179101552
76,52,82850326310492619131602174440956
76,53,23805055378617104439461332022168
76,54,6645207813839306554785338452885
76,55,1800772786576633378979915172106
76,56,473254671278224569003266023734
76,57,120479078474402070202333562620
76,58,29669816965304703747851405516
76,59,7056812537702811881217181296
76,60,1618002213554754089464767020
76,61,356841084818548273413817032
76,62,75505760372848267295836338
76,63,15282025099797511092841781
76,64,2947950655456020730370827
76,65,539681145128724721132050
76,66,93279217587167763598425
76,67,15125635997806598846378
76,68,2282991301072383926539
76,69,317554305084894398832
76,70,40179812060814114088
76,71,4544444649114135231
76,72,448308869299766319
76,73,37189166188878099
76,74,2444391724235380
76,75,113854787099520
76,76,2839731367256
77,0,102462626753421714
77,1,2244000040010179133798
77,2,2615204696104741343734588
77,3,770481003508154958068642496
77,4,91808685756387973633472127526
77,5,5590113078617445313801731339610
77,6,200118424115155667128383067759670
77,7,4624042694696677257773494994938248
77,8,73701132067268620848203543782686940
77,9,851469294009320990532850111579995502
77,10,7408791166832882354757174963169335476
77,11,50054231214607222511730486782649639250
77,12,269163825252661612883257951329466387744
77,13,1176016708033517832662646858205514392158
77,14,4247997532677317830870821536884868148570
77,15,12877045376379285157850802794447045319902
77,16,33186930176179373065389861551748154056040
77,17,73560246083616650962635768152135723468358
77,18,141688943560723371654316063038744090168472
77,19,239401735365341476340476051963386637165942
77,20,357907360586754875139833943283523620062852
77,21,477257860972367534357313585075704918938188
77,22,571928534563297266782810830548009348426174
77,23,620321561296859002829513545236195180906652
77,24,613047246131835481462631499101301158879968
77,25,555567585743476640863610573282482254735482
77,26,464476827737066012677987873820123112576222
77,27,360287259494927800941521231092459462465110
77,28,260685978353983910890855729935182501597548
77,29,176825690522470580047943814331117814327192
77,30,112967093103808597361330284788543906642096
77,31,68265277234578730592410185434525973498626
77,32,39173596769617459587084034446964813167946
77,33,21423033083303175229373494556220115079102
77,34,11201049793357386851380388581650730840664
77,35,5615358252211582350099758756587046161758
77,36,2706138846627029818057197106169012004728
77,37,1256494069898651315414156554778010601974
77,38,563213145690898400287140361877616386030
77,39,244141152468454733662496809952804572896
77,40,102498549443281946324683685130358685152
77,41,41731395427671189258133149171811208700
77,42,16494972023919317676033882657779471972
77,43,6335499562780687412704355158586134392
77,44,2366334254682773320350783997023334780
77,45,859995298020991929730753320480310434
77,46,304254855386090175174505822516675194
77,47,104818643414905332757712043300277800
77,48,35170732103175179539784552123069432
77,49,11494616982935460545875971486108772
77,50,3658924115410506910238093968427838
77,51,1134178011480694010357939090071488
77,52,342253680547801029981453051855606
77,53,100500896629268753888469845251182
77,54,28701580045792155030503258401540
77,55,7966266468870313900845714029604
77,56,2147095826955573903821271315528
77,57,561383054811178877191637286708
77,58,142220972528374757232676146428
77,59,34862719745623241760306471350
77,60,8255587923181457708254173022
77,61,1884962873460910173721412276
77,62,414063814641383513497222826
77,63,87280965010520298485972032
77,64,17601107274551572853756606
77,65,3383500723650217273863032
77,66,617351893747809731118082
77,67,106362336386180519074736
77,68,17194032997856763436092
77,69,2587492942512206529002
77,70,358880225934271732526
77,71,45283299926539130864
77,72,5107965001690215010
77,73,502592269526348190
77,74,41586911255468582
77,75,2726707780998594
77,76,126697209470364
77,77,3152494785460
78,0,156590456267231885
78,1,3517763760194127331417
78,2,4202346452274940136452314
78,3,1268310823644987507816659466
78,4,154736195854008162099944699434
78,5,9642015986923862280433831226464
78,6,353096410957578942088087721160356
78,7,8343141490787254093663721438304633
78,8,135939750034489932722207147164513080
78,9,1605044180580902632034142974492648027
78,10,14269477658721852073479373298524160807
78,11,98481524118237872696036840968008195379
78,12,540885601389046549959622794567878304528
78,13,2413275392398765338873116073327224543824
78,14,8900570750009535344587411435537691653096
78,15,27544087363041649604336535949462177325545
78,16,72459622845062175969894222644054852488769
78,17,163917108828718324993172692150512154457195
78,18,322180127689551395399518522969843380282510
78,19,555383542997356770404185762270637630523899
78,20,846934907256368337264335248771620922301846
78,21,1151714425558310418933527776292364835030915
78,22,1407120526493028285951347097776828184876995
78,23,1555523064612225374142218789346890239388458
78,24,1566329989025934662158947750093707025590573
78,25,1445788558753526779888135138648371777260761
78,26,1230696584516842133890711647093999791300935
78,27,971606257970404677946080448773494983018708
78,28,715233043373496668148245054423687768614646
78,29,493401459721577561589445702833518497671052
78,30,320461182667243438773864219990389486176409
78,31,196809126712734276098293338133602821896353
78,32,114743390311362010793161408327701921116564
78,33,63736339334030619171420264516081402633233
78,34,33840600600531270302670119180397891785881
78,35,17224668598952419222227175338413509319316
78,36,8426729755305251407161854784866605906641
78,37,3971620237107710008151942077913159283606
78,38,1807018015493027935853803587445938046536
78,39,795094574750509330649743393498346329385
78,40,338852578812269024789529350009706445891
78,41,140061862986444932430600912951618189703
78,42,56213756097356331515529403840747620944
78,43,21927929204343901032256983513216744806
78,44,8320168743644247417627976734582061715
78,45,3072750271040870549817236805761069302
78,46,1105102794679205531428852986575337707
78,47,387186656308172270544284012870064964
78,48,132186699652334965449182021030996030
78,49,43980464506129543130934315377941806
78,50,14260694099879025262491283280133180
78,51,4505928773837666486559962055473291
78,52,1387058166730130429909595418999138
78,53,415838501928209573944558517472527
78,54,121359796464485589025256488830072
78,55,34458031442377285754412580123873
78,56,9511702699004126976411692509142
78,57,2550360116386072790141009093933
78,58,663550229039950175465566854426
78,59,167321300697670282408900768391
78,60,40834037446685427226352070829
78,61,9628871635358296430015752015
78,62,2189689439067904401650804147
78,63,479158351517280947841102143
78,64,100632289773570121989606304
78,65,20222391358549564623556110
78,66,3874335953110701947052995
78,67,704630596896687738780794
78,68,121023377635484972144595
78,69,19505757673631046884077
78,70,2926948574548011476863
78,71,404836655205960655550
78,72,50945134161581014240
78,73,5731698063140846779
78,74,562541663373744200
78,75,46433123438934008
78,76,3037152829040276
78,77,140789788258089
78,78,3494998773352
79,0,238973410955537260
79,1,5504944325837902297112
79,2,6738848366551581044769616
79,3,2082898306682749387215163682
79,4,260108274029174803635740249936
79,5,16582435690823321185429979040930
79,6,621033009481377673863034229089978
79,7,15001566552708269256422680237947762
79,8,249806458654601266558064201948307706
79,9,3013537802624258695253237867280482926
79,10,27367047516515365687264649937774652206
79,11,192892712805606893237190400439436441016
79,12,1081756354313061526988334187611099373796
79,13,4927469849528302485001782132019067411054
79,14,18550847154321483056474022246905033947388
79,15,58592461854924754277835958069909104038652
79,16,157295281950688099612128826937022196665410
79,17,363066616021109492871051009858491996450268
79,18,728004315334067078592690071844177137514668
79,19,1280042165960621203011744708980049139325924
79,20,1990628491042531788825667691809413289079234
79,21,2759910647901665527505612015813063570920488
79,22,3437002826547865711966535074805350278972752
79,23,3871673316158495338698587400062676553726716
79,24,3971384858978178063914195866800430447953666
79,25,3732946344870581498786184114580021687349286
79,26,3234664900110625935080184706565554820620764
79,27,2598587526552342709360824790109152789827684
79,28,1945801986076433464943492636501967143394232
79,29,1364873821534411823814163811652394799587706
79,30,901054422080300523377363957711506151654672
79,31,562284381953964949354136778861880473197692
79,32,332995002871474770422341614356859222346962
79,33,187834572204148031759322791081193575954900
79,34,101251425932921727987543423727858552404848
79,35,52312279364128195185705121639820577275802
79,36,25973846831810069713669849074982384647168
79,37,12422942699126833129112918370295663057502
79,38,5735543602787387163328507914915966327974
79,39,2560841811124493626274669348993899512642
79,40,1107500283548190314342721326970555036964
79,41,464579348890476757662678857466991348004
79,42,189255279177602336189471344633477362022
79,43,74945829372758490063190923017731139942
79,44,28875283681139401879299783179786832942
79,45,10831449346055576821616766374177762328
79,46,3957944176039190248222404083436631956
79,47,1409483082323504228729843579712194908
79,48,489314251812869654517146451563861334
79,49,165627798282644849025438349789328766
79,50,54667126129276483695433424236187858
79,51,17593369971451701496431046435958734
79,52,5519960850164695835170060015769412
79,53,1688004100567484227954165375541376
79,54,502919918849174692411712162616040
79,55,145914483856437954102781030731958
79,56,41200731640686805789580127403898
79,57,11313415464690894176640012318028
79,58,3018407120870479998008114493680
79,59,781630510998012083613016983910
79,60,196215114570869502924700215328
79,61,47681681230910293476906415620
79,62,11197992219412759511874702174
79,63,2536669957010481942683434834
79,64,553034849795338203624653292
79,65,115737140162274173493756802
79,66,23179009532791137717114518
79,67,4426363231983784329812520
79,68,802518142525668778692096
79,69,137422679312497808545426
79,70,22084937680186576085144
79,71,3304741604422863441106
79,72,455861281057781004426
79,73,57216866772968172618
79,74,6421075631660976228
79,75,628656545549497622
79,76,51766443260273298
79,77,3378095754118862
79,78,156235425694212
79,79,3869637063212
80,0,364189210761043002
80,1,8599911216947119887525
80,2,10784570539395820618134857
80,3,3412776770023968824361945300
80,4,436106339431073794719763324571
80,5,28437199945819320743200443268593
80,6,1088877226249230169599325776743543
80,7,26882731297530231383253830944628933
80,8,457382056309762451546648095196674397
80,9,5636041226287973896561513285022667426
80,10,52269221065651946309082303598659623894
80,11,376154195339872143336701838208139251700
80,12,2153444215434117278056674984955369397907
80,13,10011808021669707337419250464861514551599
80,14,38465608587997404798648818740818620570680
80,15,123968092997783171694373373610707043695519
80,16,339533404362617986254736760530217269763824
80,17,799445228875728954594688210088046181539021
80,18,1634947743597748094082072509422824633756251
80,19,2931475015730691975755339407616789652586742
80,20,4647923727057018971312524246142651808701977
80,21,6568620814861086995722611223977191699058146
80,22,8336054742379660743125628002753422991742719
80,23,9566633899954306068393115269919072956895226
80,24,9994201215783573373181952815700115311563161
80,25,9564412305923216710530941639034323282623944
80,26,8434940349281624793526477229436364826326684
80,27,6894071768723613996186221351069383497999240
80,28,5250002850433829692954901878419923401719779
80,29,3743806497488496805706529421367635320543670
80,30,2511736157968908241342270924764953243590813
80,31,1592323724220512022398512422168622298612499
80,32,957694497692053323995542762868960984128988
80,33,548471882378150668316525454063966528160331
80,34,300096816764021795031007529794639968205705
80,35,157345721884247972573213229376107767280205
80,36,79269694806954049128234022853157618968307
80,37,38464770385287920058158192498504862690983
80,38,18015613109449279944348913177167572450941
80,39,8159829288446130300214337992658351469689
80,40,3579926106586104531438375258905074850562
80,41,1523526174547090389941636882398158242904
80,42,629717128191973727031746407388557844460
80,43,253057886444243937397704263770852473376
80,44,98960251155440408212316165761413293977
80,45,37686902928780412465872997607008202946
80,46,13985258131995223641422863953123570951
80,47,5059483429889736425325273117306759451
80,48,1785048156472075655078696710111264553
80,49,614333367500005519244674871124990220
80,50,206263820348605866109233849300083614
80,51,67563890878643880620601174368490349
80,52,21589422061752896248941928203144705
80,53,6728506604475590185349987249111754
80,54,2044645572122203155433952584189410
80,55,605566788920631003258940021295889
80,56,174712603527108394131193611803367
80,57,49071093774365106564663178662067
80,58,13406994369514328036084014439287
80,59,3559957713472620745554899652186
80,60,917702138517626778887288827895
80,61,229383419569107520370034443527
80,62,55513610546186374555737691556
80,63,12986406344261918060622172326
80,64,2930828134177090144407610349
80,65,636689468590772380738525074
80,66,132789249831542575235043377
80,67,26507065730678047580397174
80,68,5046006017947774298610956
80,69,912100799930128867750783
80,70,155733927105365213365534
80,71,24957661543092188997517
80,72,3724523978073057844464
80,73,512425728840958431370
80,74,64153955823303851757
80,75,7181931778163654142
80,76,701472573914166760
80,77,57628246572576139
80,78,3752069470947819
80,79,173143988158416
80,80,4278958726927
81,0,554250712213444758
81,1,13412253480133101733582
81,2,17224973696849835838432374
81,3,5579090333506176301097751214
81,4,729336224656377095268151743016
81,5,48630348442662962314896762904000
81,6,1903324212823326715464685503698140
81,7,48014174102444446445152393763464898
81,8,834459172880532173442249684773260430
81,9,10500609721902363498650980871489393900
81,10,99426015315759970437883505857020410992
81,11,730374328201888037137481282547313970962
81,12,4267378700976860820773483300582088696586
81,13,20245035835784435162245869817684018890384
81,14,79358473550203594967155234376221347001978
81,15,260906317455105349943196018746183539491276
81,16,728871547036281016842352514519225819398016
81,17,1750204327070547082091288078662067061099354
81,18,3649795501278107200339161924990370362890704
81,19,6671776121318507378893988496119124981693264
81,20,10782554611697388366188332103057078709979604
81,21,15529238092801273514383095085219752085884388
81,22,20079069757790185894222455821496402331603692
81,23,23470939650976185109498750179682248056870312
81,24,24967590375893970768200117694489916660765906
81,25,24322140539332118240714966320734080546059678
81,26,21826743675656126176276405008928086592063934
81,27,18146295135376814160671141588636642207815054
81,28,14051259987456411816722794272432742800820796
81,29,10184765562396066518164601946696543306426550
81,30,6942814733133303920230064619870117206496458
81,31,4470601870604689530362912188100971914972506
81,32,2730198263166590065733130352848323229974484
81,33,1587181856552409237646873206905126975636022
81,34,881305904266296129460673119385488449091070
81,35,468832791029107063178763657692406871494794
81,36,239602229157198018281328021476164439577576
81,37,117925884140179853377111671943831738611428
81,38,56016797068970627162883313856321026364714
81,39,25730827726571315809778568098182480103900
81,40,11448529940821647071077292982310356386878
81,41,4941368630589772560364784083218135687494
81,42,2071582569980119381484386268224644527092
81,43,844486498530244326286830724582860525798
81,44,335062123223664198326042090039106069486
81,45,129491534089600069891635244343924821746
81,46,48777749569525123307905282601734381436
81,47,17918080802407468438462496045384068026
81,48,6421305539483864307715398899057953728
81,49,2245643589406999095777615068393615934
81,50,766514965024761704980377478845556362
81,51,255384347159547979762446061399109306
81,52,83051831175770864480968772424783646
81,53,26359026754198304987090392238305680
81,54,8162721709517979649624733729539722
81,55,2465595631363358575491428425283462
81,56,726105639801487222128484799104486
81,57,208367783805926736024211248504052
81,58,58227029477831370839969705453440
81,59,15832053253936694155759546514018
81,60,4184689278915858165588223666252
81,61,1074064627124521809098586280622
81,62,267356974887243574416656210090
81,63,64448640912005493526553289216
81,64,15019865234521424969608986286
81,65,3377556503619528312816918684
81,66,731210748878678368579145456
81,67,151999860450075278012172054
81,68,30245845010616691053170280
81,69,5740239840551803884485394
81,70,1034555946452083146182414
81,71,176145028470281871650972
81,72,28152104070068447453140
81,73,4190232960510409229560
81,74,575037633669326603054
81,75,71815998625170917888
81,76,8020526329977398452
81,77,781563634770608628
81,78,64062797309810246
81,79,4161779827318366
81,80,191632678264932
81,81,4725679058500
82,0,842355507550695309
82,1,20882761045528986515654
82,2,27457915473624714341909488
82,3,9100228221858034632282851216
82,4,1216692473854771131642544406599
82,5,82934112514837936587638930532726
82,6,3316974722734905134881526629500221
82,7,85477807103700371420056096172909597
82,8,1517094877778056925084327308755665425
82,9,19490882539905886525777167302519020041
82,10,188376356341302320017773672549552342114
82,11,1412191745671369251122085830684936577622
82,12,8418871525594748077301978695715384628121
82,13,40746144739189328167336412506853590543751
82,14,162919466899162260416246820491831109226895
82,15,546280395782110404478214696178463888238471
82,16,1556229720588976829308176055272912233363258
82,17,3810146241533386834920618440660607119951058
82,18,8100013868413769240282658731648589566404746
82,19,15092128494596392205081654727432513019558054
82,20,24856567471317937519805939454267243803040500
82,21,36474406512910995032555119127664484041294084
82,22,48039300141372096198424586133665789159925120
82,23,57185068385981882421264962670588074457376027
82,24,61929819240520514046032269539402816862240717
82,25,61398350386293833519521181011262289934880816
82,26,56056606887056776334638667194917239953469641
82,27,47397226908585932310318794750441013875294786
82,28,37311904659810364671993047929110559463940792
82,29,27484620191472749960368490589307798506727611
82,30,19033690000630396388621841442479918912457013
82,31,12446593419955549382373010055037977290439050
82,32,7716734319652905780644407264907208856084959
82,33,4552928149477643356919830226017294000637439
82,34,2565073380807298829823257970178338623194542
82,35,1384205145316881434331112408148511507852355
82,36,717464426728133143883597757581940077180099
82,37,358081156747870377944394791262793267132769
82,38,172467670887556687492256227135522308534048
82,39,80321766120103344734796515425667642552262
82,40,36233551662221933897515467070563806182791
82,41,15856242515728511403141129499077978324995
82,42,6740244391309091379252710951434373200253
82,43,2786334396315139439611192918527063020673
82,44,1121238274267268604636578374282609482615
82,45,439571086094851815480849355325338003388
82,46,168006514374362422865965577021461665476
82,47,62637235596665203947859094861750805071
82,48,22789794153462115584784385308011953007
82,49,8094554151706862645639269615001800086
82,50,2807291741381760453026926327272071312
82,51,950774694342789943844048556080318648
82,52,314466124953095756990246767755422942
82,53,101565269945493852210939472358611296
82,54,32027202485208889154004954555345086
82,55,9857812669124571230042569269488418
82,56,2960549370752302113164641145892591
82,57,867145698001755047451091032114523
82,58,247565841785754169119575717557534
82,59,68844452378509095906363588044558
82,60,18632585871469560999172007278743
82,61,4903317772796446641243882291071
82,62,1253257210442147638020876030083
82,63,310720324045322642566296426524
82,64,74617299395937812720684721774
82,65,17326590667279004027209819411
82,66,3882751446959342679060665377
82,67,837786338467203019161068441
82,68,173598964317048866575496700
82,69,34438033792802436530906386
82,70,6516629601487538622684450
82,71,1171158077349793402805109
82,72,198859028904357868326620
82,73,31698657681265532001052
82,74,4706108690286292239993
82,75,644242806466141851724
82,76,80266975219717655318
82,77,8943569367811256287
82,78,869543995550688751
82,79,71117406545322658
82,80,4610114850477644
82,81,211826421654345
82,82,5212691723300
83,0,1278505602013684920
83,1,32461140534046504543988
83,2,43686188050310125107890316
83,3,14811249411122498000155798626
83,4,2024749818545687763191189302328
83,5,141054447253564492056856097038434
83,6,5763577689867170400428845729415420
83,7,151688525696054863251953485530881096
83,8,2748730803509384320256539993369909472
83,9,36046058900698359563583164002934981022
83,10,355516942191018083990069804592952303672
83,11,2719243924486374793119747285623018976952
83,12,16536821343083630104661365552553011838784
83,13,81631793214757298956011162332164240409078
83,14,332856567583756982054105113617359285602110
83,15,1138023102745017383865088467304702001665368
83,16,3305227207549382168508985308886522311253620
83,17,8248987459609905975656699822864692159199286
83,18,17873571749050201791350852173710956049547096
83,19,33936850552023957669113328719968522309617456
83,20,56947952291058607663692283143538844270045066
83,21,85123883604575431412758167552804541201313162
83,22,114178685312372969896039143266152532866434094
83,23,138383104926019758120980651340273524225845820
83,24,152541207507326320615791401139175195657282396
83,25,153884429730972694270830559366274633942185872
83,26,142912228997247753565423027654339859380009102
83,27,122870240489399762450009886307706695534743160
83,28,98318298316388601967909208469616737744194384
83,29,73588576234348603122848146728452093492193476
83,30,51763058744557494607996187857388408949484742
83,31,34369373379426843070681773857080249650788284
83,32,21628937716089160675973138012616799257998958
83,33,12949128710082431737197959106531348217077550
83,34,7400801090293888862445383836887305748375944
83,35,4050465496234348021482762615759971921642348
83,36,2128841354444066791433456453235301806406466
83,37,1077192061900084471813294377229187543940216
83,38,525940117093928645177872155821641216402252
83,39,248281869639182564764734417170239492196418
83,40,113524634483440895517757487197786282279528
83,41,50355760291410331357079606139708944570174
83,42,21697723736025681627199958758163164567498
83,43,9092828279106129290777610732535612214700
83,44,3709760900093988912684516316930525033824
83,45,1474795582582789280530457132642588320198
83,46,571706965620204786397937765489626828830
83,47,216238113309380761815510316891418475894
83,48,79839548301344029666924910657081672128
83,49,28786768524373602565180428514868283852
83,50,10138494688448897951574195367950723766
83,51,3488457173030647257098613266106837424
83,52,1172748438722500396179924229432094144
83,53,385194172946361848680512086676582940
83,54,123597568072445254423364384116105056
83,55,38735366179800794601796976110172046
83,56,11853447164976415852651376929627724
83,57,3540389920011529850960468163450326
83,58,1031605694805578236811426299530238
83,59,293071415386087370788386006550898
83,60,81118881904497442096331464430830
83,61,21857344598617907447599208380954
83,62,5727684942786945853998148494142
83,63,1458078408195862008306200653560
83,64,360116065179822013712552962690
83,65,86162729618385082695432663678
83,66,19937460892740547266832266804
83,67,4452850141214111424079209070
83,68,957710077261356288693838896
83,69,197836611920727914708874924
83,70,39129951329278184281726278
83,71,7383368732435444256591118
83,72,1323285108012072052351018
83,73,224095071771629365858826
83,74,35630069841415601238064
83,75,5276712531365385724386
83,76,720627496256608784764
83,77,89575502452503746120
83,78,9958246764719593974
83,79,966070545570581394
83,80,78842598031203610
83,81,5100154495873942
83,82,233858268883020
83,83,5743074765052
84,0,1937919769965667783
84,1,50377929666723811791102
84,2,69374875430524199247982486
84,3,24054606096645710368805121444
84,4,3361388189034045061897692935261
84,5,239270915361981874626413875011357
84,6,9985895368307124731437398632254626
84,7,268345464894639445441909134183792686
84,8,4963552880096347477208976241577054765
84,9,66423990013372838577220980679451917461
84,10,668399004561406571023845094789793804762
84,11,5214893925229782873191289713893524910501
84,12,32344064663888259457122649871419265257862
84,13,162809007411449287551532266945815562094186
84,14,676845725156318921989542251260644439398387
84,15,2359051473484245749976357168641250470571420
84,16,6983654733535713981671080380579756433749746
84,17,17763033525143007292675903325164249298940549
84,18,39219233741732593613451463617458154397489993
84,19,75868374903227031500982629818722277759674915
84,20,129685386131798499333728978933891283213267806
84,21,197424237819103536794811784167533324378411574
84,22,269632092359696080930714383117602213887523196
84,23,332657054131726923716925349229270210109404959
84,24,373169165626213097918568023046162875164133112
84,25,382987634657319967434684267999850609382017775
84,26,361732692904141507732825366602335589871317402
84,27,316185851996970241816161962123709151463302991
84,28,257129203163764162407932871265286314346834835
84,29,195519784208479570568344671318521658607707993
84,30,139671134424436929904126413949180878181680767
84,31,94148288540766609317265340121208535191924030
84,32,60129189605523774036132483663985532099029267
84,33,36522933755400752726410088739267180644415810
84,34,21171763952774230230598710398300751804482069
84,35,11749765139557383952029966814378583661534256
84,36,6260687635830943387522730232050383012405027
84,37,3211083801314068513237156085454923161715240
84,38,1588974988742963126544754918415819540286626
84,39,760165261408040786094969215404660936348439
84,40,352219055187886502033453817851612962728662
84,41,158316604478851959497050453919964833618269
84,42,69128653822824321266387413401835900137047
84,43,29358817880727103290749787666678467738060
84,44,12140232713575345720457096412685241469212
84,45,4892344553154513972172367079793663543200
84,46,1922835527660312279049541963781889105017
84,47,737531422227320369213876680485324328272
84,48,276222644410320208427155585863181386554
84,49,101055012592081113495053595313238489434
84,50,36125268409001418826295744647787039604
84,51,12621514389533564213068894053338439735
84,52,4310335564237530699444595510116328112
84,53,1438874297267715611001498159928906531
84,54,469484624389885516928291159949221616
84,55,149707370239434069465768752674068339
84,56,46643008748351904397504021323195773
84,57,14194194753799292422598375137782117
84,58,4217302028709910115666869437716423
84,59,1222742531266283134988884041284323
84,60,345735041416593087467126740419232
84,61,95267151762556345501153324906225
84,62,25560243149943721536669552403758
84,63,6670850923443413017191472257142
84,64,1691606766784340629479786486118
84,65,416249370380974667949697320190
84,66,99241648158223558221974072010
84,67,22886206844411997785366748120
84,68,5094869499185101720245137679
84,69,1092389455445876091024695622
84,70,224984286660682209706622161
84,71,44371792782517423996149676
84,72,8349320271105379504143429
84,73,1492424977840139491490222
84,74,252089403039542020174753
84,75,39981586779887748439886
84,76,5906946246266558690528
84,77,804820751514572827267
84,78,99815098938257182911
84,79,11072246796201338784
84,80,1071845128558414009
84,81,87292280391883771
84,82,5635180798663297
84,83,257869812809556
84,84,6320095948951
85,0,2933611440276058358
85,1,78059944345780388073702
85,2,109965194306141193608980064
85,3,38984150312122974932648541486
85,4,5567258421655658159962915577870
85,5,404821614472349127555296277313594
85,6,17252428944574355825499146381792496
85,7,473264395329519604357886297830054044
85,8,8933513404636702423375725534144287822
85,9,121972965786243669107089528805717246730
85,10,1251946542001739644983153649788984431198
85,11,9961411526017793274451820960890358368078
85,12,62996906261908599915079418206360307136776
85,13,323283726041718022726527018358894258676222
85,14,1369976458160900397713168220228531757480330
85,15,4866530808536308528714688556335225693495502
85,16,14681325517159433353390382961950198261712332
85,17,38048779758821164674868868871200371477281112
85,18,85585654999456204781207970954072665398602110
85,19,168644609313536975506617349176552421287158172
85,20,293586708342226342597592051127623853195415302
85,21,455086506400968280031123637435405304871109140
85,22,632727889075701583012751314103086885025627128
85,23,794486130992663668389599252514762700715083976
85,24,906818033195341114379849330430866317079378990
85,25,946658755529701742198580700126047601159323506
85,26,909181024520595966900281262785894845799394954
85,27,807812411071560626911865829312702582751573640
85,28,667530389534903461788681015531365046889073174
85,29,515591012323968031327534334211601379249265582
85,30,373990220394315448939955708252803992268561264
85,31,255889608360770045876805454168825925526460040
85,32,165831351776623513374056148927767742188431084
85,33,102176718928707850140056096040167910054244178
85,34,60065364753232500345667976785297020779521918
85,35,33796094423593925864401359163261772620848264
85,36,18252997496660652462710957515719960348708704
85,37,9487663202788828031864710164936522465063638
85,38,4757265722205244428790332776795600843604818
85,39,2305872407545328756336903855699427912187284
85,40,1082425805694025926408436258205867088314224
85,41,492898819038909214708426933050644460083154
85,42,218041962781285797968042268091963460295750
85,43,93819329035627946906482125922616894641342
85,44,39308810394125228615688740954843227632706
85,45,16052494287314694672037267526342014969584
85,46,6394399173849677470790376243517719823202
85,47,2486313361227839132286777259233030226734
85,48,944178742679640940961809924912981277040
85,49,350340904603925741229689701304136515652
85,50,127062556457415737623370649876663196068
85,51,45055169650255336508602744335203903772
85,52,15622211772951113106718787172646965708
85,53,5297167481699736702406089972019434432
85,54,1756481359110761544253808527936950508
85,55,569509392600618008934907871219592494
85,56,180525332644788460451383815872849512
85,57,55929495545807938173150193928318978
85,58,16929999371035461167495993609548846
85,59,5004893589340808234511094329190558
85,60,1444181886064202480125028268818106
85,61,406500699150198443516824718868362
85,62,111529227533492261597091343407842
85,63,29800784289593765420255554997100
85,64,7747192420469038182816755743240
85,65,1957222818262465704398111852638
85,66,479892763559259865231119347636
85,67,114025354266622951193604398396
85,68,26209619011083310086794421358
85,69,5816447173766027511159962246
85,70,1243353457432759449702853730
85,71,255336348992599063894601396
85,72,50217884293939849525328854
85,73,9424059917065128586343470
85,74,1680182565266092437017826
85,75,283096422303773896747438
85,76,44791103687464429216390
85,77,6602072014722786846636
85,78,897496883412289208884
85,79,111064461204294176196
85,80,12293787850961915338
85,81,1187616971378280494
85,82,96523926148188874
85,83,6218688271553566
85,84,284011621861404
85,85,6947225571872
86,0,4435172781792564680
86,1,120764127165911608720530
86,2,173986816012615782183046735
86,3,63048798553255576156594659384
86,4,9199359600365173046157098658801
86,5,683169688512300636450923210491655
86,6,29723820941911377354209881308278472
86,7,832159369746720312218668979109990763
86,8,16026860409281894101376267425642209063
86,9,223204653695988838955519287846968126980
86,10,2336372698103933695372584294567931443224
86,11,18954332744785175568312155121720489927431
86,12,122197500739018273316441450486062546543535
86,13,639166925242926671705574398794807570803430
86,14,2760376970547288289142253694469078932305703
86,15,9991727779562403889750263629401297249486304
86,16,30711036971196695534919732008068288281832137
86,17,81081048683841459408802316817467256511309054
86,18,185766389142307489101472069754291740125571942
86,19,372785446444548109178419566890169257285212298
86,20,660797921113667332879675403644447057164513443
86,21,1042769851193788305295249550770238456568087450
86,22,1475637856079786978208017642212899955384698048
86,23,1885438205472865355074374725475311448601694854
86,24,2189236668710564380970230826319699540357558161
86,25,2324261339607947382906659435358910914486797251
86,26,2269463402555695275518837959034457782572426103
86,27,2049362621216436528054335264378558052804263690
86,28,1720533114589802180925338909477732630762243340
86,29,1349665396798199777499467300558192754700270107
86,30,993927585262201428226688287998423018562591202
86,31,690190184240291602349398061629916630408798129
86,32,453793497167469111673890391239437632670027757
86,33,283583942666293533855867654641026880339206885
86,34,169030648984860995391281808715807656201080980
86,35,96406443860609318971607191220979903572729705
86,36,52768275809353940914999139202562069079259612
86,37,27791596684445813417947672988207493097149415
86,38,14117558421579655981713568602079508980710415
86,39,6931610972482538298893409267652545267295727
86,40,3295785928323228998990013803842232994296049
86,41,1520065037897723833807164324818238187105038
86,42,681060625094171162264217285782908818414032
86,43,296819905941709510032076064129152577747541
86,44,125972298714675377242624914529301784980839
86,45,52114325412367904786577186594406613759988
86,46,21033144669110685703925354309096784619604
86,47,8287547659482701272426395503996948822952
86,48,3189932184457954144998129857052140692152
86,49,1200002645903268384355899842502437478530
86,50,441363295685507243386827970704592295364
86,51,158763348383357913082462010851063966708
86,52,55864012183128466235336551754877287760
86,53,19230580664949271224530816503719917356
86,54,6476578374400903074427666544781188624
86,55,2133885632852950770850339299126858955
86,56,687722756313271286459567790351976446
86,57,216761356679651293150942299735439153
86,58,66795997836578228415981200027530615
86,59,20116685130983998810974416081726513
86,60,5918325461546019123233550565923608
86,61,1699950851857654880835520729062277
86,62,476413839331077068080248357671729
86,63,130170137924246334230430015729160
86,64,34644513550634735548104282856152
86,65,8972506704525834938648199251809
86,66,2258632304456892564593689901980
86,67,551891166500949912355919280227
86,68,130700794831003501442579251122
86,69,29947765349483895527542306633
86,70,6625884697750694062990610230
86,71,1412260804636268244474615845
86,72,289211552292029149377646130
86,73,56726950429925407652509769
86,74,10617921129916017197136328
86,75,1888286923523237643672328
86,76,317389781501323279778073
86,77,50099321581449530199900
86,78,7367733322258551687896
86,79,999378033862563526379
86,80,123407751335350635328
86,81,13631647272266349340
86,82,1314185210066441294
86,83,106598757750448538
86,84,6854394680865229
86,85,312443689567356
86,86,7628150722579
87,0,6696794789496177726
87,1,186543265200275597969438
87,2,274788296057001594489175872
87,3,101760602561819775822603688608
87,4,15166482497464241184759218010020
87,5,1150017479924428272861567568459722
87,6,51070752344397578442753665581976318
87,7,1458903495970974738638345878190355534
87,8,28661413367906493262835726182400264936
87,9,407073274590364959149960481196337432394
87,10,4344458352059869814950198693637863789074
87,11,35928687920526953043823893989708471266004
87,12,236079963217989932763661265335159755457324
87,13,1258366720420929757071889059049261087478880
87,14,5537264022173096062056378841161297566428872
87,15,20419385046189979048816160510301420637906538
87,16,63931443212404907221126501961822980197340706
87,17,171909277238773425839573142378716476124279612
87,18,401093901359777805661830277503967040922284552
87,19,819541268929837517058145555170807657086210974
87,20,1478905835215595215567948949898999777567516908
87,21,2375410275108986707646992604562752589445034494
87,22,3420712441791970995031065150572065817785700208
87,23,4446651396772486378966235310586430497711478514
87,24,5251503136990201681238174023639095222622336622
87,25,5669192202903687669087300212278577643489929880
87,26,5626908748525528764198176853659597982882619950
87,27,5163363502455271060312295625562255366472973908
87,28,4403465520983818501808233940724511141982254898
87,29,3507697837689395487408208932997229726697266618
87,30,2622173210915229825005601412550399793031219008
87,31,1847712151999182218621849100151025344538950666
87,32,1232356168219092469168889943392230697603948182
87,33,780968459760058553570433813140499893803881286
87,34,471914065157871236388912116387205564962074874
87,35,272792904662779541757408141022944912379046076
87,36,151295884616726019869039709262931884073140042
87,37,80724871752573832313161530512524872051345618
87,38,41535652556667165338679188403250272383707286
87,39,20654132998078303023051192062081840059550968
87,40,9944955612584418070510972914296470172550678
87,41,4644646902622488041644776134445722778956018
87,42,2107241535246958223084124203019549267154050
87,43,929964565116165890966946137784068297249264
87,44,399682682981149561288583049272303572049236
87,45,167456265360296452777785660376952992885100
87,46,68454889913498307031783654789446972264582
87,47,27324302339500822919307539031044548124328
87,48,10656360093782083177602835388561633573916
87,49,4062661308798513744038761667590095999786
87,50,1514737635155791255803785112395434223570
87,51,552499229894804052144349376713148698336
87,52,197195677598609931308596157112980242232
87,53,68881407838980661966439676648578538972
87,54,23549294095700382308412406959851782776
87,55,7879946213184914835588631021633551202
87,56,2580493504246296528641328337096995566
87,57,826889961052361328978239741141464668
87,58,259212353230130494287353168369163578
87,59,79467561450358522530583916200064822
87,60,23816496947353888390674475279641656
87,61,6974449966114795984498409378775148
87,62,1994512687597092923942935479793262
87,63,556629918958985969010607538067786
87,64,151482024308201712039396990486154
87,65,40163499993537594828250334565834
87,66,10364121638924946269322019977920
87,67,2599890713812445133662409314174
87,68,633167222949400638745360562902
87,69,149471686565768520369777905098
87,70,34144220623082077157357325198
87,71,7532192831935478343369584372
87,72,1600908610355413330820739540
87,73,326954632770729763532496434
87,74,63962394399050513925217066
87,75,11942042333345193187950098
87,76,2118598846929736021851554
87,77,355263532732925206123322
87,78,55949911033510401488054
87,79,8209976743383165756524
87,80,1111236851282843230558
87,81,136934896453512017300
87,82,15095191360221905628
87,83,1452401513584633392
87,84,117581940800965756
87,85,7546252394271020
87,86,343335900768810
87,87,8366782038316
88,0,10099017006834468131
88,1,287715317062299756957739
88,2,433224783747686139079209130
88,3,163912242948371450110499701149
88,4,24948258555005028116737748795178
88,5,1931125497636085987684559149300696
88,6,87513391179772162282408404644745967
88,7,2550278100629882968596482387542880614
88,8,51096997986059357164821205532032856176
88,9,739944883579583676897955244317318836631
88,10,8050005719622892035921530009570954853128
88,11,67850245663672853521722160482733638953847
88,12,454301042902408501326327530205739021927744
88,13,2467168807007546859854687481629253421680401
88,14,11059410688985645517270409988856261036077781
88,15,41539971061917964598995814938919108724926346
88,16,132454892120950142829955815493900076076573673
88,17,362681475822037351239961801203136252272891503
88,18,861558140532104320827294687960199675430884072
88,19,1792078356156782231047118132483400698402535701
88,20,3291568000655113288244132796156211614291588686
88,21,5380185467858154177851643433192519006076459745
88,22,7882826255311800469119287684563311765935829153
88,23,10423296065679907768727211043111174042750613186
88,24,12518463193133197048409386841314342666168160833
88,25,13739214702661653295063073977766454441238948306
88,26,13859637100111908100863751812516008093453575389
88,27,12921569808108286696752336893377637530833236777
88,28,11192588377522502498336761173591411034659499529
88,29,9052324740579865300758223486472405947264802441
88,30,6868291004025598612899599117011663194813879041
88,31,4910434549503115895964781909801373104201923258
88,32,3321800685666484454500731100796090128617967754
88,33,2134435893768077278962438509604863294710578273
88,34,1307359259622743107724098402354366597276220087
88,35,765824261551076214317502134573198944985993295
88,36,430310422976484217060264958798910052959524850
88,37,232557135100584400237368497234755169121406158
88,38,121181038445266469295766335530869733486913369
88,39,61017025400719121442183430340595445527627582
88,40,29746229963133270170904035678543915933036995
88,41,14064906267644892305751405712568765476879011
88,42,6460094008363670937904659283206763630558915
88,43,2886234959401465696612165976195052225556303
88,44,1255846503377602974916829140487927747218210
88,45,532731440893326905593693088425895094881343
88,46,220516571792938282545869689194523277604232
88,47,89140291805536395203635976518883346052324
88,48,35212323041953476797731572008998381486907
88,49,13600163361845213997983693809554823110552
88,50,5138306505871809936308204437397258907078
88,51,1899675821741500610212976809496188760135
88,52,687451081139321509154282424814532038833
88,53,243551150081796905978656199241235708719
88,54,84483823270494309743125623513021217011
88,55,28695093499429443972954934511360525061
88,56,9542798227601204839824725214021234989
88,57,3106913104527179734683214292630259041
88,58,990117935590291936013722271290174032
88,59,308770562853116971427705238642924564
88,60,94195318956105378531623253999435889
88,61,28098677532124996808317510352755336
88,62,8191958425363640631732791030927392
88,63,2332803776112063439090737305647737
88,64,648423462607522973707993683385769
88,65,175786313277441662087542375015028
88,66,46436845055151387028330729755652
88,67,11941011969765072795397669093570
88,68,2985429179444445131531227477029
88,69,724726910725571676038994992899
88,70,170559697441124109243590460833
88,71,38846307559104194219324657928
88,72,8545139195530972916991520523
88,73,1811241460261116438751727880
88,74,368937975816548142091060428
88,75,71992591440427998973734425
88,76,13408416289563949559876104
88,77,2373118777593196952652225
88,78,397033326635295158520900
88,79,62389682957447736049424
88,80,9135274644674915123620
88,81,1233899277051195802557
88,82,151741900339115848840
88,83,16694406565731408615
88,84,1603172809439980131
88,85,129542784648371109
88,86,8298460175040127
88,87,376868514930045
88,88,9167259675014
89,0,15210864097167954032
89,1,443095949078722200358820
89,2,681826008012539909588944194
89,3,263503459059860840709819741846
89,4,40948711581053194619186567611908
89,5,3234934094942036720631633785066382
89,6,149565757891151278737724662580398926
89,7,4445414488474016310932978752707052664
89,8,90816898115223063196526363738659123230
89,9,1340634775646710494767614484001604504712
89,10,14864581976628546633208300304107576779308
89,11,127664358201299203672132399495406175849002
89,12,870861622383730918745850587445769929924098
89,13,4817528469187314235389362497030542960170354
89,14,21994586160920888679327685842174055619044386
89,15,84129903112078007277013654243976318793988442
89,16,273146868412278760331928411753806188571119586
89,17,761449029417905839410396769753718151161585542
89,18,1841314805971806214363903991350352640916556466
89,19,3898205479034644568085762748839832134124059750
89,20,7286262035494875731890317254838086093216255262
89,21,12117564868793646705589070397136790175704263970
89,22,18060458208213059490156982071183914099889100610
89,23,24287498949440868919831954085130104942328499866
89,24,29658626791041097112367204182814386486346634370
89,25,33087572161884934055342808978010147355829338192
89,26,33917861766280702987326237854383699706428445506
89,27,32123838762573017781961032375309178147000733128
89,28,28257474157085894423552161112191466834272172702
89,29,23200864408656072779709362224611499864005348112
89,30,17864164011907651283344274550234237218748769568
89,31,12956676386097334345739231898292286592486502152
89,32,8888744525052131235844171139786357272350634640
89,33,5790326810439715125044194846367000539953972726
89,34,3594485773810574962967572144441976824692933786
89,35,2133400415769961268032873232189605416359637756
89,36,1214279130483903306520841368022170039825467220
89,37,664607602557223730100952869767122373941384086
89,38,350662409122346462500857709138127580137596918
89,39,178755433533343303516279622573329952572241294
89,40,88215242052843091966988234645318425274874780
89,41,42219865508161964563393798894435769158143100
89,42,19627584212101332297609402810050232596878060
89,43,8875688650843274863520415610500841064458590
89,44,3908931435585800348658350166628228421702712
89,45,1678432288703022792547525079009359067878588
89,46,703311214194672190671999326395976643247414
89,47,287833767317073404477921049836055201185112
89,48,115129863875749054353034223720028897341696
89,49,45034048143181873999396686571466027683758
89,50,17235033773584204659489753590400432295394
89,51,6456135479146704304238155638978613431902
89,52,2367860173695901980958899801606561173786
89,53,850472951067362026411216573374604401488
89,54,299192275326219838253613113251946425326
89,55,103099758603524045972021149501937527002
89,56,34800288801053439881014577300322072712
89,57,11505238230169901859584039732264478822
89,58,3725073981229574616421292612112401166
89,59,1180888224919839662190965692508457624
89,60,366432457658493717311329519448376002
89,61,111258851823373940989233983779125112
89,62,33040082364563033474989614071721534
89,63,9591538134478898274589115382698256
89,64,2720272878120254012549320303243410
89,65,753197671449989421827233810934634
89,66,203436017022905058307827453756448
89,67,53551220559505384526110755963036
89,68,13723922111327478015593173557480
89,69,3420081787749032122039092172980
89,70,827665452078061207420403892308
89,71,194205689395972613874974842034
89,72,44105350222452111264121090774
89,73,9675298254115376735267832848
89,74,2045360932202445125535215396
89,75,415563361165093549243649968
89,76,80891195789190137424569444
89,77,15029941709615640631472630
89,78,2653995062590063909588192
89,79,443037662764180460876966
89,80,69468766656877835066640
89,81,10150548833433743670116
89,82,1368247445664572681414
89,83,167931167495510942606
89,84,18439931907251009320
89,85,1767464116157940186
89,86,142554950539299356
89,87,9115475231538144
89,88,413232666949272
89,89,10033968277654
90,0,22882221497700091956
90,1,681386184193866108089940
90,2,1071249783598290829504126955
90,3,422783845834521663854790632977
90,4,67065775443150052367513591295261
90,5,5406141291140988248375706027147491
90,6,254956093432913069562345009620469530
90,7,7727212613948789475759777039992858191
90,8,160929458097471065103140579354678092600
90,9,2421207385062533642699173214875696966030
90,10,27354778780947472861569064044972008798570
90,11,239345951236315415875866542039847659204609
90,12,1663057875094758182833386208126118122169293
90,13,9369522554830391788229254901573963568496232
90,14,43559472712277565479182966272974333623467361
90,15,169641929154375963424108693944371008902926952
90,16,560711039732819126047978950761521905270527192
90,17,1591063826686945902620431004226484265484670747
90,18,3915797821423807238012955447613027708781631122
90,19,8436061958868122998866452150419234817470720394
90,20,16043309573783679990020904404806437244695591186
90,21,27142029029496353384101695695440797996153412742
90,22,41144147863932485078982014444021941447658503458
90,23,56262492019393065437080130114674786013822867430
90,24,69845429483215360025725135085187011906855325650
90,25,79192850793713080466057522939670077156470705376
90,26,82481587500110198661855112486390924455542474537
90,27,79346539169100082278926002778539235831733194684
90,28,70870150584210678009311532440283895356082629800
90,29,59063098331302937611773676945746698280685434399
90,30,46145253462748735276964636089888337256884500392
90,31,33948520179295800102173031077944228573326203945
90,32,23615889655117401975484738209252915932858941642
90,33,15594200785746472126933895083146342823423270138
90,34,9809810197507272349891165285594953936479193615
90,35,5898448308172985993064629822777722061245326911
90,36,3400282892967455831109570772115223216201451252
90,37,1884497173290069595072680349707577265020742298
90,38,1006629040678710222651613819627353679541760263
90,39,519421950185419028295024246037899516379313641
90,40,259436344222021892027151241716441124492231166
90,41,125657993509932870315583596581354070843218882
90,42,59115403046295338081713694869440981008817168
90,43,27051111240980451524815476085172870208417979
90,44,12055717883166086117950716900115306572397366
90,45,5238504160424844545497838210272101998253095
90,46,2221515900908351223956355094534150186681891
90,47,920206554963785503891647324981939367708290
90,48,372588744152910252909417362234846077240554
90,49,147553830132824728523298957796195728442481
90,50,57183691406385519592071747595446950543876
90,51,21695984565312417517535607703745992751638
90,52,8061561992654853471972450741949454164034
90,53,2934295171080962636181215093954211968399
90,54,1046434526866103197991314293355030372627
90,55,365671520918919873329266220291634646457
90,56,125215342968861461741276579567953975929
90,57,42014375114548199820976563640588356396
90,58,13812406055193503331196606026572491064
90,59,4448355472722322102624921794865995655
90,60,1403092243532415228895347691145525810
90,61,433308251314370603101220178848985975
90,62,130968709182218101912384219169661393
90,63,38725834256185543689111134872163420
90,64,11196039156380577133510468918744807
90,65,3162922775647530408878790013265306
90,66,872494601582657599611904952421387
90,67,234818166450600750106403810217289
90,68,61601436981776977891448597565491
90,69,15735495663774972606123803018279
90,70,3909114347800479400340955111951
90,71,943173532629738419574576339710
90,72,220671024415542293882541683872
90,73,49976940011801002331893879135
90,74,10934103741580227510668576447
90,75,2305535569263511769797999463
90,76,467263789348805707692491116
90,77,90737461631311927820926473
90,78,16820477166000415922792303
90,79,2963532571819829373322085
90,80,493639193471584825886100
90,81,77240795335603084203190
90,82,11263195177675623069577
90,83,1515222701650144690805
90,84,185611840000482833944
90,85,20343092641886306776
90,86,1946301483516302546
90,87,156696667515203522
90,88,10002025682577380
90,89,452630885874681
90,90,10971553600654
91,0,34381014945916273052
91,1,1046306049313826456620930
91,2,1680259028687036868245447912
91,3,677050606096823648079993075396
91,4,109606919639921414046196132837726
91,5,9013510550776815448269649522730304
91,6,433504625600528206777257280270105642
91,7,13394941790077667021642514633930003842
91,8,284331795922315461881454668583637366536
91,9,4359023238489024309640868226550966551548
91,10,50172401508888689137468363211457866736700
91,11,447146424689844283126367063792229114354186
91,12,3164093838105162581502126041933887574936300
91,13,18151448305073630146240248606413236627033732
91,14,85914658415965684568602894948858298269516818
91,15,340605280772848884408284563725855258100928840
91,16,1145869887959964289888387624781914547500884432
91,17,3309072069863545197815806741016569505888423860
91,18,8287120692047187809333570979342751126753337990
91,19,18164621543095012541267038785829575635738834350
91,20,35141185306103077565641155029713973539027616892
91,21,60468038303493393091080409343243139216278781832
91,22,93211455696475677883687935180001383863411267124
91,23,129587937993363813120720774023924622968524571992
91,24,163517557667503156499289076995226547248614470082
91,25,188399227418883309385161609327865707267425400164
91,26,199339288942676983204873332653893569793186857022
91,27,194748339532450802410474058311224184141218332882
91,28,176595183651872691563663210888973552461419089596
91,29,149367488055564168069375655097133273104319062190
91,30,118397647256437886746001820925721043052086688514
91,31,88341492611017071320055068013347843377444209448
91,32,62306050091562730106456622701384042495119072554
91,33,41699450050544412045592472457580758271010405836
91,34,26578828412634539310433234343566515117567595182
91,35,16188151081522538652315675044736924618633367654
91,36,9450311825038184082109805570383718705916570052
91,37,5302711478584586073520864408603804175808833488
91,38,2867190217258485554639911606067465294750902822
91,39,1497334735275057620030125897213666309828342816
91,40,756801763569364886602629645752228708516469760
91,41,370893777640739421646958136733956386164660008
91,42,176537795047500017902227740076691549643474576
91,43,81730319153330567023608322804150677765393214
91,44,36851000499519007154112035928061898284590984
91,45,16200636689515344449898234862187647510672606
91,46,6951305521746141923076761037530760184756572
91,47,2913606587443987888794999666722228427952000
91,48,1193859355115677034043476408165928968581072
91,49,478534914888566655455326582744834549366592
91,50,187736855682236997137375935622523638649106
91,51,72120405991488995242969870072298918733792
91,52,27139360517715080367467571047393459663318
91,53,10006892194588771479401251359796613398206
91,54,3616175877751064855374847036823579664694
91,55,1280890315333205503259632445486860409176
91,56,444751914052117550951483971920132924106
91,57,151380368613735360496833208925105019312
91,58,50505771921424851619085887180883927622
91,59,16514970676219944994584402532951383106
91,60,5291724197131823621109648632135924598
91,61,1661068955156491465753270974051764034
91,62,510632044175890246703467748357754416
91,63,153669089934839269644577159404973012
91,64,45250019171426950656597323043603804
91,65,13030651340642190679415213031338982
91,66,3667354399687500126043102558532218
91,67,1008005933651357241196785270905584
91,68,270356382034257244086915479343356
91,69,70691043076761264395718778792270
91,70,18000411904441227291174240794450
91,71,4458254672641460967650916609316
91,72,1072543839464855450425340250934
91,73,250238936089091003407881621378
91,74,56521214689762397515542099840
91,75,12333903593737223849434200916
91,76,2594211320219823051305238300
91,77,524505391906354505381779402
91,78,101616578466129652473403298
91,79,18794897375034082898713590
91,80,3304201686880306994087610
91,81,549226082781728979588046
91,82,85763099276238706117766
91,83,12481109223532878364864
91,84,1675828736320768897422
91,85,204900147499244992872
91,86,22415935222771553070
91,87,2140775040614483264
91,88,172050956243769378
91,89,10963123670521736
91,90,495277631959152
91,91,11984930050610
92,0,51596703258691892846
92,1,1604364004500708387991608
92,2,2631122834917322465330324464
92,3,1082200504546588359077993161698
92,4,178758408473752583621760042955115
92,5,14993474396410503733681893632547381
92,6,735251962332915302915922948868482264
92,7,23157252073379404226076493710811708598
92,8,500909190749285091281464361280596558082
92,9,7823599220273848845191382095819265584126
92,10,91722125326502882149027891601505080944672
92,11,832470583325339195863835377764058900619152
92,12,5997982138769508646467496148692489567914705
92,13,35029799022985652578541186939223445573951172
92,14,168773205690789081887088469235872773944891271
92,15,680989646903970528325898699841284527707103539
92,16,2331429407596477414347837180333348035183046140
92,17,6850716339754041092126710270855674060186449237
92,18,17454979275678455129330435460045537803430726873
92,19,38919509368735012199178134131766289675814526820
92,20,76580232785777486476670065337421060899697868049
92,21,134002311733677409914255419705497037344101534139
92,22,210019802774990470024081212258987084302400147595
92,23,296803483968772132703939838183707375714630109856
92,24,380610754149635751871232948987549466765592135386
92,25,445550101959048858531499272535033856905121917969
92,26,478839247651160837765320848828068264591570545863
92,27,475028544211403170630274343905173570213935154541
92,28,437256375370432641518517205982664045670210098534
92,29,375302494517924391216918091271767156497854559103
92,30,301779708505320209544568656711374247644143485557
92,31,228342162672676205059258433395802701479281619410
92,32,163260364753003961212999126489631296206661059558
92,33,110731007280746607120552455082461522086890692615
92,34,71503806447294477247798452945825604980215137027
92,35,44108253858112241888290928117048510689499231052
92,36,26072548220333088070714610248480627977032205993
92,37,14809737662072971740173828077228960297669678140
92,38,8104533407004731288677694775117381945409322438
92,39,4282881802833924431493492713789707723433711734
92,40,2190192482950910683189806403343132889680781223
92,41,1085884849999527458822901505970463808735576205
92,42,522842504512479409286619513072243779724679507
92,43,244846446359338989721966781498014513431012161
92,44,111668092461639493441418327767941075831837115
92,45,49657622552585713453177223311562938820970270
92,46,21553203614787746857349147786861731954884390
92,47,9138987652157133284255564780843471865521606
92,48,3788650234846607637839739726756010877678578
92,49,1536610467959395123008824807590710961167555
92,50,610077917749491990566001869925369184190842
92,51,237223945883650181393070379434945567194387
92,52,90376574806724705962005935541547955422352
92,53,33745452297052245932047646711795666792422
92,54,12352136776186099005024517592838150320813
92,55,4433136467668167593041300701589636384220
92,56,1560154545443562162755990913007826339678
92,57,538429271146365987311872388911854058980
92,58,182214785839667647218481595718380534856
92,59,60463690740863760304667049269002231177
92,60,19669658603240134704480233201904607241
92,61,6271881075728411452492598311227382648
92,62,1959645087473602541846191424563374994
92,63,599772631122061223951930554021362874
92,64,179740695114157188058187075266763919
92,65,52716424997701620336041987776016151
92,66,15123091974977797478042042895452367
92,67,4240813538768767876167116123894346
92,68,1161584356203410327612181725720292
92,69,310513587496999059549835257125998
92,70,80932958003176822182719477224147
92,71,20545529498235711239551475036226
92,72,5073724424449179996124077243830
92,73,1217177929077319190250856372888
92,74,283215968797695799366185994940
92,75,63803150865600595210995707568
92,76,13888017472473314708815828778
92,77,2914022461760061984544418940
92,78,587789427872574060516526508
92,79,113620021301067577157531847
92,80,20969151917340237531004583
92,81,3678647671456383649391962
92,82,610213421789389145019817
92,83,95096906895455425456498
92,84,13812712836756756159285
92,85,1851134847506002170346
92,86,225919770658578860610
92,87,24671263575079539453
92,88,2352042156428510023
92,89,188705860976606059
92,90,12004078967017326
92,91,541399852494744
92,92,13079287306294
93,0,77341816053089649060
93,1,2456600378033183383691130
93,2,4113355094359828509518310728
93,3,1726597080747835554961613198924
93,4,290938516868302172973608793123566
93,5,24884501696324275507986755157791264
93,6,1243973758170811577165937690821832206
93,7,39928380258745405018223912390755675098
93,8,879950617163752207743632629429027086434
93,9,13999355073313755313056162605389094708858
93,10,167142327784583586981188036321478427986750
93,11,1544581532275706530449336504784597061973918
93,12,11329322370126914334140305569147181621948786
93,13,67348428479149526519920474316366968475482760
93,14,330235697227082480174898144274885235076516040
93,15,1355923218507184666130280165841203863263587468
93,16,4723199374859863137987429606520414990906205274
93,17,14119357376825197481568950945353178999237721262
93,18,36593763355360466422868361981566930118601821606
93,19,82985892955807213924533119606969420533167388412
93,20,166049646494153894526080560718882573648229091822
93,21,295424366237307211878211956354209319274471185848
93,22,470681631109614582128109533416110434117555288184
93,23,676051833249218989366729978799721883131499450572
93,24,880921434728976709306246971209547283448730985228
93,25,1047583900287230280559188279179965005477933735674
93,26,1143403129462034732856433135189765603501436186552
93,27,1151645914503606899291157865939998210501519031858
93,28,1075944061306232071051935248488544104845255008850
93,29,937018430965894257884520422836498511230653020490
93,30,764231824826479522464942631928899617877652373438
93,31,586332126271987243551543865425770664873945347456
93,32,424928931508507363537113271324777143058078837920
93,33,292039819200447304789131627897774939905400704524
93,34,191031406927355418069736444350195386002922379270
93,35,119336150461924265196118304591547412912287041302
93,36,71416062718272248473673722491369255533763571360
93,37,41059635754449348420323794983329288450473026200
93,38,22738321142827386479791483517083895738691021902
93,39,12157644442495534350250476338161285564531096344
93,40,6289444017517550818047193815886916514575188376
93,41,3154114751397801826767960758589087585652439428
93,42,1535991771707859201662735240952109624582298810
93,43,727461295071245195527727694511860432765845854
93,44,335529005731647932915985328153305137862334886
93,45,150893769998293163089036250627700573952027420
93,46,66235924085120135935888319031381690915548994
93,47,28405365864236568367365104530917028812056964
93,48,11910868976748995348937044155890622975166806
93,49,4886830408404428705037320120422226665087134
93,50,1962966791390917754636130125907460478332778
93,51,772363352526048528076189571146348524480530
93,52,297808845147788705632310246209355915923452
93,53,112566868646182777016997545285171614861146
93,54,41721343495047243906465544670621921226508
93,55,15165892708871073882496176260751368979168
93,56,5407519272063210518963592216208616646584
93,57,1891382039305933723488329762134638247428
93,58,648956138826032060498921769772336270744
93,59,218415681560104438056641241094234186248
93,60,72100137446219681430369741805598946864
93,61,23339819197681212730314491482303269810
93,62,7407418320271535291474666854546666830
93,63,2304177992692333954478659801608377900
93,64,702245000268985772098398379385968480
93,65,209603757526463467147864488569328816
93,66,61239324992514883567568148699297294
93,67,17503804485783790925827743084615452
93,68,4891240226937679350104393484863602
93,69,1335255585603058282934695641168094
93,70,355794871506856046263008033472192
93,71,92450137095140696798369503016732
93,72,23400037676928500350031689852792
93,73,5762272576437221588447490844952
93,74,1378593436077601865418309839588
93,75,319933486716815205323401195662
93,76,71892870355593657903500875030
93,77,15610796960559499606603959708
93,78,3267803017056480469480532570
93,79,657654369106438315788535104
93,80,126845916109243434795803382
93,81,23360326465849347243004644
93,82,4089700433860876030313258
93,83,677044702124674799824796
93,84,105307553886988248213868
93,85,15266981895430717301890
93,86,2042279325430550312762
93,87,248802218397501826976
93,88,27122676723401425786
93,89,2581330718468223018
93,90,206754689827865606
93,91,13130512839936598
93,92,591237556847304
93,93,14260107698146
94,0,115798301313107604464
94,1,3756315029030768009067407
94,2,6420250752056420882546537912
94,3,2749687960881668368455244957374
94,4,472559546493416258077023215898669
94,5,41208815362292151259866697068549718
94,6,2099600888330899689787890579967800356
94,7,68666437246761532693171816434142076195
94,8,1541504251975131249163797115883734742721
94,9,24975638558454097125962935315900200341051
94,10,303617448469775307493213632545200318144057
94,11,2856288884139682036955811088282670453516366
94,12,21324257372511771979517016043804135333580969
94,13,129006244226011974887156900695391542556994158
94,14,643665951309390992341004800156708959889006851
94,15,2688862451989471587231195393188159059374866770
94,16,9528235863112445045316663296680827952541084844
94,17,28972097518583690200176872582808628966612821849
94,18,76366948691227370431254386534275109975679963625
94,19,176107280209303822736371518787438047985229252580
94,20,358279569376611686754466406596917292625265055852
94,21,647994492766249489568273421325839712940039914245
94,22,1049337421339338926790542522617184478668103832104
94,23,1531594736512622309660869272477198211311534668454
94,24,2027591231048171305040962988666923709927970500533
94,25,2449090705603929797765320000202926829039670946713
94,26,2714388599079711533897238990408324406233873121192
94,27,2775383474795798263141712151124733406609043633713
94,28,2631432040046599265051832489788631994519369089388
94,29,2324930986531455162378312713824668723024212199609
94,30,1923107639498644849890626004837169525261749389961
94,31,1495871071363058033262932888885819590814681549710
94,32,1098740341974202057819205938228018667632676306879
94,33,765083296045559979039048500191482272591032487722
94,34,506902549163238484654794335678742920375222543086
94,35,320639923302570328489904029823879423986176702040
94,36,194244868673448743779431668545690403590080385264
94,37,113023777007816135908815105733983869533218332573
94,38,63331387630687775216195610467733850640864801530
94,39,34255733006720131591797931866086890684888562275
94,40,17924604118432768499210139729717894349668921001
94,41,9091000330521596729229828165566553847015578171
94,42,4476889848797790540333557816062764425717903290
94,43,2143977178643795380267752135328521119489433232
94,44,999873834029761844439728532809559833088031626
94,45,454659068757786938061233834270435159077812013
94,46,201796788876461097031449963673503406381115144
94,47,87507583734530671087908555239999604565922280
94,48,37105952136880961344304147732709807169602442
94,49,15396564953822321342383618786944176237263405
94,50,6255454682240270884360687426254283576902480
94,51,2489895530376452957346131182872200146793630
94,52,971373066044287361585552729518651313874444
94,53,371565090338760576095097105482963317792643
94,54,139398117858227931673045485623848120925013
94,55,51304003711518656939975372063870274288024
94,56,18526298405190821859812327575740758534340
94,57,6564665441959326047466527201373008113973
94,58,2282655359077339965796546433099805413587
94,59,778867531548994806438591811677596209990
94,60,260764764818041490241360983948927206644
94,61,85652055525777686933956669559974844970
94,62,27596028580234995892174402832155563053
94,63,8718986823225788169371309398083695270
94,64,2700601267223737454352022528613481902
94,65,819722551311760016696828540984745360
94,66,243721255857305703976478509898370710
94,67,70944307669222910218381308267986055
94,68,20206168612199368755487924859180502
94,69,5627320911503980190324033752199755
94,70,1531231045764640455404290732752454
94,71,406750502663126880752232385849115
94,72,105376272452144188438926788880978
94,73,26595615141318147216038588248133
94,74,6531210545229939463320798191702
94,75,1558431633732567901091730654767
94,76,360749254852987027200936517335
94,77,80865960852733324814863126459
94,78,17517688508436738487203069217
94,79,3658598685484276039460717795
94,80,734678077051955740568022468
94,81,141399420986781152960230768
94,82,25986706591639927115581425
94,83,4540384692512313352210302
94,84,750193349051078964697223
94,85,116464700666352832798639
94,86,16853475061038111886641
94,87,2250472967952429416404
94,88,273687219257877737000
94,89,29784607803635831137
94,90,2829942530178718576
94,91,226296263570826460
94,92,14348372375461286
94,93,645044411113875
94,94,15533185455311
95,0,173177532380438091800
95,1,5735795273359754549611604
95,2,10005037781558370379207197472
95,3,4371163996967595967163064134740
95,4,766031089873078342702099436969424
95,5,68092854507606763608060421133225460
95,6,3535332044523911303569464427247497336
95,7,117786253154561559827057628161521602200
95,8,2693016836359096576056619067615268293982
95,9,44427794882743355267170436687676362687722
95,10,549818127021820740313089655298490850539830
95,11,5264638250402899288037983805483632756201392
95,12,39998392471918775562908375946045450651965030
95,13,246216150096099349684283709178888297406096048
95,14,1249809504056078189680213923872428699964212442
95,15,5310964673694588788803173586044574565633496510
95,16,19141899590288385182797740443572354427675684312
95,17,59192510556225678379391910765249788670934786060
95,18,158654285502621034873723009387813931352633560202
95,19,371985018085199600538173106642579054527808396262
95,20,769324346635681870443751573884581657761586878622
95,21,1414260228895746305530329506471188785899739168916
95,22,2327380824696058585003609717521094920295719109168
95,23,3451480749142394922910548387289974353094685310564
95,24,4641484445829177389716323068503082204689555126676
95,25,5693667890089696560073260367529917122478298837872
95,26,6407023353130531280836110015730576470644331969444
95,27,6649386811483063140360079908926337735410847147184
95,28,6397267825177562723825677787253631313682273809168
95,29,5733494925767565551245032766368537369349623284286
95,30,4809267039967980446428242579438680324412082257654
95,31,3792209294379637690738735997442329995176382454966
95,32,2822755667543962508783949647670073620627607982082
95,33,1991255568306026709845739605898988441814023028724
95,34,1336127244036262634692772647018421297590484104182
95,35,855693170700780348593848539512077582727036015070
95,36,524696353815839880963078937725983561522224113272
95,37,308942375504359173600725766364887581011248294120
95,38,175137171697994733301353409482532199131928383192
95,39,95820588037193229621366386618932429324571681996
95,40,50707067644963868495278838796314034969826041340
95,41,26005417222386267050945173462480675885309619726
95,42,12948350040256478008826028515470326830823702320
95,43,6269159755316450001267585278299890463642806734
95,44,2955719719366179027378291865763732519479886138
95,45,1358697049239854454098164503290189883700530704
95,46,609637218591703247268089177799846735866544372
95,47,267261654666819686230489226211501809425157484
95,48,114575796665711693545357071478562091470526632
95,49,48069233596553783228271632881948822305271828
95,50,19748901846073396238275601145214440786790028
95,51,7949932070816295975548536885171877687614562
95,52,3137147411684562988400345270799568672860774
95,53,1214030522109079226987763729936021759910114
95,54,460879878356393976891730027397189310791100
95,55,171680044599959809439900737214729441866886
95,56,62763641392418736231860469126497770495568
95,57,22522066251650711054132717947116038173696
95,58,7933228348790956590824047895990767972532
95,59,2743078545076211739417517701562683752832
95,60,931008553253725367016732855661051336480
95,61,310136383150662562913107400197763887824
95,62,101383616728805253412665857345540312428
95,63,32516733843539257914907206917515266436
95,64,10229474399176678393803661046765931038
95,65,3155473246064619795534431333244371314
95,66,954050062831235634628896583828225434
95,67,282602320561737291260863824316089654
95,68,81969154916993290349771544025437644
95,69,23266722486125989632910544573079392
95,70,6458543502736447663632048954063784
95,71,1751921231373897603052210478892518
95,72,463979103142832884954930819343554
95,73,119856529538859577850265666882856
95,74,30166596944524752024223759727728
95,75,7388449048323136221877567181646
95,76,1758465357589293118724093821468
95,77,406049094368699986718498786436
95,78,90803811344061291749886079830
95,79,19625299215520512804004082146
95,80,4089679298507521915488153036
95,81,819480073564190241436057482
95,82,157393123452817150138447062
95,83,28867844218926642538096780
95,84,5033930555280657060867268
95,85,830164315784897766727946
95,86,128642558334003263066008
95,87,18582363655309149907794
95,88,2477002728413379696250
95,89,300723127291751644334
95,90,32672364492938300268
95,91,3099256826758621398
95,92,247435173151058710
95,93,15663945531241750
95,94,703088352857388
95,95,16904635067434
96,0,258695237661153660640
96,1,8746563808144149791077909
96,2,15567053402324622608043214999
96,3,6936555851209792095638916260458
96,4,1239322590641992727953097522033754
96,5,112273811241640941070002836238885215
96,6,5938934745949906253825677354976784426
96,7,201535034317349091548883886952425159305
96,8,4692038058010778762348192571261670061271
96,9,78803282718696035201657617156759752644592
96,10,992628731755002893005208382549164441988815
96,11,9672418299379492849146496307832738116308891
96,12,74771557222621998985590259085324648620706957
96,13,468244966978166899225291871484716278133993526
96,14,2417707348027483337843055554789092266832500867
96,15,10449151958402055757995040509316824510491197940
96,16,38298958215000385671616018465707144008968329762
96,17,120423174534015981984846033096614261661757068133
96,18,328157574373711612065145480798325191871399347625
96,19,782143574241865896583272438111624648046763186017
96,20,1644142860758984502567532655168758785833195824542
96,21,3071574845656357930617933985497955989625358241961
96,22,5136014796536005855218651165156000005850251581006
96,23,7737635042403066110823772028295818415405683213452
96,24,10568452716578868477266517073027688520188827437755
96,25,13164263186299657863939004990734090954557978593076
96,26,15038321007323613352333459350200811543123951932257
96,27,15839556706336999907318480198270969006345480642470
96,28,15461306571925565726763348840119595332553058587933
96,29,14054867156952845599266534065451784269851903945494
96,30,11953709841754998214661915872568914152961685753960
96,31,9554127726329865137482285230162060973107884915737
96,32,7206182529974100851082024766718866050760900572409
96,33,5149353542784156890878712259141095192125790664447
96,34,3498905665178299401197406290951170721640038166824
96,35,2268468045489070032996395403908223544375612470823
96,36,1407772890336283537405818430464121462988217037782
96,37,838690051925886882866197501010922796480134805411
96,38,480952481636773029821228484964891539935889315026
96,39,266130422363636098760685246382771483606890600740
96,40,142409913849596667555211962073981284917906820232
96,41,73842803823751977054316600056705280496597298376
96,42,37168963955096804827545294706109944105994489958
96,43,18191077997861054103744842302360449819097472965
96,44,8668999523508333350381449409989329923235457796
96,45,4027823557836378290827628940589937540215126595
96,46,1826662836520626601337176575131683365634527137
96,47,809414591229267439957710698269971527836137792
96,48,350747101193333792080252340385659295118352700
96,49,148752886609054995475260638467860432070106653
96,50,61784415524574429187513858072226669560161108
96,51,25147132998223325707995012500497706374902646
96,52,10034847561663891325280768084993967360661212
96,53,3927610679128796549774010617650200323557006
96,54,1508315806892885386711038051393683652973180
96,55,568490912081714620445689288286149779701852
96,56,210336904043169813543428907088222701924160
96,57,76407330504546056718038781364386363816761
96,58,27253596564119638058963067164181889343637
96,59,9545510874071505894774582154258293427460
96,60,3282877768008435351951731199542147989020
96,61,1108563992448187966834420299223738105981
96,62,367506094234808830328084404987584111717
96,63,119588665681111734165623220749567498151
96,64,38188939318707693428609483874676300925
96,65,11964195335191937663672695913361068938
96,66,3676028489858168904503751325347039786
96,67,1107257438485742747670925533336401367
96,68,326805839002055230334364607876336937
96,69,94464770184469137683577134745100470
96,70,26725397058622501283051146550092790
96,71,7395255409535183091853367726636017
96,72,1999949778683889027118272591496723
96,73,528130986468713238770650799180449
96,74,136048321006106453679740576228997
96,75,34150149618889321083159872733850
96,76,8342536742121753186197238531067
96,77,1980607303610750888471509122079
96,78,456248614484151280622025881118
96,79,101793962720542424494811180610
96,80,21951465529784070011658391365
96,81,4564551816966415096002327750
96,82,912723908469870879790747339
96,83,174947454341344357314258952
96,84,32024626801484413510106100
96,85,5573784523778163011210267
96,86,917495740642774986583090
96,87,141920123376456615195599
96,88,20464462670969269712252
96,89,2723235499394426293132
96,90,330067342798126377591
96,91,35802170891685217908
96,92,3390733914607725862
96,93,270282046116996943
96,94,17083876730698711
96,95,765652226380686
96,96,18380898572773
97,0,386010141329044895972
97,1,13319911824720265184294628
97,2,24183812706416460875228708400
97,3,10988420871493404086801163190230
97,4,2001168558974997032733769622666334
97,5,184729296857705208256630890705485670
97,6,9953785199197957920204297882698602486
97,7,343977808560488786230048755360102206472
97,8,8153268352856998895741938592946767973894
97,9,139381921777571829623780302160994583053386
97,10,1786704930936882173672038465369556158272732
97,11,17714383205992018268302958030780748115167888
97,12,139309725416503829498984512815893422742524218
97,13,887376439062047633200921329888834484501298292
97,14,4659821044726529488106744819589605330537865978
97,15,20479626184588927492210294488367432813544300044
97,16,76322111711795193037035127629727904528866577940
97,17,243973982142859731639214134568994480877849977238
97,18,675822240927445058843828718799800463672963184296
97,19,1637182403582511749725600868545631425474466795830
97,20,3497440868859103711600171874797651556207832030404
97,21,6639053318941765665092922974137412330739444654480
97,22,11278009987426492833248524762687374540946378398984
97,23,17258155770937559307705127594791334704242757180558
97,24,23937970135598728647521233917238481194386144842724
97,25,30273504881379879622082126869840521225734188087220
97,26,35103210137757021615128726826269935805979647727626
97,27,37519240584897857755096868221286438482633498808090
97,28,37153092621600902475121132159237364207268300402548
97,29,34251604500115169833062541317283389326041448762732
97,30,29534190988154797086697201224812402057890982065608
97,31,23924430727976365022528786594244711850319910764810
97,32,18282832097944331965940010693032311057267641170972
97,33,13232433570224870845953379865185880058497853111186
97,34,9104018445857837110180023617236754541617066497906
97,35,5974732927457584086266457200687338627079072796488
97,36,3752167100447420710798431534079567735911180139966
97,37,2261532602174976069199980422888569411410461735518
97,38,1311758114943681816479966100902566037869081906852
97,39,734016824837122512743137253337935809530285356018
97,40,397130339848925957584686095386432156746197067754
97,41,208168921269960283400880127380509029347868025054
97,42,105912862696884335838276078009036810733255798466
97,43,52389586501662729759806740585334310098949934908
97,44,25231521317688595052708059296083823711366122330
97,45,11847155695805444634897585891164244958541791940
97,46,5429550513985433551364977257642810994829854336
97,47,2431319410959067011523216725216427739390141972
97,48,1064743575797734048930149551432243426996037878
97,49,456374379915388634307110326574482799390279152
97,50,191590951191544693408976236772012089137284002
97,51,78826124338147221976591937109235307668941458
97,52,31800477735615781867158150082094192325465574
97,53,12585139937941725794575130926494213700450554
97,54,4887697752885782665361273267261953098958110
97,55,1863390836787578644431766558195529168202670
97,56,697526393477260127077632078508855923200374
97,57,256420084207524205369300880090454137697834
97,58,92582925496805096123235673294842754844166
97,59,32834177119042738164276554176371079914640
97,60,11437827767280684936902806602488888224334
97,61,3913509225893552148458753621385067723422
97,62,1315089982226276529806475464116723286766
97,63,433959817793896979709629857759838123970
97,64,140593325197492267844075518689554565984
97,65,44708936681682608084479383557055464298
97,66,13951091717291039019791637100339353466
97,67,4270232384964395770234714639573876286
97,68,1281574262591784722643921247958741182
97,69,376944267438135484097157589032727784
97,70,108596158590590490922272154567900978
97,71,30625763321069001873770490027784762
97,72,8448724666946883664496553536796738
97,73,2278168268388126869399682694943168
97,74,599911664952427585902076852347224
97,75,154122118964304843017963597907558
97,76,38586454813199447081858068156516
97,77,9402700696922238445434285201130
97,78,2226918712428038429125793536862
97,79,511795023279276931362956742752
97,80,113930474030978586506229334870
97,81,24515324950598661025604559440
97,82,5086973885217803134998228776
97,83,1015119626569354808481428666
97,84,194191118740195900905182968
97,85,35479349293772558299355458
97,86,6163620933818794293936162
97,87,1012760668644477283492864
97,88,156381421327700180887120
97,89,22511262944933594339436
97,90,2990622035709965983798
97,91,361886748236352381612
97,92,39191210891796907924
97,93,3705918940725034484
97,94,294953822171790130
97,95,18615182721041926
97,96,833034438978744
97,97,19968765612806
98,0,575344720310028827077
98,1,20257831794527636162437587
98,2,37513129007399372267687109713
98,3,17377308453493935512579133488813
98,4,3225203946457320923598804734720453
98,5,303310853454350725101358712960952536
98,6,16645060664256448333296500686181514240
98,7,585668408053330401887583954833668799006
98,8,14130866558365821226801138518835553677071
98,9,245845225267052229439990249127437448196975
98,10,3206558326324843866787162216236916903774864
98,11,32341863666635711054521247664764070058646879
98,12,258703728283728268752840840946425880967722190
98,13,1675897645352282593128463819333459827144532845
98,14,8948875931055613676990262801656500090274420088
98,15,39987661281446961123750014993555338556117836373
98,16,151497840904027311103173507556444020400403917563
98,17,492265887214265828902467412000228141522415916369
98,18,1385913340459875034372280586717396698474594368189
98,19,3411872398417783479487908799213132474667263633932
98,20,7405918800929223566302658401300204181946888602378
98,21,14282453992827822523553804572221787936704983063392
98,22,24644824423182695315067915205720486830992362070956
98,23,38300530027868805424310828378427475648057687770203
98,24,53941960203482782099732711053867467910437825374241
98,25,69252234799839225881430202163275652241428383925009
98,26,81497268888728033116300494260370404697209353468242
98,27,88381219461683527829866472338832633523034478829966
98,28,88774295914984271228599719493092700098702572591862
98,29,82990686052776140597327797197125538629100204075988
98,30,72542823217565730151138474738640212576037261179418
98,31,59551619255133768460803632387061968062177320144912
98,32,46104008776504728381287098837124088440709431244670
98,33,33794039481601919500643507370292004897974803408148
98,34,23539867161190192799802146397666360379786677929612
98,35,15636179295959842795057100333428129677557373357743
98,36,9936045980112598683070924428284088805607717928187
98,37,6058153964182929807918167226008562287163881774403
98,38,3553807814572797922671650024592302665785721172562
98,39,2010742356742063917338576526882563852238648270549
98,40,1099797233719685608236742743726753635154526197668
98,41,582713706874122405375096932726320324541757905972
98,42,299633474222193276085251987627330912260153144091
98,43,149776326917616925100271146612740266401370594159
98,44,72889365049160166316845690844137177174264149331
98,45,34580772831721597322636107540338537547808314189
98,46,16013003728438512063092640494630742671173620052
98,47,7245002642565343471236079751167176056376870546
98,48,3205818762815954644756895150278645662612839663
98,49,1388457746324417920286505223174160013678527436
98,50,589025350475856207877756304511297175754581873
98,51,244915753500738504942119409781100402962731865
98,52,99865956798699971785193757400112904994283805
98,53,39952003636852632342465217266265636350620092
98,54,15687389268224575967809005991215761281952340
98,55,6047766491757009228532442992521428458815160
98,56,2289735351780849440215046757152337212013329
98,57,851548337242496345818911768651412521600451
98,58,311121715406979792658099870991247435916777
98,59,111683279366490306452262875109434421258094
98,60,39391272516265636654350847467122962398883
98,61,13650894279361244491444592032836913607006
98,62,4647774623951505936313688708133078361563
98,63,1554547818758776681572371059968556181839
98,64,510703593293703136877315380554092445915
98,65,164758769161599008033589054556594131994
98,66,52183080722362572282254220938795447468
98,67,16220947009602481793781117734367434002
98,68,4946838979235885069245592837212787526
98,69,1479445196181626435836512763182012898
98,70,433687657617462623150722806878337136
98,71,124543460859977748751292831948022998
98,72,35015292777468874053320621031347279
98,73,9631204263229042823749862364978349
98,74,2589671785489645857634045015192124
98,75,680085532458846960135937547677720
98,76,174262306960740913812021862997871
98,77,43518901711200292605310243777615
98,78,10578888766084207269799105796155
98,79,2499618451490615015399666589272
98,80,573169019754118267241350183470
98,81,127314304838069877081736575547
98,82,27337390821026968699311523993
98,83,5660967957798145981900823069
98,84,1127426336824092030132060356
98,85,215261544438628198173796580
98,86,39255788990981848121344456
98,87,6807353843415789935969413
98,88,1116568839221232302661084
98,89,172115759615988473933064
98,90,24734964522456980473709
98,91,3280701020014147637378
98,92,396358159700755632202
98,93,42857673066164620141
98,94,4046445792368812517
98,95,321574038052685066
98,96,20265268927353520
98,97,905549638610169
98,98,21675395590129
99,0,856608360712315029874
99,1,30769454571380681656081544
99,2,58102020063208559115288917810
99,3,27434464856976127501746753702754
99,4,5188208711246296662436321978354620
99,5,496991636110091969740010796021310896
99,6,27772534643300192530123600856624030234
99,7,994790828316102100768511257104386697050
99,8,24428189190461372432110433461869197332710
99,9,432444456061361971909201271035640219325466
99,10,5738088715753458964073567358725541397216820
99,11,58867425102771991147571880714557779415897048
99,12,478877671934883578008690002632118665936594998
99,13,3154407381477203515937834532884717590012274028
99,14,17124930212436647001217172467895493290211075316
99,15,77789643419663068365124799090676259672195515668
99,16,299561096421834586946837429059712554647011461792
99,17,989260006949615345028958059662237153385023168168
99,18,2830260086235778053790787868227557862309855421328
99,19,7079590656254557517249937409075983061268625530418
99,20,15612093395496335381658051204946235218826539388522
99,21,30583581840611679763712429684951826141194706930584
99,22,53597496908734166776383607999246106475078718253118
99,23,84582230067139828266757007119497012246372190946736
99,24,120940138433188535429693873961192484333744811562464
99,25,157598383708052458518938299687132925441415475283090
99,26,188204928887626723761912547918761389305079829013178
99,27,207064122213840656137997195087840546260664480302254
99,28,210944377306728922299756198995649261972114165491536
99,29,199948426581011780140836786814460800765836864683388
99,30,177156780569985337079796807624894537583937794073206
99,31,147365196240687773583719673533122636180007234140536
99,32,115568649049916023271941533730470805329017307133612
99,33,85783588855629532058288346102350940690955380691180
99,34,60491807300435663653464819787973500081461447308134
99,35,40665139982756782731541457701016291573548415963452
99,36,26144579789001395023344246341750248762659721414146
99,37,16123913213254015791103566882344344833678957801586
99,38,9564918436456225656354094827148982979993218654656
99,39,5471500800997553026067171624423686287930220296930
99,40,3025115240975859218420846538268357715441007088670
99,41,1619913220354655553476209275860770860545507033120
99,42,841731487501278062011629362151988470732709503484
99,43,425132397004374245049744660052821649398198325834
99,44,209028463608091006353604946391603269994961270444
99,45,100186641573781889154561652625121531511443158144
99,46,46866909090192829666176181508415802738022122048
99,47,21421286952247161753292455875495027978453323220
99,48,9575575861425565915451121849991517518467085168
99,49,4189796943997689147376068701288744908852368168
99,50,1795783197946522450203232997040287441225853778
99,51,754451067412285661144680759197748718246715436
99,52,310864079931151923428621556987098025056477712
99,53,125685160374491374920370244190053395720011102
99,54,49882873572080222453317694464355472615907260
99,55,19441220629725088898726035804747418905669980
99,56,7442578052545778608251615271860502996667042
99,57,2799294293462856861225535344508314695486106
99,58,1034599383033169165960995044142012967277618
99,59,375789341605715187262463209636621041953404
99,60,134150780017677130792547827275846151513628
99,61,47067907731840982652151203582808034437962
99,62,16230242307433318086872156260230727285910
99,63,5499944583383460924915574172960876202922
99,64,1831340033867118018447080389896682336886
99,65,599073969501229273626174148096621989996
99,66,192484169986948389576896576637326947350
99,67,60728612636435471039312320853164395328
99,68,18807612372205284220015989633118907996
99,69,5715452178557362249291501113746333232
99,70,1703546245209608441050679038743136856
99,71,497767905853937736581994261981091178
99,72,142503043014232834623577288035489884
99,73,39945631632234808497925206410723182
99,74,10955999776008658979247751294154306
99,75,2937815261500841610291306885747966
99,76,769479728229528886788490016700586
99,77,196668072931969568502778548857322
99,78,48994288506588805902288833302070
99,79,11881813907512958817909398389400
99,80,2801092507072822411014486868450
99,81,640886769540263297550453678322
99,82,142053714141333193379488007316
99,83,30439630296984055828062821462
99,84,6290836014495264656558044200
99,85,1250454886511072509502697320
99,86,238305348351121086199750582
99,87,43379283313196596687410998
99,88,7509149379833183244049298
99,89,1229568541701298736810954
99,90,189217989823929577702016
99,91,27148511241019491054650
99,92,3595103274433566742048
99,93,433668794355904410752
99,94,46820797114338928254
99,95,4414041126171676746
99,96,350273121945714562
99,97,22041946628821046
99,98,983529413463336
99,99,23508326878078
100,0,1273992149447312043666
100,1,46675522107881875421340302
100,2,89858181722705536461863596308
100,3,43240219520859567902395772051977
100,4,8330607133917330079008941798898483
100,5,812704919346173803170990442462454335
100,6,46237449081970356518125582479700059205
100,7,1685726024843902772895511501861476321784
100,8,42122801418825784716540071789850623328079
100,9,758632780471537592074853239929539653848116
100,10,10239012685695051072880351199920924462053773
100,11,106826338293549720045854468893513785572372899
100,12,883630839764304756921097220600661656358042444
100,13,5917576823160614399093211777039012816442529362
100,14,32657036256561534407932412380913835567796082307
100,15,150777774772733952138297041012697241686335154481
100,16,590087846318168874274978716406164094383488234323
100,17,1980188050370144500749916653848446016153919989022
100,18,5756194571091007237085328004339694289136272066792
100,19,14627721945426810666528815246251485591248845644031
100,20,32766632782220969060973899165649463940425977929158
100,21,65192678609676301627378682802269561119953552340560
100,22,116018212883103599371164009410280152920135562628577
100,23,185889970504922395270830733662383552570708884727518
100,24,269810085362388741044658720804541625745727381419845
100,25,356826671156611197929707172583325375513669296599523
100,26,432366821816205885465567434831648645281075366165260
100,27,482537774670618975104616469003963919656232421907770
100,28,498517883639602510421134799165663534780829757383208
100,29,479061627012118883331238772882052082556322647818998
100,30,430190251714918325969908520779777029523124965881991
100,31,362570253613501553435055619861475113285656021387887
100,32,288001715227130565711849416483297193918585842400295
100,33,216461541086589238425212514345779704967850906580928
100,34,154511481294996029315972351286244183593392799488194
100,35,105110171539534380606701546039501102981338917827075
100,36,68365859807858267517274018117742186425006173574086
100,37,42643010939699781409078271808734599212223393621123
100,38,25578329418918564630062121995617847397102390135349
100,39,14791580003753603127551623549496041127739251829283
100,40,8265737028474540118021609990605035610753900987528
100,41,4472892030985111727942497246309442575982643684541
100,42,2348356111830619422528461096579890250590013900346
100,43,1198274434655604903156067576085400209774804042646
100,44,595166378397814114566564377483472810645325648275
100,45,288146772863700786704996284591697118074435502822
100,46,136151375006119195090060648098691614093744034426
100,47,62855638755657920471884979808756583215211065960
100,48,28379702141910792344213930438907887445576916510
100,49,12542706036984285210431716861090001659366406878
100,50,5430354158882249992660511995601302390389793339
100,51,2304683537014889134645108420826978589942104537
100,52,959391581446011617100838906389318284498265576
100,53,391924791472275413882651835141600054078630009
100,54,157188515861929974991498792561472531068980640
100,55,61916979537082583533517170739395353587514525
100,56,23960830819950216167701338057292625892735126
100,57,9111793396024102081131214119404391875268676
100,58,3405637182812909288338287075896888807293556
100,59,1251253288861994006265102523996788311311371
100,60,451941707290137237309463003922395609511671
100,61,160482220467407302598666363560328607578581
100,62,56024150321754631482728285533108195849090
100,63,19226665314553130705415720231109784527751
100,64,6485890332653342865441954007283938269630
100,65,2150348819349456658398093079711975891230
100,66,700549052527668261620784664710125999676
100,67,224209827815938978930522392657942805539
100,68,70474532736825577581092721864389609810
100,69,21748246213068007877622590703907111337
100,70,6586590431570599500248394217499680812
100,71,1956801933162930362273225559523574373
100,72,569983232626535798612339448365000113
100,73,162688643784464747699497806585472201
100,74,45472889165781010857879382713619831
100,75,12437540428920662876671695239386989
100,76,3326230624725025558520217294286424
100,77,868988187595687441727852855095007
100,78,221554344422676767277928693355668
100,79,55063033213928045342923397650702
100,80,13323000516451370830112329698486
100,81,3133903898271756410239741083226
100,82,715501966690775257297239724154
100,83,158264676338191145691905932200
100,84,33845545581898724894955597701
100,85,6981174879932424148596528522
100,86,1385070643162976685379418067
100,87,263478821391170437740909302
100,88,47876810609850992611419073
100,89,8273438557353258077516070
100,90,1352448540262605067426689
100,91,207788779592551983688574
100,92,29765626563500130425362
100,93,3935556121680647421813
100,94,474016754177730143425
100,95,51100921900040110278
100,96,4810528532553088737
100,97,381188697645664755
100,98,23953450727042563
100,99,1067323013900196
100,100,25475484790421
