R,S,twoJ,coef
0,0,0,1
6,0,2,1
9,0,3,2
12,0,4,5
15,0,5,8
18,0,6,19
21,0,7,32
24,0,8,68
27,0,9,124
30,0,10,244
33,0,11,448
36,0,12,863
39,0,13,1576
42,0,14,2952
45,0,15,5386
48,0,16,9892
51,0,17,17876
54,0,18,32383
57,0,19,57958
60,0,20,103652
63,0,21,183794
66,0,22,325005
69,0,23,570910
72,0,24,999517
75,0,25,1740032
78,0,26,3018233
81,0,27,5210006
84,0,28,8960039
87,0,29,15342454
90,0,30,26175859
93,0,31,44481564.00000006
96,0,32,75323884
99,0,33,127083591.99999988
102,0,34,213688133
105,0,35,358080842
108,0,36,598111533
111,0,37,995821512
114,0,38,1652898154
117,0,39,2735184920
120,0,40,4512886579
123,0,41,7424493042
126,0,42,12180497667
129,0,43,19928265042
132,0,44,32517313979
135,0,45,52920266608
138,0,46,85905548728
141,0,47,139102107492
144,0,48,224690984339
147,0,49,362074427990
150,0,50,582094891533
153,0,51,933669931524
156,0,52,1494231570463
159,0,53,2386087072790
162,0,54,3802051920814
165,0,55,6045482962850
168,0,56,9592751561127
171,0,57,15190477074087.969
174,0,58,24006695766721.688
177,0,59,37865344288709.312
180,0,60,59609513321665.25
183,0,61,93663036969117
186,0,62,146897523271086
189,0,63,229968452746696
192,0,64,359371207659349
195,0,65,560599467678434
198,0,66,872990101116952
201,0,67,1357142968509456
204,0,68,2106267980183644
207,0,69,3263511175843816
210,0,70,5048373170159088
213,0,71,7796931699060768
216,0,72,12022996665925376
219,0,73,18510958695160320
222,0,74,28456565823818496
225,0,75,43680074844210432
228,0,76,66948559534092160
231,0,77,1.0246262675342336e+17
234,0,78,1.5659045626722662e+17
237,0,79,2.3897341095553894e+17
240,0,80,3.6418921076105318e+17
243,0,81,5.5425071221345894e+17
246,0,82,8.4235550755071795e+17
249,0,83,1.2785056020137206e+18
252,0,84,1.9379197699656499e+18
255,0,85,2.9336114402760786e+18
258,0,86,4.4351727817924444e+18
261,0,87,6.6967947894960128e+18
264,0,88,1.0099017006834418e+19
267,0,89,1.5210864097168654e+19
270,0,90,2.2882221497700516e+19
273,0,91,3.4381014945917043e+19
276,0,92,5.1596703258693206e+19
279,0,93,7.7341816053091533e+19
282,0,94,1.1579830131311143e+20
285,0,95,1.7317753238043545e+20
288,0,96,2.5869523766115566e+20
291,0,97,3.8601014132905135e+20
294,0,98,5.7534472031003319e+20
297,0,99,8.5660836071231141e+20
300,0,100,1.2739921494473263e+21
303,0,101,1.8927221077206169e+21
306,0,102,2.8089751865136544e+21
309,0,103,4.1644252789182783e+21
312,0,104,6.1675608637173158e+21
315,0,105,9.1248973488786904e+21
318,0,106,1.3486634331193425e+22
321,0,107,1.9913381392493088e+22
324,0,108,2.9373585770666678e+22
327,0,109,4.3285660326882059e+22
330,0,110,6.3725135696998361e+22
333,0,111,9.372631904221884e+22
336,0,112,1.377211912863819e+23
339,0,113,2.0217742664001843e+23
342,0,114,2.9652507948219258e+23
345,0,115,4.34501402697231e+23
348,0,116,6.3610082418348813e+23
351,0,117,9.3040004669308785e+23
354,0,118,1.3596476432963323e+24
357,0,119,1.9851792981326412e+24
360,0,120,2.8959667681208924e+24
363,0,121,4.2209633201577521e+24
366,0,122,6.1469174653220081e+24
369,0,123,8.944056921502385e+24
372,0,124,1.3003091089504991e+25
375,0,125,1.8888478798461891e+25
378,0,126,2.741505245090703e+25
381,0,127,3.9758156164192345e+25
384,0,128,5.7611837418605459e+25
387,0,129,8.3415888923067793e+25
390,0,130,1.2068146614014894e+26
393,0,131,1.7445773787326738e+26
396,0,132,2.5200016991531757e+26
399,0,133,3.6372687652929517e+26
402,0,134,5.2458623773719214e+26
405,0,135,7.5601125949849547e+26
408,0,136,1.0887104474503683e+27
411,0,137,1.5666504728824139e+27
414,0,138,2.2527356478204935e+27
417,0,139,3.2369015971446538e+27
420,0,140,4.6476415221327283e+27
423,0,141,6.6684098097165689e+27
426,0,142,9.5609512720957863e+27
429,0,143,1.3698458082098467e+28
432,0,144,1.9612663505475235e+28
435,0,145,2.806068691738628e+28
438,0,146,4.011985258796896e+28
441,0,147,5.7322102713619131e+28
444,0,148,8.1844417244406057e+28
447,0,149,1.1677840706682436e+29
450,0,150,1.6651176056508294e+29
453,0,151,2.3726761592859188e+29
456,0,152,3.3786677315638869e+29
459,0,153,4.8080415220336138e+29
462,0,154,6.8376813216443247e+29
465,0,155,9.7178369120022687e+29
468,0,156,1.3802336551287446e+30
471,0,157,1.9591153133167379e+30
474,0,158,2.7790340003267206e+30
477,0,159,3.9396374965070891e+30
480,0,160,5.581478349840259e+30
483,0,161,7.9026876797194787e+30
486,0,162,1.1182398632968551e+31
489,0,163,1.5813633087215172e+31
492,0,164,2.2349448764630858e+31
495,0,165,3.1567657265413145e+31
498,0,166,4.456153598750053e+31
501,0,167,6.2866904077809382e+31
504,0,168,8.8640042122642502e+31
507,0,169,1.2490666267545165e+32
510,0,170,1.7591011667649897e+32
513,0,171,2.4759812794382943e+32
516,0,172,3.483028036027698e+32
519,0,173,4.8969016409872886e+32
522,0,174,6.8808531760388e+32
525,0,175,9.6632092034942161e+32
528,0,176,1.3563142186164274e+33
531,0,177,1.9026579925894772e+33
534,0,178,2.6676217419521438e+33
537,0,179,3.7381133974487088e+33
540,0,180,5.2353652039038407e+33
543,0,181,7.3284029877990946e+33
546,0,182,1.0252767272552924e+34
549,0,183,1.4336521090999212e+34
552,0,184,2.0036362828429767e+34
555,0,185,2.7987745712946372e+34
558,0,186,3.9074402666755259e+34
561,0,187,5.4524743253235094e+34
564,0,188,7.6045444798698742e+34
567,0,189,1.060065003603638e+35
570,0,190,1.4769742203859338e+35
573,0,191,2.0568179313054401e+35
576,0,192,2.8628769216263903e+35
579,0,193,3.9828574150661202e+35
582,0,194,5.5382612688248575e+35
585,0,195,7.6973290153192667e+35
588,0,196,1.0692909888969914e+36
591,0,197,1.4847123149690341e+36
594,0,198,2.0605376261692977e+36
597,0,199,2.8583268950740431e+36
600,0,200,3.9631235323972827e+36
603,0,201,5.492359260167814e+36
606,0,202,7.6081157355686444e+36
609,0,203,1.0534000859584981e+37
612,0,204,1.4578366373528557e+37
615,0,205,2.0166235621530155e+37
618,0,206,2.7883190179158629e+37
621,0,207,3.8535668774171787e+37
624,0,208,5.3233780856326147e+37
627,0,209,7.3504993169915115e+37
630,0,210,1.0145013298061533e+38
633,0,211,1.3995736934699903e+38
636,0,212,1.9299559733241801e+38
639,0,213,2.6601652267913105e+38
642,0,214,3.6650549373689663e+38
645,0,215,5.0473579865084789e+38
648,0,216,6.9480116200648539e+38
651,0,217,9.5602847284992917e+38
654,0,218,1.3149099895931245e+39
657,0,219,1.8077449790079497e+39
660,0,220,2.4842498256021082e+39
663,0,221,3.4124897105744818e+39
666,0,222,4.6856129930967463e+39
669,0,223,6.4310436331099101e+39
672,0,224,8.8230239357700801e+39
675,0,225,1.2099722043576726e+40
678,0,226,1.6586556429140493e+40
681,0,227,2.2727984468190098e+40
684,0,228,3.1130809997885851e+40
687,0,229,4.2623161456809334e+40
690,0,230,5.8334780507982665e+40
693,0,231,7.9806280068543568e+40
696,0,232,1.0913776866241365e+41
699,0,233,1.4919094966089047e+41
702,0,234,2.0386383371083618e+41
705,0,235,2.784640161147669e+41
708,0,236,3.8021569741599523e+41
711,0,237,5.1894811511162129e+41
714,0,238,7.080299554203479e+41
717,0,239,9.6563717643208612e+41
720,0,240,1.3164725896857178e+42
723,0,241,1.7940973385809523e+42
726,0,242,2.4440908853158722e+42
729,0,243,3.3283324051016785e+42
732,0,244,4.5307995035380506e+42
735,0,245,6.165419238966779e+42
738,0,246,8.3866940970642399e+42
741,0,247,1.1404078728869193e+43
744,0,248,1.5501424671093476e+43
747,0,249,2.1063270523966635e+43
750,0,250,2.8610375333224803e+43
753,0,251,3.8847728564730234e+43
756,0,252,5.2729395482274129e+43
759,0,253,7.1546071933247184e+43
762,0,254,9.704326183923298e+43
765,0,255,1.3158073447076846e+44
768,0,256,1.7834760903519369e+44
771,0,257,2.4165237624935409e+44
774,0,258,3.2731383648111675e+44
777,0,259,4.4318789661122862e+44
780,0,260,5.9987720722377547e+44
783,0,261,8.116867892871122e+44
786,0,262,1.0979105037392578e+45
789,0,263,1.4845623453197623e+45
792,0,264,2.0067056205814818e+45
795,0,265,2.7115854823453871e+45
798,0,266,3.6628405667091805e+45
801,0,267,4.9461636721815431e+45
804,0,268,6.6769076364746312e+45
807,0,269,9.0103016401983224e+45
810,0,270,1.2155169581785854e+46
813,0,271,1.6392345280616154e+46
816,0,272,2.209938493409535e+46
819,0,273,2.9783720016421286e+46
822,0,274,4.0127119774637473e+46
825,0,275,5.4045303203692801e+46
828,0,276,7.2767838001914328e+46
831,0,277,9.7945198093193652e+46
834,0,278,1.3179216798163706e+47
837,0,279,1.7727987630827649e+47
840,0,280,2.3839287219112666e+47
843,0,281,3.2047317228055482e+47
846,0,282,4.3068056491126192e+47
849,0,283,5.7860827415484752e+47
852,0,284,7.7710617829333497e+47
855,0,285,1.0433812320703008e+48
858,0,286,1.4004680075786228e+48
861,0,287,1.8791932703867597e+48
864,0,288,2.5207998063600053e+48
867,0,289,3.3804497153331392e+48
870,0,290,4.5319006158373773e+48
873,0,291,6.0737456740019552e+48
876,0,292,8.1377380681459595e+48
879,0,293,1.089989303824246e+49
882,0,294,1.4595290132896433e+49
885,0,295,1.9537803354582176e+49
888,0,296,2.6146392429370473e+49
891,0,297,3.4980127309921072e+49
894,0,298,4.6784833920367041e+49
897,0,299,6.255519996259373e+49
900,0,300,8.3617442069430127e+49
903,0,301,1.1173931141779922e+50
906,0,302,1.4927643885825991e+50
909,0,303,1.9936697117066952e+50
912,0,304,2.6619036358330007e+50
915,0,305,3.5531138312355884e+50
918,0,306,4.7413725687714204e+50
921,0,307,6.3252501686239077e+50
924,0,308,8.4358817398093766e+50
927,0,309,1.1247678562259189e+51
930,0,310,1.499254738813478e+51
933,0,311,1.9978761520260998e+51
936,0,312,2.6615998910598759e+51
939,0,313,3.5448553972322025e+51
942,0,314,4.7199379966116417e+51
945,0,315,6.2828478747053039e+51
948,0,316,8.3610291728379045e+51
951,0,317,1.1123624907762579e+52
954,0,318,1.4795062077804972e+52
957,0,319,1.9673043810483565e+52
960,0,320,2.6152372150837842e+52
963,0,321,3.4756483016213373e+52
966,0,322,4.6179179453648448e+52
969,0,323,6.1339847420809985e+52
972,0,324,8.1456491525052881e+52
975,0,325,1.0814231771831002e+53
978,0,326,1.4353342282939655e+53
981,0,327,1.9045756787196427e+53
984,0,328,2.5265719871507944e+53
987,0,329,3.3508407797655016e+53
990,0,330,4.4428842699578095e+53
993,0,331,5.8893276886018886e+53
996,0,332,7.8047026823317377e+53
999,0,333,1.034040011630729e+54
1002,0,334,1.369648323033401e+54
1005,0,335,1.8137271263843019e+54
1008,0,336,2.4011892067728714e+54
1011,0,337,3.1781381644678448e+54
1014,0,338,4.2054407613525528e+54
1017,0,339,5.5634349846280154e+54
1020,0,340,7.358133429518795e+54
1023,0,341,9.7293950041086629e+54
1026,0,342,1.2861686978838231e+55
1029,0,343,1.6998255183145056e+55
1032,0,344,2.2459777306857128e+55
1035,0,345,2.9668911958517441e+55
1038,0,346,3.9182599490574207e+55
1041,0,347,5.1734552554656768e+55
1044,0,348,6.8291138051445994e+55
1047,0,349,9.012485412871913e+55
1050,0,350,1.1891092021339304e+56
1053,0,351,1.5685422172366933e+56
1056,0,352,2.0685611107348654e+56
1059,0,353,2.7273352906969396e+56
1062,0,354,3.5950679334701796e+56
1065,0,355,4.7377748770845182e+56
1068,0,356,6.242245504842395e+56
1071,0,357,8.2225538826669212e+56
1074,0,358,1.0828602703764273e+57
1077,0,359,1.4257332216683957e+57
1080,0,360,1.8767422148293819e+57
1083,0,361,2.4698570900614749e+57
1086,0,362,3.249677157639737e+57
1089,0,363,4.2747442938379365e+57
1092,0,364,5.6218846920677606e+57
1095,0,365,7.3918974164985494e+57
1098,0,366,9.7170059261039592e+57
1101,0,367,1.2770616842781957e+58
1104,0,368,1.6780097626342498e+58
1107,0,369,2.2043503492789737e+58
1110,0,370,2.8951469523090884e+58
1113,0,371,3.8015856870477024e+58
1116,0,372,4.9907228899294134e+58
1119,0,373,6.5503868669792694e+58
1122,0,374,8.595587863638168e+58
1125,0,375,1.1276898566508434e+59
1128,0,376,1.4791408625325017e+59
1131,0,377,1.9397040811683863e+59
1134,0,378,2.5431256528555714e+59
1137,0,379,3.3335491400291197e+59
1140,0,380,4.3687069670851287e+59
1143,0,381,5.724087783266705e+59
1146,0,382,7.4983770664320653e+59
1149,0,383,9.8205585279601612e+59
1152,0,384,1.2859181411008753e+60
1155,0,385,1.6834451817681035e+60
1158,0,386,2.2034005445624137e+60
1161,0,387,2.8833478457830889e+60
1164,0,388,3.772333071206502e+60
1167,0,389,4.9343814707324682e+60
1170,0,390,6.4530554856353239e+60
1173,0,391,8.4373944668951027e+60
1176,0,392,1.1029653556965535e+61
1179,0,393,1.4415384715756272e+61
1182,0,394,1.8836566145211167e+61
1185,0,395,2.4608698558578769e+61
1188,0,396,3.2143062454309172e+61
1191,0,397,4.1975688738064455e+61
1194,0,398,5.4805060268725196e+61
1197,0,399,7.1541166064090067e+61
1200,0,400,9.3369314328283084e+61
1203,0,401,1.2183312874862993e+62
1206,0,402,1.5894247412901952e+62
1209,0,403,2.0731377241591255e+62
1212,0,404,2.7035239519963254e+62
1215,0,405,3.5248970498453586e+62
1218,0,406,4.594910607011188e+62
1221,0,407,5.988559566270498e+62
1224,0,408,7.8033775639825681e+62
1227,0,409,1.0166186401463196e+63
1230,0,410,1.3241859531168676e+63
1233,0,411,1.7244698403510793e+63
1236,0,412,2.2453197953150275e+63
1239,0,413,2.9229207323996524e+63
1242,0,414,3.8042789553996177e+63
1245,0,415,4.950446929650175e+63
1248,0,416,6.4407056516917252e+63
1251,0,417,8.3779879790335476e+63
1254,0,418,1.0895909839809354e+64
1257,0,419,1.4167884353255241e+64
1260,0,420,1.8418933746861823e+64
1263,0,421,2.3940994843613729e+64
1266,0,422,3.1112747810477317e+64
1269,0,423,4.0425300299511947e+64
1272,0,424,5.2515450080835699e+64
1275,0,425,6.8208754584816952e+64
1278,0,426,8.8575288771727214e+64
1281,0,427,1.1500181644285379e+65
1284,0,428,1.4928518999847935e+65
1287,0,429,1.9375320132948957e+65
1290,0,430,2.5142092435009294e+65
1293,0,431,3.2619293672743174e+65
1296,0,432,4.2312483819855199e+65
1299,0,433,5.4876139344356974e+65
1302,0,434,7.1157367395715877e+65
1305,0,435,9.2252408458727491e+65
1308,0,436,1.1957965600572602e+66
1311,0,437,1.5497400507618169e+66
1314,0,438,2.0080873885343986e+66
1317,0,439,2.6015296374330078e+66
1320,0,440,3.3697492579682122e+66
1323,0,441,4.3640453467087651e+66
1326,0,442,5.6507227893348068e+66
1329,0,443,7.3154668708657747e+66
1332,0,444,9.4689889224558014e+66
1335,0,445,1.2254311067297861e+67
1338,0,446,1.5856164355533432e+67
1341,0,447,2.0513111362583513e+67
1344,0,448,2.6533180427272539e+67
1347,0,449,3.4314025390931863e+67
1350,0,450,4.4368916446042601e+67
1353,0,451,5.7360243127931794e+67
1356,0,452,7.414269350432008e+67
1359,0,453,9.5818894973216348e+67
1362,0,454,1.2381110125911334e+68
1365,0,455,1.5995353791922495e+68
1368,0,456,2.0661134009138849e+68
1371,0,457,2.6683371497741946e+68
1374,0,458,3.4455114507448427e+68
1377,0,459,4.4482925432002636e+68
1380,0,460,5.741955650686501e+68
1383,0,461,7.4106000628637845e+68
1386,0,462,9.5625598392829061e+68
1389,0,463,1.2337364670057048e+69
1392,0,464,1.5914693568889801e+69
1395,0,465,2.0525890079334009e+69
1398,0,466,2.6468769432125363e+69
1401,0,467,3.4126655710911167e+69
1404,0,468,4.3992853527994996e+69
1407,0,469,5.6702100593217509e+69
1410,0,470,7.3070986169771567e+69
1413,0,471,9.4149883029638965e+69
1416,0,472,1.2128966209745488e+70
1419,0,473,1.5622738427535935e+70
1422,0,474,2.0119635030687651e+70
1425,0,475,2.5906741038971177e+70
1428,0,476,3.3353038458979213e+70
1431,0,477,4.2932694329365167e+70
1434,0,478,5.525494979900526e+70
1437,0,479,7.1102475373948192e+70
1440,0,480,9.1480582803157356e+70
1443,0,481,1.1768035690384939e+71
1446,0,482,1.5135963224678759e+71
1449,0,483,1.9464684282244063e+71
1452,0,484,2.5027418512992225e+71
1455,0,485,3.2174834290253872e+71
1458,0,486,4.135693353018298e+71
1461,0,487,5.3151101096976203e+71
1464,0,488,6.829804981724232e+71
1467,0,489,8.7747876684763101e+71
1470,0,490,1.1271906561436812e+72
1473,0,491,1.4477406471630019e+72
1476,0,492,1.8591607956401644e+72
1479,0,493,2.3871301967852495e+72
1482,0,494,3.0645619182511133e+72
1485,0,495,3.9336345075623331e+72
1488,0,496,5.0483922347564095e+72
1491,0,497,6.4780727997420134e+72
1494,0,498,8.3113653976500171e+72
1497,0,499,1.0661858449531009e+73
1500,0,500,1.3675008357459417e+73
1503,0,501,1.7537052654217976e+73
1506,0,502,2.2486408400299274e+73
1509,0,503,2.8828246664896833e+73
1512,0,504,3.695312537686835e+73
1515,0,505,4.7360807175585636e+73
1518,0,506,6.0690700700218883e+73
1521,0,507,7.7760761598563719e+73
1524,0,508,9.9617197083388339e+73
1527,0,509,1.2759796527150163e+74
1530,0,510,1.634138862331476e+74
1533,0,511,2.0925223460951246e+74
1536,0,512,2.6790902616844923e+74
1539,0,513,3.4295792217187974e+74
1542,0,514,4.3896585703597465e+74
1545,0,515,5.6176827520787684e+74
1548,0,516,7.1882040636860127e+74
1551,0,517,9.1964552257872512e+74
1554,0,518,1.1764068723374254e+75
1557,0,519,1.5046373125527736e+75
1560,0,520,1.924169989963786e+75
1563,0,521,2.4603253055213914e+75
1566,0,522,3.1454245241172053e+75
1569,0,523,4.0207196526717944e+75
1572,0,524,5.1388537267714374e+75
1575,0,525,6.5669968504746265e+75
1578,0,526,8.3908430438361167e+75
1581,0,527,1.0719703480066828e+76
1584,0,528,1.3692995976916454e+76
1587,0,529,1.7488512378646849e+76
1590,0,530,2.2332949470072015e+76
1593,0,531,2.8515321330244831e+76
1596,0,532,3.6404039216615396e+76
1599,0,533,4.6468658897236447e+76
1602,0,534,5.9307567167768986e+76
1605,0,535,7.5683224787166779e+76
1608,0,536,9.6567022150384766e+76
1611,0,537,1.2319636196854374e+77
1614,0,538,1.5714729213052208e+77
1617,0,539,2.0042691249803169e+77
1620,0,540,2.5559092331199806e+77
1623,0,541,3.2589313573096472e+77
1626,0,542,4.1547560995967831e+77
1629,0,543,5.296104289801647e+77
1632,0,544,6.7500708988960043e+77
1635,0,545,8.6020327000588617e+77
1638,0,546,1.0960615164190705e+78
1641,0,547,1.396400488412688e+78
1644,0,548,1.7787970979886598e+78
1647,0,549,2.2656056831166177e+78
1650,0,550,2.8852527668130273e+78
1653,0,551,3.6738817069542785e+78
1656,0,552,4.6774415189089977e+78
1659,0,553,5.9543394859559185e+78
1662,0,554,7.5788092926546363e+78
1665,0,555,9.6451871373255732e+78
1668,0,556,1.2273339898055641e+79
1671,0,557,1.5615554849936708e+79
1674,0,558,1.9865283341676415e+79
1677,0,559,2.5268235897639128e+79
1680,0,560,3.2136459317204814e+79
1683,0,561,4.0866194962563338e+79
1686,0,562,5.196053101002066e+79
1689,0,563,6.6058131941266153e+79
1692,0,564,8.3969671100104183e+79
1695,0,565,1.0672402586862269e+80
1698,0,566,1.3562684412905938e+80
1701,0,567,1.7233478578386871e+80
1704,0,568,2.1894962291326861e+80
1707,0,569,2.7813749559590462e+80
1710,0,570,3.5328002938251295e+80
1713,0,571,4.4866580310538349e+80
1716,0,572,5.6973291098081146e+80
1719,0,573,7.2337621576098857e+80
1722,0,574,9.1833649787549982e+80
1725,0,575,1.165693268551878e+81
1728,0,576,1.4794887847844121e+81
1731,0,577,1.8775180990836149e+81
1734,0,578,2.3823291991745554e+81
1737,0,579,3.0224889499966122e+81
1740,0,580,3.8341852835291182e+81
1743,0,581,4.8632547007532312e+81
1746,0,582,6.1677476760607006e+81
1749,0,583,7.8211742779611097e+81
1752,0,584,9.9166098686977294e+81
1755,0,585,1.2571888174170156e+82
1758,0,586,1.5936168916809204e+82
1761,0,587,2.0198242848981822e+82
1764,0,588,2.5597032539409774e+82
1767,0,589,3.2434867855262555e+82
1770,0,590,4.1094267313163093e+82
1773,0,591,5.205914862285641e+82
1776,0,592,6.5941634256985342e+82
1779,0,593,8.3515923912593472e+82
1782,0,594,1.0576109187864297e+83
1785,0,595,1.3391515450564597e+83
1788,0,596,1.6954336755203392e+83
1791,0,597,2.1462448838254367e+83
1794,0,598,2.7165971567991218e+83
1797,0,599,3.4381025225724439e+83
1800,0,600,4.3507099116764564e+83
1803,0,601,5.5048978532467168e+83
1806,0,602,6.9644423168789617e+83
1809,0,603,8.8099101553295999e+83
1812,0,604,1.1143067855970391e+84
1815,0,605,1.4092444775238434e+84
1818,0,606,1.7820352360254566e+84
1821,0,607,2.2531739392288757e+84
1824,0,608,2.8485362216816381e+84
1827,0,609,3.6007873539612845e+84
1830,0,610,4.5511590319520597e+84
1833,0,611,5.7516898942251812e+84
1836,0,612,7.2680504747854331e+84
1839,0,613,9.1831046347661012e+84
1842,0,614,1.1601398966787124e+85
1845,0,615,1.4654821324567558e+85
1848,0,616,1.8509732133244859e+85
1851,0,617,2.3375950795583926e+85
1854,0,618,2.9518078491506481e+85
1857,0,619,3.7269763210712647e+85
1860,0,620,4.7051669541446376e+85
1863,0,621,5.9394112839373983e+85
1866,0,622,7.4965565312932906e+85
1869,0,623,9.4608553356032913e+85
1872,0,624,1.1938485754747316e+86
1875,0,625,1.5063241974802835e+86
1878,0,626,1.9003698156793163e+86
1881,0,627,2.3972225769288096e+86
1884,0,628,3.0236342701540604e+86
1887,0,629,3.8132995555525558e+86
1890,0,630,4.8086531220015113e+86
1893,0,631,6.0631308229150758e+86
1896,0,632,7.6440142658310179e+86
1899,0,633,9.6360090163767122e+86
1902,0,634,1.2145745123278911e+87
1905,0,635,1.5307437086235652e+87
1908,0,636,1.9290001193316537e+87
1911,0,637,2.4306004510995071e+87
1914,0,638,3.0622915686254152e+87
1917,0,639,3.8577248092163563e+87
1920,0,640,4.8592336960417744e+87
1923,0,641,6.1200681824515707e+87
1926,0,642,7.7072023666029699e+87
1929,0,643,9.7048624925143777e+87
1932,0,644,1.2218959544305233e+88
1935,0,645,1.5382657780128132e+88
1938,0,646,1.9363369567133332e+88
1941,0,647,2.4371540909645025e+88
1944,0,648,3.0671684920422312e+88
1947,0,649,3.859623694532378e+88
1950,0,650,4.8562951099273247e+88
1953,0,651,6.1096741102907924e+88
1956,0,652,7.6857097918783833e+88
1959,0,653,9.6672504538059274e+88
1962,0,654,1.215836290997089e+89
1965,0,655,1.5289752979302344e+89
1968,0,656,1.9225567180801148e+89
1971,0,657,2.4171926690096482e+89
1974,0,658,3.0387633616176717e+89
1977,0,659,3.8197601166522009e+89
1980,0,660,4.8009698963972831e+89
1983,0,661,6.0335879764815927e+89
1986,0,662,7.5818672999157534e+89
1989,0,663,9.526440504077827e+89
1992,0,664,1.196848498388469e+90
1995,0,665,1.5034944393072644e+90
1998,0,666,1.8885073870109452e+90
2001,0,667,2.3718643731419436e+90
2004,0,668,2.9786220813571401e+90
2007,0,669,3.7402052330272354e+90
2010,0,670,4.6960209375268482e+90
2013,0,671,5.8954812712960306e+90
2016,0,672,7.4005370595130839e+90
2019,0,673,9.2888517443993678e+90
2022,0,674,1.165777663775681e+91
2025,0,675,1.4629329400590693e+91
2028,0,676,1.8356428304747039e+91
2031,0,677,2.3030698252932938e+91
2034,0,678,2.8892243842666325e+91
2037,0,679,3.6241883925532663e+91
2040,0,680,4.5456466096539136e+91
4,1,1,3
7,1,2,6
10,1,3,15
13,1,4,36
16,1,5,84
19,1,6,186
22,1,7,408
25,1,8,864
28,1,9,1806
31,1,10,3702
34,1,11,7485
37,1,12,14910
40,1,13,29376
43,1,14,57174
46,1,15,110175
49,1,16,210228.00000000012
52,1,17,397602
55,1,18,745572
58,1,19,1387203
61,1,20,2561616
64,1,21,4697226
67,1,22,8555556
70,1,23,15484524
73,1,24,27855228
76,1,25,49820313
79,1,26,88612974
82,1,27,156778662
85,1,28,275971842
88,1,29,483415062
91,1,30,842813742
94,1,31,1462769289
97,1,32,2527677558
100,1,33,4349463561
103,1,34,7453819164.0000076
106,1,35,12723583995
109,1,36,21636234558
112,1,37,36656177481
115,1,38,61880567484
118,1,39,104099610507
121,1,40,174531988284
124,1,41,291657699489
127,1,42,485829062034
130,1,43,806756576598
133,1,44,1335629473806
136,1,45,2204691397425
139,1,46,3628776620004
142,1,47,5955992503056
145,1,48,9748976320920
148,1,49,15914869780823.938
151,1,50,25912743267581.688
154,1,51,42083886892391.688
157,1,52,68176594746232.875
160,1,53,110178193844147.75
163,1,54,177631428394660.5
166,1,55,285712893452972.5
169,1,56,458508045818316
172,1,57,734161499168216
175,1,58,1172960688294506
178,1,59,1869999513010208
181,1,60,2974979796141232
184,1,61,4723117048297952
187,1,62,7483290768161728
190,1,63,11832928633661312
193,1,64,18674265263046528
196,1,65,29414527366487808
199,1,66,46244726983816064
202,1,67,72570314825480704
205,1,68,1.1367533200795648e+17
208,1,69,1.7774502544205107e+17
211,1,70,2.7743792484489318e+17
214,1,71,4.3229887259471974e+17
217,1,72,6.7245721483276288e+17
220,1,73,1.0442861187783455e+18
223,1,74,1.6190501934991974e+18
226,1,75,2.5061001076268646e+18
229,1,76,3.8729761932943278e+18
232,1,77,5.9759954632241644e+18
235,1,78,9.2067240322270822e+18
238,1,79,1.4162488159872745e+19
241,1,80,2.1753213556404257e+19
244,1,81,3.3363093846344466e+19
247,1,82,5.1094904319659999e+19
250,1,83,7.8138730423714054e+19
253,1,84,1.1932775593118191e+20
256,1,85,1.8197495022514812e+20
259,1,86,2.7713105364970268e+20
262,1,87,4.2147367184909415e+20
265,1,88,6.4014065229087375e+20
268,1,89,9.7097466008208356e+20
271,1,90,1.4708742973724222e+21
274,1,91,2.2252861247899493e+21
277,1,92,3.3623745331076604e+21
280,1,93,5.0741507014197101e+21
283,1,94,7.6479429242731616e+21
286,1,95,1.1513217684058057e+22
289,1,96,1.7311162814511343e+22
292,1,97,2.5997986321148888e+22
295,1,98,3.899810287665177e+22
298,1,99,5.8431060184458106e+22
301,1,100,8.744734934527882e+22
304,1,101,1.3072482926116658e+23
307,1,102,1.9520183323343075e+23
310,1,103,2.9115870529185849e+23
313,1,104,4.3381176957160299e+23
316,1,105,6.456601975028386e+23
319,1,106,9.5993801298935848e+23
322,1,107,1.4256867244916587e+24
325,1,108,2.1152022815109756e+24
328,1,109,3.1349573276283424e+24
331,1,110,4.6416055479827675e+24
334,1,111,6.8654110227122477e+24
337,1,112,1.0144515805969102e+25
340,1,113,1.4975013828984655e+25
343,1,114,2.2084056123448194e+25
346,1,115,3.2536485455287311e+25
349,1,116,4.7890241314438159e+25
352,1,117,7.0422643090839295e+25
355,1,118,1.0345959320646131e+26
358,1,119,1.518541011195866e+26
361,1,120,2.2268126795748572e+26
364,1,121,3.2624680054029873e+26
367,1,122,4.7754928097885496e+26
370,1,123,6.9839860180756127e+26
373,1,124,1.0204825049305309e+27
376,1,125,1.4898019604642974e+27
379,1,126,2.17308127181837e+27
382,1,127,3.1670247500755094e+27
385,1,128,4.6116735439898855e+27
388,1,129,6.7096637425724061e+27
391,1,130,9.7539716058297737e+27
394,1,131,1.4167855669489549e+28
397,1,132,2.0562313920866324e+28
400,1,133,2.9818674517894297e+28
403,1,134,4.3207225844075627e+28
406,1,135,6.2557486280805395e+28
409,1,136,9.0502413677183116e+28
412,1,137,1.3082840878565271e+29
415,1,138,1.8897658290616576e+29
418,1,139,2.7276015108150104e+29
421,1,140,3.9339040918974349e+29
424,1,141,5.669430023734712e+29
427,1,142,8.16451976015199e+29
430,1,143,1.1748983321806967e+30
433,1,144,1.6894722763564804e+30
436,1,145,2.4276478645100951e+30
439,1,146,3.4858348981999562e+30
442,1,147,5.0016932756443526e+30
445,1,148,7.1716485599051286e+30
448,1,149,1.0275789243450155e+31
451,1,150,1.4713233567371528e+31
454,1,151,2.1052335976815082e+31
457,1,152,3.0101914096983231e+31
460,1,153,4.3012232834070194e+31
463,1,154,6.141808709503362e+31
466,1,155,8.7641406322919711e+31
469,1,156,1.2497796328753817e+32
472,1,157,1.781028497309716e+32
475,1,158,2.5364356590352313e+32
478,1,159,3.6098951919411529e+32
481,1,160,5.1343476473655796e+32
484,1,161,7.2979020588614318e+32
487,1,162,1.0366567656569024e+33
490,1,163,1.4716286230871319e+33
493,1,164,2.0878044051135158e+33
496,1,165,2.9601367076846813e+33
499,1,166,4.1943639128685288e+33
502,1,167,5.9395672972967202e+33
505,1,168,8.4058148357001259e+33
508,1,169,1.1888938232658427e+34
511,1,170,1.68053075563211e+34
514,1,171,2.3740610338219382e+34
517,1,172,3.3518237165571614e+34
520,1,173,4.7295101804217764e+34
523,1,174,6.6695828604463633e+34
526,1,175,9.4000567960599794e+34
529,1,176,1.3240773078862441e+35
532,1,177,1.8640133048121926e+35
535,1,178,2.622643089509092e+35
538,1,179,3.6879548339829948e+35
541,1,180,5.1831035922206636e+35
544,1,181,7.2803747514230261e+35
547,1,182,1.0220655918238094e+36
550,1,183,1.4340576311586504e+36
553,1,184,2.0110313616732668e+36
556,1,185,2.8186234570148487e+36
559,1,186,3.9484152451385349e+36
562,1,187,5.5281225155387546e+36
565,1,188,7.7357620616290019e+36
568,1,189,1.0819337210753988e+37
571,1,190,1.5124178992590554e+37
574,1,191,2.1130901671135157e+37
577,1,192,2.9508067792305312e+37
580,1,193,4.1185228152840131e+37
583,1,194,5.7454170785516433e+37
586,1,195,8.0109206872823068e+37
589,1,196,1.1164145249876116e+38
592,1,197,1.5550776268644326e+38
595,1,198,2.1650282876459264e+38
598,1,199,3.0127377354499124e+38
601,1,200,4.1903148658393844e+38
604,1,201,5.825334661173307e+38
607,1,202,8.0944117867992369e+38
610,1,203,1.1241937988000929e+39
613,1,204,1.5605936095802262e+39
616,1,205,2.1653717604298896e+39
619,1,206,3.0031039331368666e+39
622,1,207,4.1629839581629008e+39
625,1,208,5.7681535131292022e+39
628,1,209,7.9885468395292231e+39
631,1,210,1.1058567087050694e+40
634,1,211,1.5301401212038947e+40
637,1,212,2.1162452229095101e+40
640,1,213,2.925528788835807e+40
643,1,214,4.0424764844544014e+40
646,1,215,5.5833711799740195e+40
649,1,216,7.7081914161913051e+40
652,1,217,1.0636936873012672e+41
655,1,218,1.4672018659289907e+41
658,1,219,2.0228954773329074e+41
661,1,220,2.7878434043850492e+41
664,1,221,3.8403935447787582e+41
667,1,222,5.288062312935557e+41
670,1,223,7.2783329387841106e+41
673,1,224,1.0013429067501054e+42
676,1,225,1.3770519044916008e+42
679,1,226,1.8929336178191527e+42
682,1,227,2.6009922054924206e+42
685,1,228,3.5724182797668719e+42
688,1,229,4.9046285794824158e+42
691,1,230,6.7308744433239435e+42
694,1,231,9.2333513643144356e+42
697,1,232,1.2661078434094081e+43
700,1,233,1.735427384158206e+43
703,1,234,2.3777573928368114e+43
706,1,235,3.2565287106481639e+43
709,1,236,4.4583019445991719e+43
712,1,237,6.1011563245111918e+43
715,1,238,8.3461048674981077e+43
718,1,239,1.1412621824609784e+44
721,1,240,1.5599756034818419e+44
724,1,241,2.1314829116913039e+44
727,1,242,2.9112429019098379e+44
730,1,243,3.9747373037878916e+44
733,1,244,5.424661879895906e+44
736,1,245,7.4006866768788864e+44
739,1,246,1.0092698552050104e+45
742,1,247,1.3758761968690578e+45
745,1,248,1.8749470505414165e+45
748,1,249,2.5540951311928975e+45
751,1,250,3.4779581463157566e+45
754,1,251,4.7342551054157992e+45
757,1,252,6.441986027033738e+45
760,1,253,8.7625297655086932e+45
763,1,254,1.1914659089353878e+46
766,1,255,1.6194848722684458e+46
769,1,256,2.2004732780276257e+46
772,1,257,2.9888215889416601e+46
775,1,258,4.0581615125484268e+46
778,1,259,5.5081385430184039e+46
781,1,260,7.47355638974924e+46
784,1,261,1.0136719854645359e+47
787,1,262,1.3744089343157227e+47
790,1,263,1.8628745721924625e+47
793,1,264,2.5240682631518866e+47
796,1,265,3.4187640195179301e+47
799,1,266,4.6290130457676866e+47
802,1,267,6.265556280115219e+47
805,1,268,8.4778066885323266e+47
808,1,269,1.1467287857592111e+48
811,1,270,1.5505719809953393e+48
814,1,271,2.0959351344683484e+48
817,1,272,2.8321685951082356e+48
820,1,273,3.8257482795195863e+48
823,1,274,5.1661898772068866e+48
826,1,275,6.9739956879132146e+48
829,1,276,9.4113293495435241e+48
832,1,277,1.269635040145888e+49
835,1,278,1.7122457510073736e+49
838,1,279,2.3084113307812012e+49
841,1,280,3.1111491286673403e+49
844,1,281,4.1916944281119924e+49
847,1,282,5.6457309163051938e+49
850,1,283,7.6017419385925893e+49
853,1,284,1.0232201060111448e+50
856,1,285,1.3768562763386795e+50
859,1,286,1.8521337753493066e+50
862,1,287,2.4906969498900822e+50
865,1,288,3.348380552427538e+50
868,1,289,4.500022684098503e+50
871,1,290,6.0459026015978659e+50
874,1,291,8.1203494306222532e+50
877,1,292,1.0903250492389558e+51
880,1,293,1.4635431442219048e+51
883,1,294,1.9639204905370815e+51
886,1,295,2.6345816595993774e+51
889,1,296,3.53320936818619e+51
892,1,297,4.736936681704745e+51
895,1,298,6.348875780530335e+51
898,1,299,8.5068282980176309e+51
901,1,300,1.1394902926468352e+52
904,1,301,1.5259006312842856e+52
907,1,302,2.0427492826229176e+52
910,1,303,2.733868358283963e+52
913,1,304,3.6577529669920706e+52
916,1,305,4.8924444591303429e+52
919,1,306,6.5420327266562602e+52
922,1,307,8.7453119928045585e+52
925,1,308,1.1687300164068061e+53
928,1,309,1.5614564925597625e+53
931,1,310,2.0855609064035921e+53
934,1,311,2.7847977796169787e+53
937,1,312,3.7174295000484759e+53
940,1,313,4.9610156653132044e+53
943,1,314,6.618776597571504e+53
946,1,315,8.8280461904677499e+53
949,1,316,1.1771497114382732e+54
952,1,317,1.569204373598151e+54
955,1,318,2.0912622499164043e+54
958,1,319,2.786243922348957e+54
961,1,320,3.7111788535316492e+54
964,1,321,4.9418233053351326e+54
967,1,322,6.5787832624037449e+54
970,1,323,8.7556307640508773e+54
973,1,324,1.164965987424758e+55
976,1,325,1.549613713262526e+55
979,1,326,2.0607177003844778e+55
982,1,327,2.7396737046209892e+55
985,1,328,3.6413708564451485e+55
988,1,329,4.838571372488488e+55
991,1,330,6.4277058697535663e+55
994,1,331,8.5365399194710258e+55
997,1,332,1.1334313523184644e+56
1000,1,333,1.5045147858196709e+56
1003,1,334,1.9965767742723168e+56
1006,1,335,2.6488923325179455e+56
1009,1,336,3.5134336190052339e+56
1012,1,337,4.6589577193961954e+56
1015,1,338,6.1764050367769975e+56
1018,1,339,8.1860267636516254e+56
1021,1,340,1.0846792984004264e+57
1024,1,341,1.4368808171524717e+57
1027,1,342,1.9029691506375765e+57
1030,1,343,2.5196182997248623e+57
1033,1,344,3.3352635821050179e+57
1036,1,345,4.4138580729244209e+57
1039,1,346,5.8398239412984456e+57
1042,1,347,7.7245772355350812e+57
1045,1,348,1.0215124116998125e+58
1048,1,349,1.3505383529126576e+58
1051,1,350,1.7851097564924904e+58
1054,1,351,2.3589461778202406e+58
1057,1,352,3.1164963587290129e+58
1060,1,353,4.116338425315503e+58
1063,1,354,5.4356533426630567e+58
1066,1,355,7.1761090496538768e+58
1069,1,356,9.4715983611680196e+58
1072,1,357,1.2498412347751851e+59
1075,1,358,1.6488612724777822e+59
1078,1,359,2.1747605213698433e+59
1081,1,360,2.8677228433451524e+59
1084,1,361,3.7806082619861873e+59
1087,1,362,4.9829359427674484e+59
1090,1,363,6.566113758892591e+59
1093,1,364,8.6503030750913561e+59
1096,1,365,1.139342807072e+60
1099,1,366,1.5002996947645302e+60
1102,1,367,1.975160923294481e+60
1105,1,368,2.599729412869608e+60
1108,1,369,3.4210179130538253e+60
1111,1,370,4.5007451603521241e+60
1114,1,371,5.9199182199350712e+60
1117,1,372,7.7848371709311743e+60
1120,1,373,1.023496193418967e+61
1123,1,374,1.3453216512248164e+61
1126,1,375,1.7679482952376166e+61
1129,1,376,2.322826866400643e+61
1132,1,377,3.0511832899632645e+61
1135,1,378,4.0070452867170568e+61
1138,1,379,5.2612025279403281e+61
1141,1,380,6.9063871924832524e+61
1144,1,381,9.0640495985463142e+61
1147,1,382,1.1893218178111713e+62
1150,1,383,1.5602082576241225e+62
1153,1,384,2.0463133690842326e+62
1156,1,385,2.6832948828438503e+62
1159,1,386,3.517804181670677e+62
1162,1,387,4.6108630293689969e+62
1165,1,388,6.0422735956738935e+62
1168,1,389,7.9163767955014667e+62
1171,1,390,1.0369569644678046e+63
1174,1,391,1.3580116974108515e+63
1177,1,392,1.778095517073407e+63
1180,1,393,2.3276396980591875e+63
1183,1,394,3.0463921577546049e+63
1186,1,395,3.9862592260341481e+63
1189,1,396,5.2150110228302508e+63
1192,1,397,6.821111930930734e+63
1195,1,398,8.9200165371917879e+63
1198,1,399,1.1662374013311026e+64
1201,1,400,1.5244717319257034e+64
1204,1,401,1.992338705938977e+64
1207,1,402,2.603266527463089e+64
1210,1,403,3.400838745022175e+64
1213,1,404,4.4418681721844416e+64
1216,1,405,5.800397883178362e+64
1219,1,406,7.5729078758697809e+64
1222,1,407,9.8850894130932452e+64
1225,1,408,1.2900657360886442e+65
1228,1,409,1.6832811437984336e+65
1231,1,410,2.1959139766855221e+65
1234,1,411,2.8640994902938622e+65
1237,1,412,3.7348679723762371e+65
1240,1,413,4.8694179050876277e+65
1243,1,414,6.3473689684984505e+65
1246,1,415,8.2722871665740495e+65
1249,1,416,1.0778861234781567e+66
1252,1,417,1.4042222099569254e+66
1255,1,418,1.8290043099546004e+66
1258,1,419,2.3818247775581825e+66
1261,1,420,3.1011397011018963e+66
1264,1,421,4.0369144606421768e+66
1267,1,422,5.2540561289068079e+66
1270,1,423,6.8368659204367087e+66
1273,1,424,8.8948137703801278e+66
1276,1,425,1.1570026273009717e+67
1279,1,426,1.5046994576928905e+67
1282,1,427,1.9565158102928595e+67
1285,1,428,2.5435213049848378e+67
1288,1,429,3.3060244409937743e+67
1291,1,430,4.2963103194034116e+67
1294,1,431,5.5821868162915178e+67
1297,1,432,7.2515771196644796e+67
1300,1,433,9.4184663171824118e+67
1303,1,434,1.2230599888172919e+68
1306,1,435,1.5879448453233068e+68
1309,1,436,2.0613103631668029e+68
1312,1,437,2.6752964239278999e+68
1315,1,438,3.4715323079951221e+68
1318,1,439,4.5039288691865903e+68
1321,1,440,5.8422894810623295e+68
1324,1,441,7.576979034928425e+68
1327,1,442,9.8249599609674024e+68
1330,1,443,1.2737594165293866e+69
1333,1,444,1.6510725779205367e+69
1336,1,445,2.1397709242835529e+69
1339,1,446,2.7726240206264918e+69
1342,1,447,3.5920095535670781e+69
1345,1,448,4.652720946828289e+69
1348,1,449,6.0255926406251869e+69
1351,1,450,7.8021803670929385e+69
1354,1,451,1.0100802411922524e+70
1357,1,452,1.3074336306012039e+70
1360,1,453,1.6920279330461404e+70
1363,1,454,2.1893727960879913e+70
1366,1,455,2.8324120336759108e+70
1369,1,456,3.6636829124843487e+70
1372,1,457,4.7381005315542041e+70
1375,1,458,6.126547656283985e+70
1378,1,459,7.9205022370271055e+70
1381,1,460,1.0238001579863777e+71
1384,1,461,1.3231327990403675e+71
1387,1,462,1.7096911138399299e+71
1390,1,463,2.2088084402515294e+71
1393,1,464,2.8531515054998252e+71
1396,1,465,3.6848362899275527e+71
1399,1,466,4.7581523725897394e+71
1402,1,467,6.143070176513649e+71
1405,1,468,7.929755365123366e+71
1408,1,469,1.0234378667504409e+72
1411,1,470,1.3206591657136571e+72
1414,1,471,1.703914464612502e+72
1417,1,472,2.1980258514605103e+72
1420,1,473,2.8349536477545921e+72
1423,1,474,3.6558425403558874e+72
1426,1,475,4.7136523326049742e+72
1429,1,476,6.0765398150481655e+72
1432,1,477,7.8322055241071942e+72
1435,1,478,1.009347980100087e+73
1438,1,479,1.3005500356887991e+73
1441,1,480,1.6754933327427918e+73
1444,1,481,2.1581817753788594e+73
1447,1,482,2.7794777489598915e+73
1450,1,483,3.5790554861052169e+73
1453,1,484,4.6079090008375593e+73
1456,1,485,5.9315715358707573e+73
1459,1,486,7.6342477441335439e+73
1462,1,487,9.8241165529682571e+73
1465,1,488,1.26401353291248e+74
1468,1,489,1.6260769040863818e+74
1471,1,490,2.0915187313643334e+74
1474,1,491,2.6897624906485238e+74
1477,1,492,3.458579654358813e+74
1480,1,493,4.4464507171887786e+74
1483,1,494,5.7155918859998109e+74
1486,1,495,7.3458345242063585e+74
1489,1,496,9.4395968607744701e+74
1492,1,497,1.2128254535341815e+75
1495,1,498,1.5580302331321941e+75
1498,1,499,2.0011809156767107e+75
1501,1,500,2.569980862188316e+75
1504,1,501,3.2999446932169053e+75
1507,1,502,4.2365939117853032e+75
1510,1,503,5.4382677715013813e+75
1513,1,504,6.9797212589437567e+75
1516,1,505,8.9567299239325757e+75
1519,1,506,1.1491982444800714e+76
1522,1,507,1.4742619936954224e+76
1525,1,508,1.8909880795141862e+76
1528,1,509,2.4251437291117483e+76
1531,1,510,3.1097172866067944e+76
1534,1,511,3.9869356804369271e+76
1537,1,512,5.1108438173594603e+76
1540,1,513,6.550601940574633e+76
1543,1,514,8.3947001872505102e+76
1546,1,515,1.0756344701070172e+77
1549,1,516,1.3780339979826395e+77
1552,1,517,1.7651881846682894e+77
1555,1,518,2.2607789854942028e+77
1558,1,519,2.8950853855866854e+77
1561,1,520,3.7068155523620632e+77
1564,1,521,4.7454462851722081e+77
1567,1,522,6.0742098034044222e+77
1570,1,523,7.7739064575968012e+77
1573,1,524,9.9477710678855197e+77
1576,1,525,1.2727683184058208e+78
1579,1,526,1.6282091304737081e+78
1582,1,527,2.0826122676591871e+78
1585,1,528,2.6634479682117276e+78
1588,1,529,3.4057888604112935e+78
1591,1,530,4.3544076379197089e+78
1594,1,531,5.5664518097597562e+78
1597,1,532,7.1148538087756166e+78
1600,1,533,9.0926780292774789e+78
1603,1,534,1.1618661454707378e+79
1606,1,535,1.4844274638463478e+79
1609,1,536,1.8962718994058649e+79
1612,1,537,2.4220389819090841e+79
1615,1,538,3.0931478807650622e+79
1618,1,539,3.9496573368260304e+79
1621,1,540,5.0426343491972225e+79
1624,1,541,6.4371703714386639e+79
1627,1,542,8.2162215040269954e+79
1630,1,543,1.0485497133703776e+80
1633,1,544,1.3379682430951909e+80
1636,1,545,1.7070357586739745e+80
1639,1,546,2.1776075106392553e+80
1642,1,547,2.7775181540355474e+80
1645,1,548,3.5422128899599601e+80
1648,1,549,4.5168222789272685e+80
1651,1,550,5.758801055953112e+80
1654,1,551,7.3412838182826383e+80
1657,1,552,9.3573517725429082e+80
1660,1,553,1.1925457178380254e+81
1663,1,554,1.5196318702081772e+81
1666,1,555,1.9361685390189047e+81
1669,1,556,2.466547419966734e+81
1672,1,557,3.1417922074145339e+81
1675,1,558,4.0013566163213608e+81
1678,1,559,5.0954084737886319e+81
1681,1,560,6.4877309068600016e+81
1684,1,561,8.2594068727185484e+81
1687,1,562,1.0513497937004121e+82
1690,1,563,1.338098482865678e+82
1693,1,564,1.7028309081137692e+82
1696,1,565,2.1666946056980974e+82
1699,1,566,2.7565554968935563e+82
1702,1,567,3.5065397645049655e+82
1705,1,568,4.4599902947931938e+82
1708,1,569,5.6719488345158548e+82
1711,1,570,7.212304729571277e+82
1714,1,571,9.16978875101667e+82
1717,1,572,1.165703818277579e+83
1720,1,573,1.48170197076328e+83
1723,1,574,1.8831173055263571e+83
1726,1,575,2.3929735131391807e+83
1729,1,576,3.0404826823074914e+83
1732,1,577,3.8627039689405947e+83
1735,1,578,4.9066455920154093e+83
1738,1,579,6.2319283176377585e+83
1741,1,580,7.9141599991036328e+83
1744,1,581,1.0049210471789584e+84
1747,1,582,1.2758626357430589e+84
1750,1,583,1.6196488893681416e+84
1753,1,584,2.0558098284087278e+84
1756,1,585,2.6090969698967315e+84
1759,1,586,3.3108754555139458e+84
1762,1,587,4.2008863140920126e+84
1765,1,588,5.329476997455061e+84
1768,1,589,6.7604242778029102e+84
1771,1,590,8.5745063868579983e+84
1774,1,591,1.0874022711006932e+85
1777,1,592,1.3788511704266787e+85
1780,1,593,1.7481983808141244e+85
1783,1,594,2.2162069692885195e+85
1786,1,595,2.8091589622315935e+85
1789,1,596,3.5603182953305008e+85
1792,1,597,4.5117804978410538e+85
1795,1,598,5.7168110667242709e+85
1798,1,599,7.2428012921247966e+85
1801,1,600,9.1750041300953124e+85
1804,1,601,1.1621255419446763e+86
1807,1,602,1.4717939624837807e+86
1810,1,603,1.8637527278201557e+86
1813,1,604,2.3598097068803211e+86
1816,1,605,2.9875363738601346e+86
1819,1,606,3.7817869424372406e+86
1822,1,607,4.78661682191334e+86
1825,1,608,6.0577050791772438e+86
1828,1,609,7.6654129599221061e+86
1831,1,610,9.6986450290427496e+86
1834,1,611,1.2269722989037804e+87
1837,1,612,1.5520537064340736e+87
1840,1,613,1.9630308941588933e+87
1843,1,614,2.4825387337041573e+87
1846,1,615,3.1391606987917317e+87
1849,1,616,3.9689880106628545e+87
1852,1,617,5.0175863489143027e+87
1855,1,618,6.3424763830866406e+87
1858,1,619,8.0162620086119612e+87
1861,1,620,1.0130574963608884e+88
1864,1,621,1.280104831393959e+88
1867,1,622,1.6173586454050033e+88
1870,1,623,2.0432268712454799e+88
1873,1,624,2.5809311061894758e+88
1876,1,625,3.2597620451475641e+88
1879,1,626,4.1166614735018896e+88
1882,1,627,5.1982155396569072e+88
1885,1,628,6.5631659488384249e+88
1888,1,629,8.2855732985528395e+88
1891,1,630,1.0458801468499712e+89
1894,1,631,1.3200535613994585e+89
1897,1,632,1.6659101191329937e+89
1900,1,633,2.1021420455964748e+89
1903,1,634,2.6523029649961414e+89
1906,1,635,3.3460689193028212e+89
1909,1,636,4.2208256341860057e+89
1912,1,637,5.3236662175255226e+89
1915,1,638,6.7139051436416653e+89
1918,1,639,8.4662416056023132e+89
1921,1,640,1.0674739533926695e+90
1924,1,641,1.3457834569807557e+90
1927,1,642,1.6964632289698609e+90
1930,1,643,2.1382829821693772e+90
1933,1,644,2.694867820889293e+90
1936,1,645,3.3959509895495863e+90
1939,1,646,4.2789490104903211e+90
1942,1,647,5.390941962873356e+90
1945,1,648,6.7911628410526792e+90
1948,1,649,8.554126527716562e+90
1951,1,650,1.0773562302630683e+91
1954,1,651,1.3567355709978108e+91
1957,1,652,1.7083758193808959e+91
1960,1,653,2.1509188898285528e+91
1963,1,654,2.7078035825082229e+91
1966,1,655,3.4084967413024844e+91
1969,1,656,4.2900395909655829e+91
1972,1,657,5.3989897345730643e+91
1975,1,658,6.7938597912661e+91
1978,1,659,8.548179360842578e+91
1981,1,660,1.0754339236136355e+92
1984,1,661,1.3528417199488612e+92
1987,1,662,1.7016235407155009e+92
1990,1,663,2.1400962879502992e+92
1993,1,664,2.69126562237177e+92
1996,1,665,3.3840231489038599e+92
1999,1,666,4.2546485084916098e+92
2002,1,667,5.3486938360516013e+92
2005,1,668,6.7233476731962993e+92
2008,1,669,8.4504000149495722e+92
2011,1,670,1.0619960972800448e+93
2014,1,671,1.3345124118138607e+93
2017,1,672,1.6767813889346477e+93
2020,1,673,2.1066116954499485e+93
2023,1,674,2.6463473186966563e+93
2026,1,675,3.3240196770258188e+93
2029,1,676,4.1747916701696827e+93
2032,1,677,5.2427674615431635e+93
2035,1,678,6.583260390163607e+93
2038,1,679,8.2656346952154339e+93
2,2,0,3
5,2,1,6
8,2,2,21
11,2,3,72
14,2,4,189
17,2,5,498
20,2,6,1209
23,2,7,2880
26,2,8,6561
29,2,9,14688
32,2,10,31923
35,2,11,68286
38,2,12,143079
41,2,13,295548
44,2,14,600894
47,2,15,1206774
50,2,16,2392605
53,2,17,4692930
56,2,18,9106443
59,2,19,17504010
62,2,20,33335514
65,2,21,62954376
68,2,22,117927792
71,2,23,219249618
74,2,24,404687121
77,2,25,741910530
80,2,26,1351304610
83,2,27,2446107672
86,2,28,4401745314
89,2,29,7876316154
92,2,30,14017322193
95,2,31,24817132836
98,2,32,43718643962.999939
101,2,33,76647104166
104,2,34,133755909888
107,2,35,232376339418.00024
110,2,36,401974270623
113,2,37,692462267784
116,2,38,1188075191613
119,2,39,2030477252268
122,2,40,3457091748828
125,2,41,5864518676706
128,2,42,9913096651056
131,2,43,16698852463050.031
134,2,44,28035377046345
137,2,45,46914705480378.25
140,2,46,78258686317553.875
143,2,47,130140827829298.75
146,2,48,215767823210397
149,2,49,356685176146567
152,2,50,587949874891702
155,2,51,966457302149184
158,2,52,1584313357329464
161,2,53,2590259446836740
164,2,54,4223920826040016
167,2,55,6870432589073168
170,2,56,11147376302438752
173,2,57,18042844829033824
176,2,58,29134242462905536
179,2,59,46934322432738432
182,2,60,75437347057894400
185,2,61,1.2097940867454182e+17
188,2,62,1.935909884025047e+17
191,2,63,3.0911935127659162e+17
194,2,64,4.9255271365454029e+17
197,2,65,7.8321712748261376e+17
200,2,66,1.2428864438570435e+18
203,2,67,1.9684158710214369e+18
206,2,68,3.1113880294898319e+18
209,2,69,4.9086116845166428e+18
212,2,70,7.7293885895846461e+18
215,2,71,1.2148646341381882e+19
218,2,72,1.9059907761721508e+19
221,2,73,2.9849516947245564e+19
224,2,74,4.6664914290462163e+19
227,2,75,7.2827088298253484e+19
230,2,76,1.134637192350757e+20
233,2,77,1.7647963917539869e+20
236,2,78,2.7404211489659893e+20
239,2,79,4.2485074687696883e+20
242,2,80,6.5760147801194784e+20
245,2,81,1.016265399575704e+21
248,2,82,1.568121894310844e+21
251,2,83,2.415966427495218e+21
254,2,84,3.7166372794661402e+21
257,2,85,5.7090943740716872e+21
260,2,86,8.7569189451621445e+21
263,2,87,1.3412556606226511e+22
266,2,88,2.0514303311071559e+22
269,2,89,3.1332536788950953e+22
272,2,90,4.7789922542574872e+22
275,2,91,7.2792606873009141e+22
278,2,92,1.1072772912349026e+23
281,2,93,1.6820987678826459e+23
284,2,94,2.5519971832530504e+23
287,2,95,3.8667841320724257e+23
290,2,96,5.8515102672202179e+23
293,2,97,8.8438511032318e+23
296,2,98,1.3349875594985501e+24
299,2,99,2.0127143512697391e+24
302,2,100,3.0308387211876085e+24
305,2,101,4.5585398369090157e+24
308,2,102,6.8482131305968065e+24
311,2,103,1.0275987633787722e+25
314,2,104,1.5401773815443081e+25
317,2,105,2.3058163571853792e+25
320,2,106,3.4481910010663117e+25
323,2,107,5.150818333797073e+25
326,2,108,7.6857287060530474e+25
329,2,109,1.1455742191529858e+26
332,2,110,1.7056743907604923e+26
335,2,111,2.5369329483713098e+26
338,2,112,3.7693542263608303e+26
341,2,113,5.59467752255693e+26
344,2,114,8.2954175123179278e+26
347,2,115,1.2287438811061145e+27
350,2,116,1.8182314577152501e+27
353,2,117,2.6878579159616926e+27
356,2,118,3.9695142137917771e+27
359,2,119,5.8566168887666509e+27
362,2,120,8.6325494185608309e+27
365,2,121,1.2712133828905949e+28
368,2,122,1.8702049733177088e+28
371,2,123,2.7488781710408835e+28
374,2,124,4.0366528494046448e+28
377,2,125,5.9223074955808998e+28
380,2,126,8.6809667304544541e+28
383,2,127,1.2713253161400762e+29
386,2,128,1.8602039929265093e+29
389,2,129,2.7194649498404374e+29
392,2,130,3.9721812245285096e+29
395,2,131,5.7969686764643805e+29
398,2,132,8.4528413630110872e+29
401,2,133,1.2315097187223696e+30
404,2,134,1.7927088610447213e+30
407,2,135,2.6074852648189032e+30
410,2,136,3.7894611643291353e+30
413,2,137,5.502750577923143e+30
416,2,138,7.9842142401535858e+30
419,2,139,1.1575444760221812e+31
422,2,140,1.6768702399111528e+31
425,2,141,2.4272838030848473e+31
428,2,142,3.5107831517259355e+31
431,2,143,5.0740269467614165e+31
434,2,144,7.3277352933892626e+31
437,2,145,1.0574452560484143e+32
440,2,146,1.5248248649642216e+32
443,2,147,2.1971453063803572e+32
446,2,148,3.1635673493831546e+32
449,2,149,4.55174147695358e+32
452,2,150,6.5442963202881687e+32
455,2,151,9.4023370543948455e+32
458,2,152,1.3498911700820148e+33
461,2,153,1.9366642192564902e+33
464,2,154,2.7765471074457265e+33
467,2,155,3.9778956459251716e+33
470,2,156,5.6951057089594919e+33
473,2,157,8.148030841306943e+33
476,2,158,1.1649529417721792e+34
479,2,159,1.6644520313850295e+34
482,2,160,2.3765320419738757e+34
485,2,161,3.3910003028493825e+34
488,2,162,4.8353285619164933e+34
491,2,163,6.8903355202599461e+34
494,2,164,9.8123527201600286e+34
497,2,165,1.3964535210188541e+35
500,2,166,1.9861063314449355e+35
503,2,167,2.8229505936332046e+35
506,2,168,4.0098755717342684e+35
509,2,169,5.6922949154763486e+35
512,2,170,8.0755996058117587e+35
515,2,171,1.1449724558204241e+36
518,2,172,1.6223708542569059e+36
521,2,173,2.2974284903848341e+36
524,2,174,3.2514160802912095e+36
527,2,175,4.5987908796921331e+36
530,2,176,6.5006562298751868e+36
533,2,177,9.1836432169241941e+36
536,2,178,1.2966384171975105e+37
539,2,179,1.8296610259266184e+37
542,2,180,2.5803108550776111e+37
545,2,181,3.6368451426810932e+37
548,2,182,5.1230748633657807e+37
551,2,183,7.2125927927276076e+37
554,2,184,1.0148658223985744e+38
557,2,185,1.4271972697582525e+38
560,2,186,2.0059458011954183e+38
563,2,187,2.8178366660864488e+38
566,2,188,3.9561748208660938e+38
569,2,189,5.5513646523367278e+38
572,2,190,7.785566635645283e+38
575,2,191,1.0913107513368881e+39
578,2,192,1.5288888337544379e+39
581,2,193,2.1407904729912548e+39
584,2,194,2.9960198902439823e+39
587,2,195,4.1907231674574477e+39
590,2,196,5.8587972100497962e+39
593,2,197,8.1866196867030785e+39
596,2,198,1.1433490856589239e+40
599,2,199,1.5959988621084775e+40
602,2,200,2.2267281365605094e+40
605,2,201,3.1051607441267661e+40
608,2,202,4.3279736985157466e+40
611,2,203,6.0293448418493085e+40
614,2,204,8.3954108434360662e+40
617,2,205,1.1684265690230184e+41
620,2,206,1.6253610162648965e+41
623,2,207,2.259896195706545e+41
626,2,208,3.140643612153106e+41
629,2,209,4.362561890127307e+41
632,2,210,6.057013942393384e+41
635,2,211,8.405640476000433e+41
638,2,212,1.1659489522904615e+42
641,2,213,1.616538164169458e+42
644,2,214,2.2402231744561243e+42
647,2,215,3.1031065812098933e+42
650,2,216,4.2963866243342723e+42
653,2,217,5.9458293036499749e+42
656,2,218,8.2247950572767698e+42
659,2,219,1.137214628083459e+43
662,2,220,1.5716854025601576e+43
665,2,221,2.1711795801391706e+43
668,2,222,2.9980158123620388e+43
671,2,223,4.1379118177490652e+43
674,2,224,5.7087202730082123e+43
677,2,225,7.8724078317896295e+43
680,2,226,1.0851474531601545e+44
683,2,227,1.4951450391759943e+44
686,2,228,2.0591706026943356e+44
689,2,229,2.8347632874416103e+44
692,2,230,3.9008365475813877e+44
695,2,231,5.3655741089194232e+44
698,2,232,7.3772267521348973e+44
701,2,233,1.0138869804022688e+45
704,2,234,1.3928566379629654e+45
707,2,235,1.9126905786689389e+45
710,2,236,2.6254600132114068e+45
713,2,237,3.6023793004656704e+45
716,2,238,4.9408054358906171e+45
719,2,239,6.7737830488888253e+45
722,2,240,9.2830556899692514e+45
725,2,241,1.2716795494373445e+46
728,2,242,1.7413753194246455e+46
731,2,243,2.3836141136466672e+46
734,2,244,3.2614390622361749e+46
737,2,245,4.4608048916408906e+46
740,2,246,6.0988605413700422e+46
743,2,247,8.3352102398816188e+46
746,2,248,1.1387218517907815e+47
749,2,249,1.5550803815767803e+47
752,2,250,2.1228678766270973e+47
755,2,251,2.8968690194257806e+47
758,2,252,3.9515852226904804e+47
761,2,253,5.388293786597442e+47
764,2,254,7.3446214279174732e+47
767,2,255,1.0007523188181724e+48
770,2,256,1.363087186856213e+48
773,2,257,1.8559287477682926e+48
776,2,258,2.5260409178612295e+48
779,2,259,3.4368585704191352e+48
782,2,260,4.6744003973263861e+48
785,2,261,6.3552683659841639e+48
788,2,262,8.6374664234232101e+48
791,2,263,1.1735027070966366e+49
794,2,264,1.5937779393088122e+49
797,2,265,2.1638056858299851e+49
800,2,266,2.936676910190896e+49
803,2,267,3.9842104562411118e+49
806,2,268,5.4035264986361356e+49
809,2,269,7.3259158775255839e+49
812,2,270,9.9288032630751243e+49
815,2,271,1.3451878075722542e+50
818,2,272,1.821883805864167e+50
821,2,273,2.4666688897575052e+50
824,2,274,3.338521294060341e+50
827,2,275,4.5170119372611978e+50
830,2,276,6.1094595523862622e+50
833,2,277,8.2605599338081738e+50
836,2,278,1.1165340701897465e+51
839,2,279,1.5086584579252329e+51
842,2,280,2.0378255157088986e+51
845,2,281,2.7516983228775305e+51
848,2,282,3.7144374085956385e+51
851,2,283,5.0123837032065101e+51
854,2,284,6.7616898410401096e+51
857,2,285,9.1185646446343347e+51
860,2,286,1.2293021416984779e+52
863,2,287,1.6567322796007227e+52
866,2,288,2.2320719068860987e+52
869,2,289,3.0062617290683095e+52
872,2,290,4.0477041062218491e+52
875,2,291,5.4482206444530135e+52
878,2,292,7.3310329658031135e+52
881,2,293,9.8614505507157328e+52
884,2,294,1.3261179663834044e+53
887,2,295,1.7827474567252467e+53
890,2,296,2.3958762195439943e+53
893,2,297,3.2188918443211585e+53
896,2,298,4.3233103782121453e+53
899,2,299,5.8049038747450246e+53
902,2,300,7.7918896675787531e+53
905,2,301,1.0455871935638635e+54
908,2,302,1.4026456388350352e+54
911,2,303,1.8810765597896312e+54
914,2,304,2.5219490899480546e+54
917,2,305,3.3801660441967393e+54
920,2,306,4.5291026504684157e+54
923,2,307,6.0667937850991723e+54
926,2,308,8.1241843344768811e+54
929,2,309,1.0876127576770745e+55
932,2,310,1.4556042838179969e+55
935,2,311,1.9475444524029825e+55
938,2,312,2.6049954359329993e+55
941,2,313,3.4833939659472146e+55
944,2,314,4.656662559879934e+55
947,2,315,6.2233465630078324e+55
950,2,316,8.3147796802483114e+55
953,2,317,1.1105945558551084e+56
956,2,318,1.4829921718643775e+56
959,2,319,1.9797082238021165e+56
962,2,320,2.6420620238737995e+56
965,2,321,3.5250461117502027e+56
968,2,322,4.7018313169956329e+56
971,2,323,6.2697497509824262e+56
974,2,324,8.3582384991024396e+56
977,2,325,1.1139383810775679e+57
980,2,326,1.4841913470026423e+57
983,2,327,1.9769760175839452e+57
986,2,328,2.6326682840159842e+57
989,2,329,3.504891434655932e+57
992,2,330,4.6648441302007425e+57
995,2,331,6.2070363560956819e+57
998,2,332,8.2568894667104597e+57
1001,2,333,1.0980803575756291e+58
1004,2,334,1.4599489956264119e+58
1007,2,335,1.9405622913435394e+58
1010,2,336,2.5787204725719214e+58
1013,2,337,3.4258485000472575e+58
1016,2,338,4.5500866806711951e+58
1019,2,339,6.0417011881260096e+58
1022,2,340,8.0202386195320839e+58
1025,2,341,1.064398444232852e+59
1028,2,342,1.4122464166903121e+59
1031,2,343,1.8732962047309298e+59
1034,2,344,2.4842343134479011e+59
1037,2,345,3.2935874360423952e+59
1040,2,346,4.3655280295816281e+59
1043,2,347,5.7848980435916087e+59
1046,2,348,7.6638391420556743e+59
1049,2,349,1.0150541059634624e+60
1052,2,350,1.3440782023863693e+60
1055,2,351,1.7793148737864314e+60
1058,2,352,2.3549104385752305e+60
1061,2,353,3.115944268486266e+60
1064,2,354,4.121915199092498e+60
1067,2,355,5.4513352390371572e+60
1070,2,356,7.2077808537785008e+60
1073,2,357,9.5278624625595391e+60
1076,2,358,1.2591717785550424e+61
1079,2,359,1.6636825137822307e+61
1082,2,360,2.1976182886170649e+61
1085,2,361,2.9022229677929133e+61
1088,2,362,3.8318311117812782e+61
1091,2,363,5.0580064285255007e+61
1094,2,364,6.674983374662411e+61
1097,2,365,8.8068206405704787e+61
1100,2,366,1.1616802952542782e+62
1103,2,367,1.531979506599557e+62
1106,2,368,2.0198471325398547e+62
1109,2,369,2.6624631855489645e+62
1112,2,370,3.5087193422698657e+62
1115,2,371,4.6228936871469559e+62
1118,2,372,6.0894739902362125e+62
1121,2,373,8.0194871032940225e+62
1124,2,374,1.0558802960195133e+63
1127,2,375,1.3899026833320822e+63
1130,2,376,1.8291783472660862e+63
1133,2,377,2.4067445318059754e+63
1136,2,378,3.1659682127581898e+63
1139,2,379,4.1637634616254695e+63
1142,2,380,5.4748070748216447e+63
1145,2,381,7.1970610251082342e+63
1148,2,382,9.459005303660052e+63
1151,2,383,1.2429108878766246e+64
1154,2,384,1.6328228707944183e+64
1157,2,385,2.1445838623890611e+64
1160,2,386,2.8161266625386809e+64
1163,2,387,3.697148040166371e+64
1166,2,388,4.8527432564741167e+64
1169,2,389,6.3681592636439305e+64
1172,2,390,8.3550096090267162e+64
1175,2,391,1.0959398869972954e+65
1178,2,392,1.4372541135092477e+65
1181,2,393,1.8844635307217075e+65
1184,2,394,2.470299242517853e+65
1187,2,395,3.2375713183223487e+65
1190,2,396,4.2422608709863436e+65
1193,2,397,5.5575572226797687e+65
1196,2,398,7.2791279580023249e+65
1199,2,399,9.5319969828743479e+65
1202,2,400,1.247951942340891e+66
1205,2,401,1.633509026154763e+66
1208,2,402,2.1377416349917002e+66
1211,2,403,2.7970432313785095e+66
1214,2,404,3.6589267294279319e+66
1217,2,405,4.7854094203519314e+66
1220,2,406,6.2574245624847766e+66
1223,2,407,8.1805698984752829e+66
1226,2,408,1.0692596786670472e+67
1229,2,409,1.3973165088209393e+67
1232,2,410,1.8256546816209333e+67
1235,2,411,2.38481667046385e+67
1238,2,412,3.1146134405723098e+67
1241,2,413,4.0669269287542309e+67
1244,2,414,5.309356852960847e+67
1247,2,415,6.9299653211823472e+67
1250,2,416,9.0434485302467029e+67
1253,2,417,1.1799163266767035e+68
1256,2,418,1.5391563657115733e+68
1259,2,419,2.0073769360608725e+68
1262,2,420,2.6175201433304004e+68
1265,2,421,3.4124501011594537e+68
1268,2,422,4.4479307692234665e+68
1271,2,423,5.7964943513801037e+68
1274,2,424,7.5524656495406221e+68
1277,2,425,9.8384865819554761e+68
1280,2,426,1.2813987211207216e+69
1283,2,427,1.6686181964797266e+69
1286,2,428,2.1724341169517127e+69
1289,2,429,2.8278310072879457e+69
1292,2,430,3.6802535080323719e+69
1295,2,431,4.788722925537179e+69
1298,2,432,6.2298791105635796e+69
1301,2,433,8.1032214503253423e+69
1304,2,434,1.0537903486182344e+70
1307,2,435,1.3701540118044867e+70
1310,2,436,1.7811621473095713e+70
1313,2,437,2.3150302274744235e+70
1316,2,438,3.0083561538683008e+70
1319,2,439,3.9086019614527889e+70
1322,2,440,5.0773077310630912e+70
1325,2,441,6.5942530036618058e+70
1328,2,442,8.562844077622215e+70
1331,2,443,1.1117087082091158e+71
1334,2,444,1.4430612017889803e+71
1337,2,445,1.8728348959759038e+71
1340,2,446,2.4301633243991591e+71
1343,2,447,3.1527743230002238e+71
1346,2,448,4.0895166962304877e+71
1349,2,449,5.3036271899582965e+71
1352,2,450,6.8769539477217469e+71
1355,2,451,8.9154155408075089e+71
1358,2,452,1.1556055824995633e+72
1361,2,453,1.4976159563367197e+72
1364,2,454,1.9405028760937422e+72
1367,2,455,2.5139193735073994e+72
1370,2,456,3.2562057366164783e+72
1373,2,457,4.2169260246686787e+72
1376,2,458,5.4601427252317218e+72
1379,2,459,7.0686436437906074e+72
1382,2,460,9.1493970053769117e+72
1385,2,461,1.184059046891519e+73
1388,2,462,1.5320712429215678e+73
1391,2,463,1.982026619586518e+73
1394,2,464,2.5636877863262879e+73
1397,2,465,3.3154777815055979e+73
1400,2,466,4.2869917841096427e+73
1403,2,467,5.5422348788382784e+73
1406,2,468,7.1637950650954922e+73
1409,2,469,9.2582207758345762e+73
1412,2,470,1.1962949443977913e+74
1415,2,471,1.5455233028848445e+74
1418,2,472,1.9963634194931526e+74
1421,2,473,2.5782831112499184e+74
1424,2,474,3.3292680016853875e+74
1427,2,475,4.298275605921283e+74
1430,2,476,5.5483941732433009e+74
1433,2,477,7.1609080235449088e+74
1436,2,478,9.2405286750787122e+74
1439,2,479,1.1922124993371595e+75
1442,2,480,1.5379380535939278e+75
1445,2,481,1.9835928178075989e+75
1448,2,482,2.5579668615201229e+75
1451,2,483,3.298118023627589e+75
1454,2,484,4.2517385699603467e+75
1457,2,485,5.4801971402986247e+75
1460,2,486,7.0624480541067056e+75
1463,2,487,9.10005450023275e+75
1466,2,488,1.1723641982410818e+76
1469,2,489,1.5101187965931079e+76
1472,2,490,1.9448668524867647e+76
1475,2,491,2.5043730037175912e+76
1478,2,492,3.2243242723471797e+76
1481,2,493,4.1505834735996068e+76
1484,2,494,5.3420815501291643e+76
1487,2,495,6.8745294211199398e+76
1490,2,496,8.8451808184041348e+76
1493,2,497,1.137894275692358e+77
1496,2,498,1.4636213755698467e+77
1499,2,499,1.882293680745063e+77
1502,2,500,2.420349093686626e+77
1505,2,501,3.1117220361810004e+77
1508,2,502,3.9999624481612114e+77
1511,2,503,5.1409518848716861e+77
1514,2,504,6.6063844423519883e+77
1517,2,505,8.4882272123497346e+77
1520,2,506,1.0904435052217599e+78
1523,2,507,1.4006271302813032e+78
1526,2,508,1.7987684360258648e+78
1529,2,509,2.3097315661209385e+78
1532,2,510,2.965387528089233e+78
1535,2,511,3.8065826680945093e+78
1538,2,512,4.8856584579041285e+78
1541,2,513,6.2696765272141511e+78
1544,2,514,8.0445457235056317e+78
1547,2,515,1.0320302721597364e+79
1550,2,516,1.3237867626271765e+79
1553,2,517,1.6977685311459634e+79
1556,2,518,2.1770777272222872e+79
1559,2,519,2.7912874362171783e+79
1562,2,520,3.5782486657653614e+79
1565,2,521,4.5864003937693205e+79
1568,2,522,5.8777223055782342e+79
1571,2,523,7.5315084856193366e+79
1574,2,524,9.6491896259744664e+79
1577,2,525,1.2360494203627812e+80
1580,2,526,1.5831319295058685e+80
1583,2,527,2.0273784002247588e+80
1586,2,528,2.5959068921423774e+80
1589,2,529,3.3233811419365803e+80
1592,2,530,4.2541038527934442e+80
1595,2,531,5.4446889552122775e+80
1598,2,532,6.9674724956963933e+80
1601,2,533,8.9148657057576136e+80
1604,2,534,1.1404909732460953e+81
1607,2,535,1.4588362762407435e+81
1610,2,536,1.8657741028283173e+81
1613,2,537,2.3858850776517211e+81
1616,2,538,3.050549546910297e+81
1619,2,539,3.8998229910396267e+81
1622,2,540,4.9848271587833217e+81
1625,2,541,6.3707983232900056e+81
1628,2,542,8.1409727161123469e+81
1631,2,543,1.040153838701582e+82
1634,2,544,1.3287945329343742e+82
1637,2,545,1.6972945342590579e+82
1640,2,546,2.1676834400619249e+82
1643,2,547,2.7680499133233625e+82
1646,2,548,3.5342032877275028e+82
1649,2,549,4.5117895097070783e+82
1652,2,550,5.7589852860060071e+82
1655,2,551,7.3499279784333535e+82
1658,2,552,9.3790815878578813e+82
1661,2,553,1.1966793564296449e+83
1664,2,554,1.5266366300743886e+83
1667,2,555,1.9473054990738405e+83
1670,2,556,2.4835515098531802e+83
1673,2,557,3.1670364409288557e+83
1676,2,558,4.0380704618526183e+83
1679,2,559,5.1479675991705883e+83
1682,2,560,6.5620408852062905e+83
1685,2,561,8.3634104118902738e+83
1688,2,562,1.0657844285249585e+84
1691,2,563,1.3579911843241152e+84
1694,2,564,1.730080384163181e+84
1697,2,565,2.2038269916075938e+84
1700,2,566,2.8069244927032937e+84
1703,2,567,3.5745889673169625e+84
1706,2,568,4.5515966646777783e+84
1709,2,569,5.7948719057056129e+84
1712,2,570,7.3767735274506964e+84
1715,2,571,9.3892678897694895e+84
1718,2,572,1.1949226929194788e+85
1721,2,573,1.5205153716108723e+85
1724,2,574,1.9345719054525958e+85
1727,2,575,2.4610595422346096e+85
1730,2,576,3.1304204762671077e+85
1733,2,577,3.9813161618907137e+85
1736,2,578,5.0628402113629857e+85
1739,2,579,6.4373254023004572e+85
1742,2,580,8.1839038515529719e+85
1745,2,581,1.0403021876918825e+86
1748,2,582,1.3222164837645263e+86
1751,2,583,1.6803115321593186e+86
1754,2,584,2.1351154226558992e+86
1757,2,585,2.7126723367217939e+86
1760,2,586,3.4460206296901738e+86
1763,2,587,4.377065874064278e+86
1766,2,588,5.5589541093589562e+86
1769,2,589,7.0590785111626912e+86
1772,2,590,8.9628880706992419e+86
1775,2,591,1.1378711624766255e+87
1778,2,592,1.4443867169393014e+87
1781,2,593,1.8332397955475893e+87
1784,2,594,2.326486735108558e+87
1787,2,595,2.9520758851781486e+87
1790,2,596,3.7454172228361701e+87
1793,2,597,4.7513689577516224e+87
1796,2,598,6.0267516032728255e+87
1799,2,599,7.6435291781640471e+87
1802,2,600,9.6928340838641718e+87
1805,2,601,1.2290058794434575e+88
1808,2,602,1.558129635143798e+88
1811,2,603,1.9751485992970576e+88
1814,2,604,2.5034714126046401e+88
1817,2,605,3.1727239398492086e+88
1820,2,606,4.0203960304590475e+88
1823,2,607,5.0939232720959751e+88
1826,2,608,6.4533183297329942e+88
1829,2,609,8.174496569014267e+88
1832,2,610,1.0353478657238294e+89
1835,2,611,1.3111700779600388e+89
1838,2,612,1.6602723601165078e+89
1841,2,613,2.10207074211857e+89
1844,2,614,2.6611117234859449e+89
1847,2,615,3.3684242840123962e+89
1850,2,616,4.2632272258502701e+89
1853,2,617,5.3950849839295967e+89
1856,2,618,6.8266293887096049e+89
1859,2,619,8.6369955603528957e+89
1862,2,620,1.0926158806343125e+90
1865,2,621,1.3820408165102069e+90
1868,2,622,1.7479253702187808e+90
1871,2,623,2.2104142120439124e+90
1874,2,624,2.7949452837918855e+90
1877,2,625,3.5336369641660806e+90
1880,2,626,4.4670377912087442e+90
1883,2,627,5.6463332508270775e+90
1886,2,628,7.1361287110948509e+90
1889,2,629,9.0179585245188979e+90
1892,2,630,1.1394710281322645e+91
1895,2,631,1.439620225008593e+91
1898,2,632,1.8186213793982905e+91
1901,2,633,2.2971346280590338e+91
1904,2,634,2.9012189834605186e+91
1907,2,635,3.6637394399997071e+91
1910,2,636,4.6261398499933152e+91
1913,2,637,5.8406764003851914e+91
1916,2,638,7.3732310432278308e+91
1919,2,639,9.3068550797004005e+91
1922,2,640,1.1746231895753664e+92
1925,2,641,1.4823296641763336e+92
1928,2,642,1.8704312008032395e+92
1931,2,643,2.3598776398539621e+92
1934,2,644,2.9770637802721895e+92
1937,2,645,3.7552408599367984e+92
1940,2,646,4.7362929793362796e+92
1943,2,647,5.9729725816727537e+92
1946,2,648,7.5317133101283929e+92
1949,2,649,9.496168981376267e+92
1952,2,650,1.1971665632689206e+93
1955,2,651,1.5090801613216716e+93
1958,2,652,1.9020491001924677e+93
1961,2,653,2.3970821388227554e+93
1964,2,654,3.020619218861804e+93
1967,2,655,3.8059319142758596e+93
1970,2,656,4.7948840641114343e+93
1973,2,657,6.040144987129427e+93
1976,2,658,7.6079713198093795e+93
1979,2,659,9.5817031963893608e+93
1982,2,660,1.2066157736956227e+94
1985,2,661,1.5193149554312312e+94
1988,2,662,1.9128426646451553e+94
1991,2,663,2.4080383638092434e+94
1994,2,664,3.0311006666373084e+94
1997,2,665,3.814962003124481e+94
2000,2,666,4.8010150011515729e+94
2003,2,667,6.0412803456323173e+94
2006,2,668,7.6011287260969772e+94
2009,2,669,9.5626981356257367e+94
2012,2,670,1.2029183707894546e+95
2015,2,671,1.5130222315556851e+95
2018,2,672,1.9028650607905348e+95
2021,2,673,2.3928985926981073e+95
2024,2,674,3.0088068225093846e+95
2027,2,675,3.7828412240080785e+95
2030,2,676,4.7554958439677011e+95
2033,2,677,5.9776085717101605e+95
2036,2,678,7.5129967392545742e+95
2039,2,679,9.4417625870461475e+95
3,3,0,2
6,3,1,21
9,3,2,80
12,3,3,264
15,3,4,800
18,3,5,2249
21,3,6,5978
24,3,7,15128
27,3,8,36898
30,3,9,87106
33,3,10,200042
36,3,11,448392
39,3,12,983962
42,3,13,2118273
45,3,14,4482882
48,3,15,9340080
51,3,16,19185162
54,3,17,38894555
57,3,18,77904338
60,3,19,154295343
63,3,20,302412170
66,3,21,586935421
69,3,22,1128727128
72,3,23,2151926184
75,3,24,4069272450.0000038
78,3,25,7635655210
81,3,26,14222931190
84,3,27,26308856307
87,3,28,48342485956
90,3,29,88267730562
93,3,30,160192650898
96,3,31,289043349078
99,3,32,518641338620
102,3,33,925659865031
105,3,34,1643636136310
108,3,35,2904113178174
111,3,36,5106851599754
114,3,37,8939186568896
117,3,38,15578173765288
120,3,39,27031703898966.812
123,3,40,46712102942569.312
126,3,41,80397368985812.875
129,3,42,137836674605648.75
132,3,43,235423295411030.5
135,3,44,400630705227096.5
138,3,45,679352398556817
141,3,46,1148010045200752
144,3,47,1933469840183324
147,3,48,3245709829289608
150,3,49,5431254046729160
153,3,50,9060340083198848
156,3,51,15068742871662208
159,3,52,24987933763443456
162,3,53,41317658431361088
165,3,54,68127582316588544
168,3,55,1.1202650964675098e+17
171,3,56,1.8372008263497062e+17
174,3,57,3.0050852098043699e+17
177,3,58,4.9028269527495987e+17
180,3,59,7.9790327243528806e+17
183,3,60,1.2953621178446561e+18
186,3,61,2.0979342628614267e+18
189,3,62,3.3897988928752517e+18
192,3,63,5.4645978832404644e+18
195,3,64,8.7895126829933363e+18
198,3,65,1.410629873957077e+19
201,3,66,2.2590287246352712e+19
204,3,67,3.6100140076780683e+19
207,3,68,5.7569429840664855e+19
210,3,69,9.1619463558308561e+19
213,3,70,1.4551663704179212e+20
216,3,71,2.3066538556700964e+20
219,3,72,3.6493234715456805e+20
222,3,73,5.7625837119901113e+20
225,3,74,9.0826259481794445e+20
228,3,75,1.428922932493667e+21
231,3,76,2.2440000400102953e+21
234,3,77,3.5177637601942469e+21
237,3,78,5.5049443258377615e+21
240,3,79,8.5999112169475833e+21
243,3,80,1.3412253480133769e+22
246,3,81,2.0882761045530326e+22
249,3,82,3.2461140534047648e+22
252,3,83,5.0377929666722909e+22
255,3,84,7.8059944345782368e+22
258,3,85,1.2076412716590909e+23
261,3,86,1.8654326520028025e+23
264,3,87,2.8771531706229361e+23
267,3,88,4.4309594907872701e+23
270,3,89,6.8138618419390256e+23
273,3,90,1.046306049313815e+24
276,3,91,1.6043640045007697e+24
279,3,92,2.4566003780332455e+24
282,3,93,3.7563150290304515e+24
285,3,94,5.735795273359674e+24
288,3,95,8.7465638081440662e+24
291,3,96,1.3319911824720676e+25
294,3,97,2.0257831794528262e+25
297,3,98,3.0769454571384902e+25
300,3,99,4.6675522107882705e+25
303,3,100,7.0714467758110161e+25
306,3,101,1.0700007173380483e+26
309,3,102,1.6170498095582599e+26
312,3,103,2.4408042379383951e+26
315,3,104,3.6797580230248435e+26
318,3,105,5.5410074037917005e+26
321,3,106,8.3338871618430719e+26
324,3,107,1.2519934079996965e+27
327,3,108,1.8787024624785558e+27
330,3,109,2.81592687562079e+27
333,3,110,4.2159737154124693e+27
336,3,111,6.3051177209603605e+27
339,3,112,9.4191736274182852e+27
342,3,113,1.4056011594413492e+28
345,3,114,2.0953009378315526e+28
348,3,115,3.1201171055566537e+28
351,3,116,4.6413108468546917e+28
354,3,117,6.8970072106324802e+28
357,3,118,1.0238488792462853e+29
360,3,119,1.5183468459671919e+29
363,3,120,2.2494212019707534e+29
366,3,121,3.329199765359209e+29
369,3,122,4.9224661314197922e+29
372,3,123,7.2711629262218038e+29
375,3,124,1.0730195614868052e+30
378,3,125,1.5819702527763746e+30
381,3,126,2.3301297511050844e+30
384,3,127,3.4289183906314388e+30
387,3,128,5.0411950813186918e+30
390,3,129,7.404797006936007e+30
393,3,130,1.0866758789434198e+31
396,3,131,1.593301490021977e+31
399,3,132,2.3340531737515357e+31
402,3,133,3.4161906176286055e+31
405,3,134,4.9956921310595468e+31
408,3,135,7.2991964250229813e+31
411,3,136,1.0655744092891458e+32
414,3,137,1.5542659522481138e+32
417,3,138,2.2651821035074273e+32
420,3,139,3.2985305234357954e+32
423,3,140,4.799332019368919e+32
426,3,141,6.9772974691783463e+32
429,3,142,1.0135450045169153e+33
432,3,143,1.4711309754025649e+33
435,3,144,2.1336110175356782e+33
438,3,145,3.0919880309074183e+33
441,3,146,4.4773600405420898e+33
444,3,147,6.4784460431158459e+33
447,3,148,9.3667126200698844e+33
450,3,149,1.3532372206558809e+34
453,3,150,1.9535920733230577e+34
456,3,151,2.8181871191304694e+34
459,3,152,4.0624169541169436e+34
462,3,153,5.8516803303458345e+34
465,3,154,8.4228831233920798e+34
468,3,155,1.211511827030144e+35
471,3,156,1.741340995280419e+35
474,3,157,2.5011043751244523e+35
477,3,158,3.5898321149169708e+35
480,3,159,5.1488858314402693e+35
483,3,160,7.3799194508329839e+35
486,3,161,1.0570404757946189e+36
489,3,162,1.5129884617058119e+36
492,3,163,2.1641429830666666e+36
495,3,164,3.093462978603201e+36
498,3,165,4.4189063889450414e+36
501,3,166,6.3080891813115019e+36
504,3,167,8.9990403636431358e+36
507,3,168,1.2829570116107037e+37
510,3,169,1.8278800263780397e+37
513,3,170,2.6025858671725136e+37
516,3,171,3.7032781718100577e+37
519,3,172,5.266154001219683e+37
522,3,173,7.483913569259453e+37
525,3,174,1.0629038221496296e+38
528,3,175,1.5086592336993625e+38
531,3,176,2.1400419183898711e+38
534,3,177,3.033816272123984e+38
537,3,178,4.2982735500409864e+38
540,3,179,6.0860916565150621e+38
543,3,180,8.6124050629707719e+38
546,3,181,1.2180181633263356e+39
549,3,182,1.7215841389795006e+39
552,3,183,2.4319223429956596e+39
555,3,184,3.4333642668537093e+39
558,3,185,4.8444060706341378e+39
561,3,186,6.8314579343311382e+39
564,3,187,9.6280904894051645e+39
567,3,188,1.3561961833224306e+40
570,3,189,1.909247036398002e+40
573,3,190,2.6863378331738443e+40
576,3,191,3.7776320260598808e+40
579,3,192,5.309343192472188e+40
582,3,193,7.4580562637536177e+40
585,3,194,1.0470701725744442e+41
588,3,195,1.4692400077045483e+41
591,3,196,2.0605258082310614e+41
594,3,197,2.8882397386923385e+41
597,3,198,4.0463158748867606e+41
600,3,199,5.6657729692031589e+41
603,3,200,7.9292636060855804e+41
606,3,201,1.1091295894674814e+42
609,3,202,1.5506325746682803e+42
612,3,203,2.1667764314794364e+42
615,3,204,3.0262115744240024e+42
618,3,205,4.2244078320050483e+42
621,3,206,5.8940677317675354e+42
624,3,207,8.2195584501564941e+42
627,3,208,1.1456903965203411e+43
630,3,209,1.5961466747681839e+43
633,3,210,2.2226258928664819e+43
636,3,211,3.0934940247614392e+43
639,3,212,4.3035099627826321e+43
642,3,213,5.9839537528432222e+43
645,3,214,8.316618509120539e+43
648,3,215,1.1553131255988559e+44
651,3,216,1.6041620385075126e+44
654,3,217,2.2263506938317348e+44
657,3,218,3.0884240715086797e+44
660,3,219,4.2823236035835696e+44
663,3,220,5.9350230802029286e+44
666,3,221,8.2217994743729444e+44
669,3,222,1.1384502012786108e+45
672,3,223,1.5756691247878516e+45
675,3,224,2.179821685329585e+45
678,3,225,3.0142757896352253e+45
681,3,226,4.1663157456097625e+45
684,3,227,5.75611744675361e+45
687,3,228,7.9490726857345695e+45
690,3,229,1.0972705339244128e+46
693,3,230,1.5139880740983167e+46
696,3,231,2.0880636416779768e+46
699,3,232,2.8785818911623324e+46
702,3,233,3.9666881402638554e+46
705,3,234,5.463779421518728e+46
708,3,235,7.5227200572196971e+46
711,3,236,1.0353192438116014e+47
714,3,237,1.4242699339271614e+47
717,3,238,1.9585287117061733e+47
720,3,239,2.6920812741497775e+47
723,3,240,3.6988604206521017e+47
726,3,241,5.0800761780904957e+47
729,3,242,6.9742250417983168e+47
732,3,243,9.5707522854972868e+47
735,3,244,1.3128693476507004e+48
738,3,245,1.8002100193664542e+48
741,3,246,2.4674705810860101e+48
744,3,247,3.3807171539471662e+48
747,3,248,4.6301454025173834e+48
750,3,249,6.3388466549889477e+48
753,3,250,8.674741919456832e+48
756,3,251,1.1866822620280616e+49
759,3,252,1.6227244147443439e+49
762,3,253,2.218137047839901e+49
765,3,254,3.0308616483991682e+49
768,3,255,4.1397948416846522e+49
771,3,256,5.6523276241416184e+49
774,3,257,7.71458305638774e+49
777,3,258,1.0525313305183922e+50
780,3,259,1.4354757343396908e+50
783,3,260,1.9570221030235063e+50
786,3,261,2.6670763784557611e+50
789,3,262,3.6334217401846999e+50
792,3,263,4.9480899305876587e+50
795,3,264,6.7359917872982147e+50
798,3,265,9.1666040500357177e+50
801,3,266,1.2469789317993955e+51
804,3,267,1.6957203582824582e+51
807,3,268,2.305125502448501e+51
810,3,269,3.132426445733933e+51
813,3,270,4.2551403473034994e+51
816,3,271,5.7782233691828371e+51
819,3,272,7.8437350868192558e+51
822,3,273,1.0643890045660417e+52
825,3,274,1.4438677759833687e+52
828,3,275,1.9579642430682806e+52
831,3,276,2.6541965245561643e+52
834,3,277,3.5967733972134006e+52
837,3,278,4.8724282012806469e+52
840,3,279,6.5982819767129933e+52
843,3,280,8.9324382616379293e+52
846,3,281,1.2088253970841374e+53
849,3,282,1.6353555725786649e+53
852,3,283,2.2116507240033295e+53
855,3,284,2.9900418802750263e+53
858,3,285,4.0410575340895793e+53
861,3,286,5.4597212983283394e+53
864,3,287,7.3740186514044075e+53
867,3,288,9.9562763379520032e+53
870,3,289,1.3438451690733861e+54
873,3,290,1.8132668996073236e+54
876,3,291,2.445879516230462e+54
879,3,292,3.2981456291251912e+54
882,3,293,4.4459712301450805e+54
885,3,294,5.9913697971466308e+54
888,3,295,8.0713998415764397e+54
891,3,296,1.0870147889686534e+55
894,3,297,1.4634789826225361e+55
897,3,298,1.9697112263985043e+55
900,3,299,2.6502341539410153e+55
903,3,300,3.5647750284303672e+55
906,3,301,4.793434255639692e+55
909,3,302,6.4436027886229197e+55
912,3,303,8.659217512230292e+55
915,3,304,1.1633141224407908e+56
918,3,305,1.5623717296373398e+56
921,3,306,2.09769004072943e+56
924,3,307,2.8155833071674267e+56
927,3,308,3.7780361808194266e+56
930,3,309,5.0679818343336495e+56
933,3,310,6.7963498825551981e+56
936,3,311,9.1114748876272852e+56
939,3,312,1.2211652566830516e+57
942,3,313,1.636189212028961e+57
945,3,314,2.1916260754829172e+57
948,3,315,2.9347678918801518e+57
951,3,316,3.9287639710197352e+57
954,3,317,5.2579143453251974e+57
957,3,318,7.0347225008313804e+57
960,3,319,9.4092895135521622e+57
963,3,320,1.2581823508747141e+58
966,3,321,1.6819293057115673e+58
969,3,322,2.2477591277341109e+58
972,3,323,3.0031026259435342e+58
975,3,324,4.0111549034754443e+58
978,3,325,5.3560920482889003e+58
981,3,326,7.1500066561266535e+58
984,3,327,9.5421260842050381e+58
987,3,328,1.2731061542187728e+59
990,3,329,1.6981080254376169e+59
993,3,330,2.2643716381997928e+59
996,3,331,3.0186464846009651e+59
999,3,332,4.0230869577069576e+59
1002,3,333,5.3603068905652357e+59
1005,3,334,7.1400855082008128e+59
1008,3,335,9.5082620619663465e+59
1011,3,336,1.2658530476630147e+60
1014,3,337,1.6848075557364614e+60
1017,3,338,2.2418296718237632e+60
1020,3,339,2.9822267620100965e+60
1023,3,340,3.9661111971418384e+60
1026,3,341,5.2732178510275858e+60
1029,3,342,7.0092826540540912e+60
1032,3,343,9.3144859454252224e+60
1035,3,344,1.2374626251407899e+61
1038,3,345,1.643590381140433e+61
1041,3,346,2.1824475191846089e+61
1044,3,347,2.8972312426531296e+61
1047,3,348,3.8451390956203611e+61
1050,3,349,5.1018877945773292e+61
1053,3,350,6.7676846012084561e+61
1056,3,351,8.9751162388297414e+61
1059,3,352,1.1899568612690356e+62
1062,3,353,1.5772985930455125e+62
1065,3,354,2.0902035123561701e+62
1068,3,355,2.769208032258356e+62
1071,3,356,3.6678818282272719e+62
1074,3,357,4.8570012920786453e+62
1077,3,358,6.4300539995290549e+62
1080,3,359,8.5104969801837212e+62
1083,3,360,1.1261325339368539e+63
1086,3,361,1.4897683692447388e+63
1089,3,362,1.9703484164855527e+63
1092,3,363,2.6053298750808718e+63
1095,3,364,3.4441193402543156e+63
1098,3,365,4.5518696242306763e+63
1101,3,366,6.0144781979033112e+63
1104,3,367,7.9451660414859302e+63
1107,3,368,1.0493134629867149e+64
1110,3,369,1.3854954915461164e+64
1113,3,370,1.8289547097534554e+64
1116,3,371,2.4137878869545196e+64
1119,3,372,3.1848862609350927e+64
1122,3,373,4.2013394681068484e+64
1125,3,374,5.5409086774472386e+64
1128,3,375,7.3059034695578675e+64
1131,3,376,9.6309012717516286e+64
1134,3,377,1.2692884803373422e+65
1137,3,378,1.6724552015593198e+65
1140,3,379,2.20317875248453e+65
1143,3,380,2.901659166914337e+65
1146,3,381,3.8207165461181754e+65
1149,3,382,5.0297376153340038e+65
1152,3,383,6.6198517139991116e+65
1155,3,384,8.7107177515728684e+65
1158,3,385,1.1459421612437846e+66
1161,3,386,1.5072137772281622e+66
1164,3,387,1.9819410640845679e+66
1167,3,388,2.6056174925295408e+66
1170,3,389,3.4247979112838468e+66
1173,3,390,4.5005326796099992e+66
1176,3,391,5.9128639365673081e+66
1179,3,392,7.7667112781243535e+66
1182,3,393,1.0199574576628502e+67
1185,3,394,1.3391612865094283e+67
1188,3,395,1.7578829483231929e+67
1191,3,396,2.307031724690594e+67
1194,3,397,3.0270809162684371e+67
1197,3,398,3.9710160890722225e+67
1200,3,399,5.208188776280743e+67
1203,3,400,6.8293526858793122e+67
1206,3,401,8.9532439235859439e+67
1209,3,402,1.1735176852687254e+68
1212,3,403,1.5378270740770389e+68
1215,3,404,2.014810939222334e+68
1218,3,405,2.6391879682554445e+68
1221,3,406,3.4563352402531449e+68
1224,3,407,4.5255482337520679e+68
1227,3,408,5.9242942988360097e+68
1230,3,409,7.7537612412345508e+68
1233,3,410,1.0146093924113116e+69
1236,3,411,1.3273830560021921e+69
1239,3,412,1.7362204903148255e+69
1242,3,413,2.2705181596540807e+69
1245,3,414,2.9686353425160636e+69
1248,3,415,3.8806169286470827e+69
1251,3,416,5.0717403835380089e+69
1254,3,417,6.627135452524337e+69
1257,3,418,8.6577998790772952e+69
1260,3,419,1.1308431484303154e+70
1263,3,420,1.4767623072268196e+70
1266,3,421,1.9281130448936074e+70
1269,3,422,2.5169136603380061e+70
1272,3,423,3.2848711366915753e+70
1275,3,424,4.2863024527063567e+70
1278,3,425,5.591933591681099e+70
1281,3,426,7.2938390163353478e+70
1284,3,427,9.5118627698911417e+70
1287,3,428,1.2401964059989557e+71
1290,3,429,1.6167062087233136e+71
1293,3,430,2.1071125936161119e+71
1296,3,431,2.7457477133342054e+71
1299,3,432,3.577255998827951e+71
1302,3,433,4.6596807477691189e+71
1305,3,434,6.0684713332615228e+71
1308,3,435,7.9016846651109535e+71
1311,3,436,1.028673558447859e+72
1314,3,437,1.3389155845140046e+72
1317,3,438,1.7423957267154913e+72
1320,3,439,2.2670370643095719e+72
1323,3,440,2.9490959798090554e+72
1326,3,441,3.8356405063536103e+72
1329,3,442,4.987763197930392e+72
1332,3,443,6.4847454693337908e+72
1335,3,444,8.4294542106499589e+72
1338,3,445,1.0955334071008525e+73
1341,3,446,1.4235465605535624e+73
1344,3,447,1.8494297559093882e+73
1347,3,448,2.4022840052287956e+73
1350,3,449,3.1198336126513387e+73
1353,3,450,4.05097272096184e+73
1356,3,451,5.2590613216325554e+73
1359,3,452,6.8261905529790462e+73
1362,3,453,8.8587013704061654e+73
1365,3,454,1.1494323653329472e+74
1368,3,455,1.4911409951369329e+74
1371,3,456,1.9340876376934012e+74
1374,3,457,2.508164165904765e+74
1377,3,458,3.2520585730479988e+74
1380,3,459,4.2158346439768782e+74
1383,3,460,5.4642656401102216e+74
1386,3,461,7.0811416539182206e+74
1389,3,462,9.1748340651590478e+74
1392,3,463,1.1885482763575886e+75
1395,3,464,1.5394277814923151e+75
1398,3,465,1.9935443892476621e+75
1401,3,466,2.5811711897443452e+75
1404,3,467,3.3414289104394619e+75
1407,3,468,4.324863150524938e+75
1410,3,469,5.5967698588348858e+75
1413,3,470,7.241485576702751e+75
1416,3,471,9.3679214172634357e+75
1419,3,472,1.211670015659476e+76
1422,3,473,1.566935931342623e+76
1425,3,474,2.0260216308293913e+76
1428,3,475,2.6191663220272899e+76
1431,3,476,3.3853879227569052e+76
1434,3,477,4.3750232567437313e+76
1437,3,478,5.6530008821948488e+76
1440,3,479,7.3030571700653636e+76
1443,3,480,9.4331666019407541e+76
1446,3,481,1.2182534848408632e+77
1449,3,482,1.5730602926593138e+77
1452,3,483,2.0308638920678634e+77
1455,3,484,2.6214658470147078e+77
1458,3,485,3.383262686693987e+77
1461,3,486,4.3657167475279735e+77
1464,3,487,5.6325350385693717e+77
1467,3,488,7.265758366165312e+77
1470,3,489,9.3710205350896489e+77
1473,3,490,1.2084311367665579e+78
1476,3,491,1.5580672172984884e+78
1479,3,492,2.0085374083693524e+78
1482,3,493,2.58882859556451e+78
1485,3,494,3.3362339035481373e+78
1488,3,495,4.2987252821631398e+78
1491,3,496,5.5380016465551248e+78
1494,3,497,7.133404316541796e+78
1497,3,498,9.1869457531483043e+78
1500,3,499,1.1829767145161867e+79
1503,3,500,1.5230429558469538e+79
1506,3,501,1.9605557634203759e+79
1509,3,502,2.5233501260677659e+79
1512,3,503,3.2471868273593989e+79
1515,3,504,4.1780021610176148e+79
1518,3,505,5.3747942234679553e+79
1521,3,506,6.9133253473776005e+79
1524,3,507,8.8908707336432286e+79
1527,3,508,1.1432307987981286e+80
1530,3,509,1.4697925027730349e+80
1533,3,510,1.889342975322624e+80
1536,3,511,2.428278044161653e+80
1539,3,512,3.1204629286066513e+80
1542,3,513,4.0093393432647696e+80
1545,3,514,5.1506251761076558e+80
1548,3,515,6.615772876113714e+80
1551,3,516,8.4963991209142942e+80
1554,3,517,1.0909957709304661e+81
1557,3,518,1.4007003531530132e+81
1560,3,519,1.7980492502396187e+81
1563,3,520,2.3077686358176912e+81
1566,3,521,2.9615389700988107e+81
1569,3,522,3.7999449171600874e+81
1572,3,523,4.8749703333060744e+81
1575,3,524,6.2531902303409648e+81
1578,3,525,8.0198538230833519e+81
1581,3,526,1.0284106666991072e+82
1584,3,527,1.3185668708412092e+82
1587,3,528,1.6903372924256221e+82
1590,3,529,2.166608137119299e+82
1593,3,530,2.7766638591106353e+82
1596,3,531,3.5579704965378899e+82
1599,3,532,4.5584545653222808e+82
1602,3,533,5.8394148054889269e+82
1605,3,534,7.4792419976029343e+82
1608,3,535,9.5781704346034476e+82
1611,3,536,1.2264346313928188e+83
1614,3,537,1.5701576959184887e+83
1617,3,538,2.0099225041955072e+83
1620,3,539,2.5724839777557178e+83
1623,3,540,3.2920279955951819e+83
1626,3,541,4.2122291245022269e+83
1629,3,542,5.3888764690623375e+83
1632,3,543,6.8932240295715056e+83
1635,3,544,8.8162648786542207e+83
1638,3,545,1.1274183136009399e+84
1641,3,546,1.4415307340382341e+84
1644,3,547,1.8428977465297941e+84
1647,3,548,2.3556850685966332e+84
1650,3,549,3.0107314673279537e+84
1653,3,550,3.8473860052167496e+84
1656,3,551,4.9158496376268124e+84
1659,3,552,6.2801592091801947e+84
1662,3,553,8.0219895714930858e+84
1665,3,554,1.0245497472165932e+85
1668,3,555,1.308349182660001e+85
1671,3,556,1.6705292514145291e+85
1674,3,557,2.1326738429247914e+85
1677,3,558,2.7222930869154026e+85
1680,3,559,3.4744457696714805e+85
1683,3,560,4.4338046279169743e+85
1686,3,561,5.6572850649919479e+85
1689,3,562,7.2173905501691073e+85
1692,3,563,9.2064695316732267e+85
1695,3,564,1.1742131506631714e+86
1698,3,565,1.4974136978981831e+86
1701,3,566,1.9093161246272452e+86
1704,3,567,2.4341940170576992e+86
1707,3,568,3.1029443499087963e+86
1710,3,569,3.9548895762359881e+86
1713,3,570,5.0400686254103265e+86
1716,3,571,6.4221490720100903e+86
1719,3,572,8.1821284172312509e+86
1722,3,573,1.042303770087472e+87
1725,3,574,1.3275918110017634e+87
1728,3,575,1.6907414133476062e+87
1731,3,576,2.1529419263816337e+87
1734,3,577,2.7411327512124912e+87
1737,3,578,3.489559271222441e+87
1740,3,579,4.4417486163580427e+87
1743,3,580,5.6530182248188813e+87
1746,3,581,7.193660475066935e+87
1749,3,582,9.152985080017405e+87
1752,3,583,1.1644449627624133e+88
1755,3,584,1.481217035704735e+88
1758,3,585,1.8839183445661554e+88
1761,3,586,2.3957926138020649e+88
1764,3,587,3.0463532530133987e+88
1767,3,588,3.8730697760271214e+88
1770,3,589,4.9235065647293179e+88
1773,3,590,6.2580349711965376e+88
1776,3,591,7.953272025434929e+88
1779,3,592,1.0106439874344023e+89
1782,3,593,1.2840891798436216e+89
1785,3,594,1.6313116114929409e+89
1788,3,595,2.0721612121593394e+89
1791,3,596,2.6318137066989109e+89
1794,3,597,3.342195576905339e+89
1797,3,598,4.2437892300828532e+89
1800,3,599,5.3879195411523426e+89
1803,3,600,6.8396497801832831e+89
1806,3,601,8.6814488861943401e+89
1809,3,602,1.1017834975574064e+90
1812,3,603,1.3981254248259001e+90
1815,3,604,1.7739523067310269e+90
1818,3,605,2.2505247715568933e+90
1821,3,606,2.854774594709017e+90
1824,3,607,3.6208132973023051e+90
1827,3,608,4.5918409554447175e+90
1830,3,609,5.8225611017698682e+90
1833,3,610,7.382235537328832e+90
1836,3,611,9.3585481594092318e+90
1839,3,612,1.1862491478809454e+91
1842,3,613,1.503454578175959e+91
1845,3,614,1.9052491958714277e+91
1848,3,615,2.4141288746855866e+91
1851,3,616,3.0585558402545486e+91
1854,3,617,3.8745367793054695e+91
1857,3,618,4.907617234651866e+91
1860,3,619,6.2154018017374591e+91
1863,3,620,7.8707383765248722e+91
1866,3,621,9.9657409574680527e+91
1869,3,622,1.261687123832219e+92
1872,3,623,1.5971356916915153e+92
1875,3,624,2.0215297403787689e+92
1878,3,625,2.5583899370248979e+92
1881,3,626,3.2374400275711341e+92
1884,3,627,4.0962383889610145e+92
1887,3,628,5.1822375723936534e+92
1890,3,629,6.5553838105393578e+92
1893,3,630,8.2913976786006398e+92
1896,3,631,1.048591392017379e+93
1899,3,632,1.3259704846467941e+93
1902,3,633,1.6765270177120795e+93
1905,3,634,2.1195149839173725e+93
1908,3,635,2.6792409014025447e+93
1911,3,636,3.3863861574079708e+93
1914,3,637,4.2796745213312497e+93
1917,3,638,5.4079746891885491e+93
1920,3,639,6.8329510551161206e+93
1923,3,640,8.6324052818837809e+93
1926,3,641,1.0904488222787088e+94
1929,3,642,1.3773008294675975e+94
1932,3,643,1.7394120984497507e+94
1935,3,644,2.1964757894241107e+94
1938,3,645,2.7733246493124763e+94
1941,3,646,3.5012688457290596e+94
1944,3,647,4.4197811301892321e+94
1947,3,648,5.5786192698959265e+94
1950,3,649,7.0404989163569532e+94
1953,3,650,8.8844592921320682e+94
1956,3,651,1.1210100811420309e+95
1959,3,652,1.4142919937637119e+95
1962,3,653,1.7841024648297597e+95
1965,3,654,2.2503586871365995e+95
1968,3,655,2.8381480005674506e+95
1971,3,656,3.5790664946764358e+95
1974,3,657,4.5129032944603733e+95
1977,3,658,5.6897595695189821e+95
1980,3,659,7.1727141828754147e+95
1983,3,660,9.0411766338783304e+95
1986,3,661,1.1395104048564265e+96
1989,3,662,1.4360304310690556e+96
1992,3,663,1.8095104367774083e+96
1995,3,664,2.2798734248411443e+96
1998,3,665,2.8721867105588167e+96
2001,3,666,3.61798683141487e+96
2004,3,667,4.5569448143849786e+96
2007,3,668,5.7389590131655448e+96
2010,3,669,7.2267850182726301e+96
2013,3,670,9.0993401159655527e+96
2016,3,671,1.1455854873354449e+97
2019,3,672,1.4421088467438176e+97
2022,3,673,1.8151879627468146e+97
2025,3,674,2.2845374368546517e+97
2028,3,675,2.8749358627173966e+97
2031,3,676,3.6175232938420933e+97
2034,3,677,4.5514303019270794e+97
2037,3,678,5.7258231563713253e+97
2040,3,679,7.2024711503643433e+97
4,4,0,12
7,4,1,48
10,4,2,225
13,4,3,840
16,4,4,2811
19,4,5,8496
22,4,6,24204
25,4,7,65112
28,4,8,168081
31,4,9,417528
34,4,10,1005930
37,4,11,2356152
40,4,12,5388702
43,4,13,12057432
46,4,14,26464428
49,4,15,57065184
52,4,16,121099995
55,4,17,253219398
58,4,18,522360615
61,4,19,1064070348
64,4,20,2142388026
67,4,21,4266552960
70,4,22,8410407348
73,4,23,16420218696
76,4,24,31769377554
79,4,25,60942503436
82,4,26,115961374956
85,4,27,218960369352
88,4,28,410432723010
91,4,29,763997589090
94,4,30,1412714265150
97,4,31,2595707909592
100,4,32,4740395176131
103,4,33,8606753206734
106,4,34,15539312915082
109,4,35,27905267665961.938
112,4,36,49852932138500.375
115,4,37,88619165339946.25
118,4,38,156774087479945.5
121,4,39,276059677231982
124,4,40,483929249390489
127,4,41,844646660229546
130,4,42,1468057481502992
133,4,43,2541223989474088
136,4,44,4381559914562848
139,4,45,7525781947425344
142,4,46,12878345905255424
145,4,47,21958373188577376
148,4,48,37309173420292544
151,4,49,63175417615893248
154,4,50,1.0661966393993907e+17
157,4,51,1.7935810477940224e+17
160,4,52,3.0077054673998797e+17
163,4,53,5.0282247672762573e+17
166,4,54,8.3809279042019738e+17
169,4,55,1.3928332183749591e+18
172,4,56,2.30816010357393e+18
175,4,57,3.8143584775084769e+18
178,4,58,6.2862785937464033e+18
181,4,59,1.0332584156190409e+19
184,4,60,1.6939208197375295e+19
187,4,61,2.769942255687644e+19
190,4,62,4.5182002047714853e+19
193,4,63,7.3519099079993065e+19
196,4,64,1.1934295782925926e+20
199,4,65,1.9327536532831391e+20
202,4,66,3.1229117206325048e+20
205,4,67,5.0346131924538465e+20
208,4,68,8.0986890605656696e+20
211,4,69,1.2999418433868304e+21
214,4,70,2.0821473318209564e+21
217,4,71,3.3280856195766828e+21
220,4,72,5.3087176867069297e+21
223,4,73,8.4510943145585552e+21
226,4,74,1.3427031473513434e+22
229,4,75,2.1291481516425211e+22
232,4,76,3.3698082113138081e+22
235,4,77,5.3234365308565222e+22
238,4,78,8.39421931492215e+22
241,4,79,1.3212445588797812e+23
244,4,80,2.0759348716934211e+23
247,4,81,3.2560001701271464e+23
250,4,82,5.0980901037972425e+23
253,4,83,7.9688353842293669e+23
256,4,84,1.2435349664056645e+24
259,4,85,1.937350346008461e+24
262,4,86,3.0133963630879533e+24
265,4,87,4.6796450022528102e+24
268,4,88,7.2558525991551308e+24
271,4,89,1.1232927528177852e+25
274,4,90,1.7363458466947385e+25
277,4,91,2.6799570542000173e+25
280,4,92,4.1302570094639097e+25
283,4,93,6.3561339325181671e+25
286,4,94,9.7675260546379239e+25
289,4,95,1.4988574481147755e+26
292,4,96,2.2968293219728399e+26
295,4,97,3.5147786888985715e+26
298,4,98,5.3712595932009743e+26
301,4,99,8.1973039484621388e+26
304,4,100,1.2493678667739355e+27
307,4,101,1.9016978003811504e+27
310,4,102,2.8908919965003776e+27
313,4,103,4.38903016612505e+27
316,4,104,6.655161324508702e+27
319,4,105,1.007879851198852e+28
322,4,106,1.5244941933156936e+28
325,4,107,2.3031178311316415e+28
328,4,108,3.4752520516984109e+28
331,4,109,5.2377225049429661e+28
334,4,110,7.884802447392415e+28
337,4,111,1.185597567728324e+29
340,4,112,1.7806879059919328e+29
343,4,113,2.6714564470675525e+29
346,4,114,4.0033522361014855e+29
349,4,115,5.9926711545422719e+29
352,4,116,8.9607309971911917e+29
355,4,117,1.3384374738698331e+30
358,4,118,1.9970529946923973e+30
361,4,119,2.9766175956090044e+30
364,4,120,4.4320377675141266e+30
367,4,121,6.5922810952687218e+30
370,4,122,9.7954558163678893e+30
373,4,123,1.4540353678114392e+31
376,4,124,2.1562112629956253e+31
379,4,125,3.1943184902991481e+31
382,4,126,4.7275937293237776e+31
385,4,127,6.990069414009775e+31
388,4,128,1.0325391757907861e+32
391,4,129,1.5237703594485572e+32
394,4,130,2.2465939568361759e+32
397,4,131,3.3092212799826953e+32
400,4,132,4.8699801524115588e+32
403,4,133,7.1603239093563225e+32
406,4,134,1.0518313403727587e+33
409,4,135,1.5437298615117996e+33
412,4,136,2.2636641776616926e+33
415,4,137,3.316437810434376e+33
418,4,138,4.8546116530576038e+33
421,4,139,7.1000835065012192e+33
424,4,140,1.0375337594627257e+34
427,4,141,1.5148661741998039e+34
430,4,142,2.2099524472731515e+34
433,4,143,3.2213027376977393e+34
436,4,144,4.6916259143806279e+34
439,4,145,6.827499085479481e+34
442,4,146,9.9277202469338862e+34
445,4,147,1.4424146783151559e+35
448,4,148,2.0940474873225008e+35
451,4,149,3.0376779554646621e+35
454,4,150,4.4031017050479971e+35
457,4,151,6.3773524158305463e+35
460,4,152,9.2297452148412742e+35
463,4,153,1.3347792412148629e+36
466,4,154,1.9288675542767244e+36
469,4,155,2.7852960302140624e+36
472,4,156,4.0190093397432633e+36
475,4,157,5.7949280519380551e+36
478,4,158,8.3495120169979365e+36
481,4,159,1.202155783404637e+37
484,4,160,1.7296155290583168e+37
487,4,161,2.4867383626930044e+37
490,4,162,3.5727678034083753e+37
493,4,163,5.1295128347156394e+37
496,4,164,7.35946929335553e+37
499,4,165,1.0551599666433397e+38
502,4,166,1.5117984454315506e+38
505,4,167,2.1645896715067011e+38
508,4,168,3.0971743456459989e+38
511,4,169,4.4285990545506671e+38
514,4,170,6.328196185579616e+38
517,4,171,9.0366728852452719e+38
520,4,172,1.2895981706852101e+39
523,4,173,1.8391604108051282e+39
526,4,174,2.6212368995550097e+39
529,4,175,3.7335027596766227e+39
532,4,176,5.3143759342730183e+39
535,4,177,7.5598936523859454e+39
538,4,178,1.0747531225120037e+40
541,4,179,1.5269799471910739e+40
544,4,180,2.1681608012405357e+40
547,4,181,3.0766996502656529e+40
550,4,182,4.3633100390969251e+40
553,4,183,6.1842391549392521e+40
556,4,184,8.7598679910708103e+40
559,4,185,1.2400858646013179e+41
562,4,186,1.754489073840802e+41
565,4,187,2.4808246973033277e+41
568,4,188,3.5058210500896527e+41
571,4,189,4.9514615392768705e+41
574,4,190,6.9892213017422169e+41
577,4,191,9.8600152673343141e+41
580,4,192,1.3902134104749167e+42
583,4,193,1.9590346034132761e+42
586,4,194,2.7590598771124568e+42
589,4,195,3.8836505619489707e+42
592,4,196,5.4636235574109699e+42
595,4,197,7.6821816573969047e+42
598,4,198,1.0795757462125735e+43
601,4,199,1.5163098359336034e+43
604,4,200,2.1285830390613926e+43
607,4,201,2.9865003000214571e+43
610,4,202,4.1879871390931782e+43
613,4,203,5.8697607669039114e+43
616,4,204,8.2226007852933949e+43
619,4,205,1.1512594100032287e+44
622,4,206,1.6110676928157126e+44
625,4,207,2.2533694464109344e+44
628,4,208,3.150144126733725e+44
631,4,209,4.4015864407888453e+44
634,4,210,6.1470988486227728e+44
637,4,211,8.5805407287228655e+44
640,4,212,1.197137262496519e+45
643,4,213,1.6693960874308555e+45
646,4,214,2.3268173231836782e+45
649,4,215,3.241559002235175e+45
652,4,216,4.5137301907782442e+45
655,4,217,6.2821535180827575e+45
658,4,218,8.7392473128623799e+45
661,4,219,1.215159497675727e+46
664,4,220,1.6888362285462612e+46
667,4,221,2.3460539439194705e+46
670,4,222,3.2575107310992227e+46
673,4,223,4.5209770911135634e+46
676,4,224,6.2716024540108665e+46
679,4,225,8.6961227564713146e+46
682,4,226,1.2052437197989983e+47
685,4,227,1.6696571661504443e+47
688,4,228,2.3119800070097038e+47
691,4,229,3.1999728790225434e+47
694,4,230,4.4270566551140528e+47
697,4,231,6.1219744714705739e+47
700,4,232,8.4620713489498986e+47
703,4,233,1.1691538307586964e+48
706,4,234,1.614646656508442e+48
709,4,235,2.228923972726892e+48
712,4,236,3.0755725064216292e+48
715,4,237,4.2420000754952826e+48
718,4,238,5.8483099473778807e+48
721,4,239,8.0594630413435884e+48
724,4,240,1.1101939416667199e+49
727,4,241,1.5286554434500042e+49
730,4,242,2.1039690738980461e+49
733,4,243,2.8946033435645268e+49
736,4,244,3.9807022369935847e+49
739,4,245,5.4720770786159268e+49
742,4,246,7.5191291477380652e+49
745,4,247,1.032777204241509e+50
748,4,248,1.4179810640896897e+50
751,4,249,1.9460761333390556e+50
754,4,250,2.6697816248706741e+50
757,4,251,3.6611630680269774e+50
760,4,252,5.0186940348561144e+50
763,4,253,6.8768819002316246e+50
766,4,254,9.4193837271797571e+50
769,4,255,1.2896871118529357e+51
772,4,256,1.7651354566896482e+51
775,4,257,2.4149290764510982e+51
778,4,258,3.302662776457804e+51
781,4,259,4.5150070312745154e+51
784,4,260,6.17003759308465e+51
787,4,261,8.4285563225832633e+51
790,4,262,1.1509471910322415e+52
793,4,263,1.5710689015724743e+52
796,4,264,2.1437468549809395e+52
799,4,265,2.9240917638200608e+52
802,4,266,3.9870209045896669e+52
805,4,267,5.4343402666721536e+52
808,4,268,7.4043462301713476e+52
811,4,269,1.0084838613614573e+53
814,4,270,1.3730751044506386e+53
817,4,271,1.868802880209732e+53
820,4,272,2.542595695329584e+53
823,4,273,3.4580914462951988e+53
826,4,274,4.7015572646528503e+53
829,4,275,6.389896259082028e+53
832,4,276,8.6814732152208175e+53
835,4,277,1.1790746857098323e+54
838,4,278,1.6008040586699399e+54
841,4,279,2.1726247388457333e+54
844,4,280,2.9476889059154105e+54
847,4,281,3.9978790519233897e+54
850,4,282,5.4203761118799229e+54
853,4,283,7.3465196524969654e+54
856,4,284,9.9537561148011223e+54
859,4,285,1.3481746219221406e+55
862,4,286,1.8254072387364652e+55
865,4,287,2.4707483810219294e+55
868,4,288,3.3431284035184031e+55
871,4,289,4.5220361874360522e+55
874,4,290,6.11465690650061e+55
877,4,291,8.2654761940161634e+55
880,4,292,1.1169198933178882e+56
883,4,293,1.5088121237416694e+56
886,4,294,2.0375483453057165e+56
889,4,295,2.7506853749963544e+56
892,4,296,3.7122290937433145e+56
895,4,297,5.0082971552625197e+56
898,4,298,6.7547220225501495e+56
901,4,299,9.1072561013925628e+56
904,4,300,1.227526540371283e+57
907,4,301,1.6540098758080308e+57
910,4,302,2.2279721630425072e+57
913,4,303,3.0001741216945243e+57
916,4,304,4.0387668119608758e+57
919,4,305,5.4352220309133655e+57
922,4,306,7.3122758176935731e+57
925,4,307,9.8345653218304607e+57
928,4,308,1.3222868116266441e+58
931,4,309,1.7773158492526525e+58
934,4,310,2.3882102906117533e+58
937,4,311,3.2081160570681958e+58
940,4,312,4.308218053606792e+58
943,4,313,5.7838353737454118e+58
946,4,314,7.7625667731547487e+58
949,4,315,1.041517299252158e+59
952,4,316,1.397011140835438e+59
955,4,317,1.8732943364375957e+59
958,4,318,2.5112240493131887e+59
961,4,319,3.3654156746142095e+59
964,4,320,4.5088552046768581e+59
967,4,321,6.0390510355030355e+59
970,4,322,8.0862367695998932e+59
973,4,323,1.0824305818180987e+60
976,4,324,1.4485383606438107e+60
979,4,325,1.9379242225781596e+60
982,4,326,2.5919159715500591e+60
985,4,327,3.4656353966634409e+60
988,4,328,4.6325822181478179e+60
991,4,329,6.1907347441073622e+60
994,4,330,8.2706669166575338e+60
997,4,331,1.1046345339468665e+61
1000,4,332,1.4749487333063751e+61
1003,4,333,1.9688649473603915e+61
1006,4,334,2.6274598491233646e+61
1009,4,335,3.5054023348770192e+61
1012,4,336,4.675431916921037e+61
1015,4,337,6.2343063846726309e+61
1018,4,338,8.310698730629879e+61
1021,4,339,1.1075679488225641e+62
1024,4,340,1.475662736517463e+62
1027,4,341,1.9655684697219155e+62
1030,4,342,2.6174236356304562e+62
1033,4,343,3.4845369806446097e+62
1036,4,344,4.6376907625424055e+62
1039,4,345,6.1708441664480447e+62
1042,4,346,8.2086905658895221e+62
1045,4,347,1.0916668704094222e+63
1048,4,348,1.4514221308724568e+63
1051,4,349,1.929235019150571e+63
1054,4,350,2.5636854377208776e+63
1057,4,351,3.4059083431966183e+63
1060,4,352,4.5236626422640895e+63
1063,4,353,6.0067133308567432e+63
1066,4,354,7.9739489949783446e+63
1069,4,355,1.0582791922319665e+64
1072,4,356,1.404163628826569e+64
1075,4,357,1.8626284859290977e+64
1078,4,358,2.4701664409554635e+64
1081,4,359,3.2750508270759286e+64
1084,4,360,4.3411232310841785e+64
1087,4,361,5.7527939176635632e+64
1090,4,362,7.6216418772987757e+64
1093,4,363,1.0095124160065505e+65
1096,4,364,1.3368065894647166e+65
1099,4,365,1.7697815251689977e+65
1102,4,366,2.3424227687406569e+65
1105,4,367,3.0996012240103508e+65
1108,4,368,4.1005457215398611e+65
1111,4,369,5.4234189743191515e+65
1114,4,370,7.1713461279323585e+65
1117,4,371,9.4803551970990939e+65
1120,4,372,1.2529833332271917e+66
1123,4,373,1.6556292891529409e+66
1126,4,374,2.1871490884455992e+66
1129,4,375,2.8886273102500463e+66
1132,4,376,3.8141944531597874e+66
1135,4,377,5.0351532411955098e+66
1138,4,378,6.6454049439663526e+66
1141,4,379,8.7685836954670263e+66
1144,4,380,1.1567434339092715e+67
1147,4,381,1.5256136588399841e+67
1150,4,382,2.011649759580953e+67
1153,4,383,2.6519222494223718e+67
1156,4,384,3.4951849229960571e+67
1159,4,385,4.6055427661281039e+67
1162,4,386,6.0672669591225198e+67
1165,4,387,7.9911143400616706e+67
1168,4,388,1.0522619605223228e+68
1171,4,389,1.3852973725468382e+68
1174,4,390,1.8233292112760447e+68
1177,4,391,2.3993324783202346e+68
1180,4,392,3.1565986166897826e+68
1183,4,393,4.1519507872117464e+68
1186,4,394,5.4599574389852143e+68
1189,4,395,7.178452960749753e+68
1192,4,396,9.4357693542161813e+68
1195,4,397,1.2400207237260442e+69
1198,4,398,1.6292436999991468e+69
1201,4,399,2.1401733257592844e+69
1204,4,400,2.8107223078782087e+69
1207,4,401,3.6905690651081517e+69
1210,4,402,4.8447953937576708e+69
1213,4,403,6.3586446199547393e+69
1216,4,404,8.343744095693576e+69
1219,4,405,1.0946241030077126e+70
1222,4,406,1.4357437808656242e+70
1225,4,407,1.8827691862608526e+70
1228,4,408,2.4684578466365144e+70
1231,4,409,3.2356619052970348e+70
1234,4,410,4.2404274203930618e+70
1237,4,411,5.556041733155903e+70
1240,4,412,7.2783178585414462e+70
1243,4,413,9.5324925986622969e+70
1246,4,414,1.2482229376690495e+71
1249,4,415,1.63413656407628e+71
1252,4,416,2.1389238502827001e+71
1255,4,417,2.7990674589747554e+71
1258,4,418,3.6622058485802471e+71
1261,4,419,4.7905321500371883e+71
1264,4,420,6.2652248513019138e+71
1267,4,421,8.1922223928203233e+71
1270,4,422,1.0709747845041735e+72
1273,4,423,1.3998112158121e+72
1276,4,424,1.8292483498509408e+72
1279,4,425,2.3899516893155108e+72
1282,4,426,3.1219007035570449e+72
1285,4,427,4.0772076156238575e+72
1288,4,428,5.3237862311395368e+72
1291,4,429,6.9501262414538994e+72
1294,4,430,9.0715049187538173e+72
1297,4,431,1.1838067427729436e+73
1300,4,432,1.5445335893086203e+73
1303,4,433,2.0147874681125594e+73
1306,4,434,2.627705647740558e+73
1309,4,435,3.4264155445656992e+73
1312,4,436,4.4670359175665332e+73
1315,4,437,5.8225765064705363e+73
1318,4,438,7.588004134161497e+73
1321,4,439,9.8868229716674444e+73
1324,4,440,1.2879619945870627e+74
1327,4,441,1.6775160125990674e+74
1330,4,442,2.1844790372596178e+74
1333,4,443,2.8441134245178899e+74
1336,4,444,3.7022352238721092e+74
1339,4,445,4.8183618389216285e+74
1342,4,446,6.2697952412067038e+74
1345,4,447,8.1569178480430939e+74
1348,4,448,1.0610059974330228e+75
1351,4,449,1.3798403631153036e+75
1354,4,450,1.7941524425865009e+75
1357,4,451,2.332435053531713e+75
1360,4,452,3.0316546954425668e+75
1363,4,453,3.939762968138088e+75
1366,4,454,5.1189497837225025e+75
1369,4,455,6.6498567307584534e+75
1372,4,456,8.6370330096616105e+75
1375,4,457,1.1215999148786714e+76
1378,4,458,1.4562390689630216e+76
1381,4,459,1.8903792240038577e+76
1384,4,460,2.4535050824253961e+76
1387,4,461,3.1838088029887588e+76
1390,4,462,4.1307528186159773e+76
1393,4,463,5.3583844200814279e+76
1396,4,464,6.949621887768768e+76
1399,4,465,9.0117959940305225e+76
1402,4,466,1.1683813337332387e+77
1405,4,467,1.5145414589815395e+77
1408,4,468,1.9629138278304593e+77
1411,4,469,2.5435778112186835e+77
1414,4,470,3.2954350629794025e+77
1417,4,471,4.26878848829437e+77
1420,4,472,5.5286726105715411e+77
1423,4,473,7.1591535394462724e+77
1426,4,474,9.2688798996038879e+77
1429,4,475,1.1998247457671105e+78
1432,4,476,1.5528645022230196e+78
1435,4,477,2.0094384230365713e+78
1438,4,478,2.5998089746727586e+78
1441,4,479,3.3630550339922571e+78
1444,4,480,4.3496319612222044e+78
1447,4,481,5.6246726284839834e+78
1450,4,482,7.2722431594317017e+78
1453,4,483,9.4008286013900965e+78
1456,4,484,1.2150402835112219e+79
1459,4,485,1.5701538761746572e+79
1462,4,486,2.0287145659567705e+79
1465,4,487,2.6207588881306592e+79
1468,4,488,3.385016343639605e+79
1471,4,489,4.3714171174237463e+79
1474,4,490,5.6443208846065952e+79
1477,4,491,7.2866733865012928e+79
1480,4,492,9.4053565091445327e+79
1483,4,493,1.213807346600762e+80
1486,4,494,1.5662208147450321e+80
1489,4,495,2.0206222878786627e+80
1492,4,496,2.6064319583823638e+80
1495,4,497,3.361529576193807e+80
1498,4,498,4.3346791677409865e+80
1501,4,499,5.5886465305500733e+80
1504,4,500,7.2042068126077797e+80
1507,4,501,9.2852955040323357e+80
1510,4,502,1.1965628041276587e+81
1513,4,503,1.5417205424425084e+81
1516,4,504,1.9861241507015715e+81
1519,4,505,2.5582199277372127e+81
1522,4,506,3.2945817915089551e+81
1525,4,507,4.2422261719346074e+81
1528,4,508,5.4615841590441098e+81
1531,4,509,7.0303169345856956e+81
1534,4,510,9.0482130044107861e+81
1537,4,511,1.1643473002644306e+82
1540,4,512,1.4980773996511436e+82
1543,4,513,1.9271615581067954e+82
1546,4,514,2.4787591392408448e+82
1549,4,515,3.1877410657225937e+82
1552,4,516,4.098872612269196e+82
1555,4,517,5.2696121355296135e+82
1558,4,518,6.7736990089808231e+82
1561,4,519,8.7057526230382529e+82
1564,4,520,1.1187166488395287e+83
1567,4,521,1.4373661030754982e+83
1570,4,522,1.8464960427278465e+83
1573,4,523,2.3717188991309566e+83
1576,4,524,3.0458749062264486e+83
1579,4,525,3.9110655190584481e+83
1582,4,526,5.0212571510479288e+83
1585,4,527,6.4456147019695054e+83
1588,4,528,8.2727688047836979e+83
1591,4,529,1.0616277531284236e+84
1594,4,530,1.3621615887703484e+84
1597,4,531,1.747511917149242e+84
1600,4,532,2.2415424725094138e+84
1603,4,533,2.8748107926427291e+84
1606,4,534,3.6864401474250625e+84
1609,4,535,4.7265133736695492e+84
1612,4,536,6.0591336898203229e+84
1615,4,537,7.76633776901877e+84
1618,4,538,9.9530976633259674e+84
1621,4,539,1.2753713655332381e+85
1624,4,540,1.6339983667507959e+85
1627,4,541,2.0931641456060393e+85
1630,4,542,2.6809691790311487e+85
1633,4,543,3.4333444244381837e+85
1636,4,544,4.3962268387431899e+85
1639,4,545,5.6283375155987594e+85
1642,4,546,7.2047288707363092e+85
1645,4,547,9.2213131339506846e+85
1648,4,548,1.1800642816932946e+86
1651,4,549,1.509928826382878e+86
1654,4,550,1.9317252239822515e+86
1657,4,551,2.4709982353545673e+86
1660,4,552,3.1603696042687439e+86
1663,4,553,4.0414928916147671e+86
1666,4,554,5.167546693621742e+86
1669,4,555,6.606414086788405e+86
1672,4,556,8.4447366219407264e+86
1675,4,557,1.0793082720767303e+87
1678,4,558,1.3792535918855063e+87
1681,4,559,1.7623091874095785e+87
1684,4,560,2.2514359281191716e+87
1687,4,561,2.8759194982446159e+87
1690,4,562,3.6731075496473706e+87
1693,4,563,4.6906225883584516e+87
1696,4,564,5.9891805010396344e+87
1699,4,565,7.6461799981902681e+87
1702,4,566,9.7602732243752145e+87
1705,4,567,1.2457184961740434e+88
1708,4,568,1.5897120533305739e+88
1711,4,569,2.0284194888561235e+88
1714,4,570,2.5878432748995811e+88
1717,4,571,3.301103886066961e+88
1720,4,572,4.2103826922862415e+88
1723,4,573,5.3693936516915735e+88
1726,4,574,6.8465273164865087e+88
1729,4,575,8.7288495020556364e+88
1732,4,576,1.1127186287679337e+89
1735,4,577,1.4182589635606632e+89
1738,4,578,1.8074557411171595e+89
1741,4,579,2.3031482496442449e+89
1744,4,580,2.9343933764676693e+89
1747,4,581,3.7381534216440008e+89
1750,4,582,4.761440781378752e+89
1753,4,583,6.0640428206459472e+89
1756,4,584,7.7219834472518526e+89
1759,4,585,9.8319200018013866e+89
1762,4,586,1.2516727473901806e+90
1765,4,587,1.593258976596917e+90
1768,4,588,2.0278003578553053e+90
1771,4,589,2.5805209333484383e+90
1774,4,590,3.2834701520653558e+90
1777,4,591,4.1773645726014863e+90
1780,4,592,5.313925121341165e+90
1783,4,593,6.7588428751683464e+90
1786,4,594,8.5955419174507065e+90
1789,4,595,1.0929952889400469e+91
1792,4,596,1.3896567952560711e+91
1795,4,597,1.7666120188909575e+91
1798,4,598,2.245532203681349e+91
1801,4,599,2.8539213311639287e+91
1804,4,600,3.6266816159754167e+91
1807,4,601,4.6080980130594023e+91
1810,4,602,5.8543535774815928e+91
1813,4,603,7.4367172875962982e+91
1816,4,604,9.4455836147468425e+91
1819,4,605,1.1995590789573222e+92
1822,4,606,1.5232105020800976e+92
1825,4,607,1.9339434208887867e+92
1828,4,608,2.4551231187692778e+92
1831,4,609,3.1163668558661285e+92
1834,4,610,3.9552121496198254e+92
1837,4,611,5.0192290016458532e+92
1840,4,612,6.3686938874741255e+92
1843,4,613,8.0799745071557291e+92
1846,4,614,1.0249813706932991e+93
1849,4,615,1.3000750790734254e+93
1852,4,616,1.6487981381255984e+93
1855,4,617,2.090803651605293e+93
1858,4,618,2.6509762133377126e+93
1861,4,619,3.3608207015751277e+93
1864,4,620,4.2602187558484378e+93
1867,4,621,5.3996500173816036e+93
1870,4,622,6.8430007780267762e+93
1873,4,623,8.6711149601434786e+93
1876,4,624,1.0986283099404701e+94
1879,4,625,1.391791644149283e+94
1882,4,626,1.7629718189610447e+94
1885,4,627,2.2328745878310313e+94
1888,4,628,2.8276862247041146e+94
1891,4,629,3.5805202449106212e+94
1894,4,630,4.5332450024049963e+94
1897,4,631,5.738792168704309e+94
1900,4,632,7.2640722873064595e+94
1903,4,633,9.1936566253196038e+94
1906,4,634,1.1634426193489468e+95
1909,4,635,1.472144132134575e+95
1912,4,636,1.8625351382549583e+95
1915,4,637,2.3561747728942303e+95
1918,4,638,2.9802968093831941e+95
1921,4,639,3.7692993313919878e+95
1924,4,640,4.7666244305796168e+95
1927,4,641,6.0271297767900967e+95
1930,4,642,7.6200804333897712e+95
1933,4,643,9.6329227059835512e+95
1936,4,644,1.2176043903908506e+96
1939,4,645,1.5388774907028373e+96
1942,4,646,1.9446959191903481e+96
1945,4,647,2.4572496038054279e+96
1948,4,648,3.1045371480332649e+96
1951,4,649,3.9218823825080586e+96
1954,4,650,4.9538458283439142e+96
1957,4,651,6.256633639572034e+96
1960,4,652,7.9011331620097133e+96
1963,4,653,9.9767376807641915e+96
1966,4,654,1.2596164997636198e+97
1969,4,655,1.5901527407228901e+97
1972,4,656,2.0071977221307341e+97
1975,4,657,2.5333335738551028e+97
1978,4,658,3.1970218885762331e+97
1981,4,659,4.0341305214097742e+97
1984,4,660,5.0898558489010817e+97
1987,4,661,6.4211426521294854e+97
1990,4,662,8.0997301145127785e+97
1993,4,663,1.0215985517126115e+98
1996,4,664,1.2883728807464546e+98
1999,4,665,1.6246303489943774e+98
2002,4,666,2.0484214972841714e+98
2005,4,667,2.5824740040468399e+98
2008,4,668,3.2554014811408413e+98
2011,4,669,4.1032238803662217e+98
2014,4,670,5.1712796345546415e+98
2017,4,671,6.5166302068540158e+98
2020,4,672,8.2110835286159973e+98
2023,4,673,1.0344995211755958e+99
2026,4,674,1.3032047108377212e+99
2029,4,675,1.6415253870267363e+99
2032,4,676,2.0674512280812198e+99
2035,4,677,2.6036088614050619e+99
2038,4,678,3.278454028247327e+99
5,5,0,12
8,5,1,114
11,5,2,582
14,5,3,2394
17,5,4,8586
20,5,5,27990
23,5,6,84684
26,5,7,241395
29,5,8,655326
32,5,9,1707756
35,5,10,4296606
38,5,11,10485468
41,5,12,24910272
44,5,13,57782259
47,5,14,131187744
50,5,15,292124823
53,5,16,639101478
56,5,17,1375765185
59,5,18,2917745394
62,5,19,6103301601
65,5,20,12604383492
68,5,21,25721361849
71,5,22,51905759562
74,5,23,103653735882
77,5,24,204960406566
80,5,25,401524784052
83,5,26,779706178104
86,5,27,1501498706847
89,5,28,2868639621684
92,5,29,5439393576174
95,5,30,10240031032992
98,5,31,19145609133666
101,5,32,35561847054144.125
104,5,33,65639780848271.25
107,5,34,120428553986845
110,5,35,219672368612242
113,5,36,398475886040426.5
116,5,37,718952133704625
119,5,38,1290488385300094
122,5,39,2304857109986672
125,5,40,4096797147168096
128,5,41,7248127234691312
131,5,42,12765985282819648
134,5,43,22386830544332672
137,5,44,39093067119001024
140,5,45,67987908817554688
143,5,46,1.1777183250251162e+17
146,5,47,2.0322600376468122e+17
149,5,48,3.4937592418694656e+17
152,5,49,5.9845008110331392e+17
155,5,50,1.0214741127116022e+18
158,5,51,1.7375305785728205e+18
161,5,52,2.9456590553181471e+18
164,5,53,4.9775418547677184e+18
167,5,54,8.3842767633660805e+18
170,5,55,1.4078902173818159e+19
173,5,56,2.3569874247316668e+19
176,5,57,3.9342543757364691e+19
179,5,58,6.5480865931811095e+19
182,5,59,1.0867811170848945e+20
185,5,60,1.7987598244346121e+20
188,5,61,2.969165072481009e+20
191,5,62,4.8882250440146472e+20
194,5,63,8.0269095177997307e+20
197,5,64,1.3147694138976968e+21
200,5,65,2.1482148577966733e+21
203,5,66,3.5015050826522558e+21
206,5,67,5.6937968179608342e+21
209,5,68,9.2371888172419315e+21
212,5,69,1.4951615224022506e+22
215,5,70,2.4147153780076924e+22
218,5,71,3.8912738611989148e+22
221,5,72,6.2572501243566544e+22
224,5,73,1.0040570240042275e+23
227,5,74,1.6078039985235622e+23
230,5,75,2.5693536227373332e+23
233,5,76,4.097758774880912e+23
236,5,77,6.5225261028074311e+23
239,5,78,1.0362079619224136e+24
242,5,79,1.6430620955483536e+24
245,5,80,2.6004640096780627e+24
248,5,81,4.108194496940544e+24
251,5,82,6.4783960341347234e+24
254,5,83,1.019795367487392e+25
257,5,84,1.6025070829608201e+25
260,5,85,2.5138551838613341e+25
263,5,86,3.9368202951052657e+25
266,5,87,6.1549893886413197e+25
269,5,88,9.6071915048454806e+25
272,5,89,1.4971446205938803e+26
275,5,90,2.3293765035921074e+26
278,5,91,3.6185489095434338e+26
281,5,92,5.6125206571687154e+26
284,5,93,8.6920032956282449e+26
287,5,94,1.3440940818809759e+27
290,5,95,2.0753746590195431e+27
293,5,96,3.199848194583215e+27
296,5,97,4.9264833374076425e+27
299,5,98,7.5740467204290544e+27
302,5,99,1.1628149242685405e+28
305,5,100,1.7827605323111824e+28
308,5,101,2.7295004554022091e+28
311,5,102,4.1733887777452069e+28
314,5,103,6.3726140595476426e+28
317,5,104,9.7180002862147991e+28
320,5,105,1.4800417403476682e+29
323,5,106,2.2512092969427256e+29
326,5,107,3.4198697785190758e+29
329,5,108,5.1887390657677226e+29
332,5,109,7.8628373679110629e+29
335,5,110,1.1900588717651084e+30
338,5,111,1.799018564923593e+30
341,5,112,2.716358641523931e+30
344,5,113,4.0966506468325521e+30
347,5,114,6.1711637603574655e+30
350,5,115,9.2855445048992617e+30
353,5,116,1.3955826704875383e+31
356,5,117,2.0951603004696296e+31
359,5,118,3.1419403672799668e+31
362,5,119,4.706553516840187e+31
365,5,120,7.0426763200752868e+31
368,5,121,1.0527064902030042e+32
371,5,122,1.5718706199051959e+32
374,5,123,2.344613169285027e+32
377,5,124,3.4936178623389237e+32
380,5,125,5.2003693662792004e+32
383,5,126,7.7330760811583278e+32
386,5,127,1.1487731975928937e+33
389,5,128,1.7048444524619994e+33
392,5,129,2.5275987667606145e+33
395,5,130,3.7437668010816756e+33
398,5,131,5.539760845609523e+33
401,5,132,8.1895310766862643e+33
404,5,133,1.2095309570716405e+34
407,5,134,1.7847152965637564e+34
410,5,135,2.6309882459799569e+34
413,5,136,3.8749919507047383e+34
416,5,137,5.7020168950814733e+34
419,5,138,8.3829290554805813e+34
422,5,139,1.2313355299551246e+35
425,5,140,1.8070660717042067e+35
428,5,141,2.6496728949720267e+35
431,5,142,3.8818134007282169e+35
434,5,143,5.6820454019437734e+35
437,5,144,8.3100920084933848e+35
440,5,145,1.2143431650209376e+36
443,5,146,1.7730248656764271e+36
446,5,147,2.5866000743012264e+36
449,5,148,3.7704052488988633e+36
452,5,149,5.4915410362143319e+36
455,5,150,7.9919178662547545e+36
458,5,151,1.1621480008547244e+37
461,5,152,1.6886068260438038e+37
464,5,153,2.4516320690528704e+37
467,5,154,3.5566786811933532e+37
470,5,155,5.1558401465726722e+37
473,5,156,7.468314105487177e+37
476,5,157,1.0809779354544752e+38
479,5,158,1.5634534937480401e+38
482,5,159,2.2595903434339851e+38
485,5,160,3.2632754874871491e+38
488,5,161,4.7093361940086269e+38
491,5,162,6.7912572839157487e+38
494,5,163,9.7865083461253442e+38
497,5,164,1.4092725286328946e+39
500,5,165,2.0279363694259496e+39
503,5,166,2.9161391485656706e+39
506,5,167,4.1904355778079735e+39
509,5,168,6.0174084298995714e+39
512,5,169,8.6349845756892457e+39
515,5,170,1.2382767586999821e+40
518,5,171,1.7745173511462017e+40
521,5,172,2.5412735364583412e+40
524,5,173,3.6369174583111269e+40
527,5,174,5.2014992948739177e+40
530,5,175,7.434279489292004e+40
533,5,176,1.0618584048167528e+41
536,5,177,1.5157020332991013e+41
539,5,178,2.1621341906329168e+41
542,5,179,3.0823013955415666e+41
545,5,180,4.3913013561516048e+41
548,5,181,6.2522893505814801e+41
551,5,182,8.8964053870421004e+41
554,5,183,1.265090765028619e+42
557,5,184,1.7978868793862301e+42
560,5,185,2.5535155331085457e+42
563,5,186,3.6245324424987839e+42
566,5,187,5.1416757424955642e+42
569,5,188,7.2895114076502982e+42
572,5,189,1.0328446663308285e+43
575,5,190,1.4625686143292335e+43
578,5,191,2.0698739776293907e+43
581,5,192,2.9276538339709159e+43
584,5,193,4.1385235956988354e+43
587,5,194,5.8468606657619822e+43
590,5,195,8.2556892308503934e+43
593,5,196,1.1650347438064174e+44
596,5,197,1.64316438209394e+44
599,5,198,2.3162283272073626e+44
602,5,199,3.2631839280923648e+44
605,5,200,4.59476342042338e+44
608,5,201,6.4661793109873762e+44
611,5,202,9.0948778718351173e+44
614,5,203,1.2785333855177993e+45
617,5,204,1.7963661563890302e+45
620,5,205,2.5225904379309122e+45
623,5,206,3.5405374939184487e+45
626,5,207,4.9666515079801139e+45
629,5,208,6.9635655066854477e+45
632,5,209,9.7583089218042394e+45
635,5,210,1.3667648367058018e+46
638,5,211,1.9133339170836818e+46
641,5,212,2.677114018626987e+46
644,5,213,3.7438932928985307e+46
647,5,214,5.2331346318890196e+46
650,5,215,7.3111138494200854e+46
653,5,216,1.0209152843718014e+47
656,5,217,1.4248911771742026e+47
659,5,218,1.9877456882818468e+47
662,5,219,2.7715859985039999e+47
665,5,220,3.8626520138038534e+47
668,5,221,5.3806377552868424e+47
671,5,222,7.4915919499696439e+47
674,5,223,1.0425764114538722e+48
677,5,224,1.4502280954398826e+48
680,5,225,2.0163252088780996e+48
683,5,226,2.802088736572513e+48
686,5,227,3.8922561140437302e+48
689,5,228,5.404062019056075e+48
692,5,229,7.4996291217171473e+48
695,5,230,1.0403056139069389e+49
698,5,231,1.442397379130752e+49
701,5,232,1.9990002893391534e+49
704,5,233,2.7691459795731175e+49
707,5,234,3.8342904385123706e+49
710,5,235,5.3067840336820055e+49
713,5,236,7.3415227912739713e+49
716,5,237,1.0151969104975034e+50
719,5,238,1.4032171363465312e+50
722,5,239,1.9387016314740942e+50
725,5,240,2.677377521279229e+50
728,5,241,3.6959136684632853e+50
731,5,242,5.0997467411652527e+50
734,5,243,7.0338158396633243e+50
737,5,244,9.6972807435834738e+50
740,5,245,1.3363694052227219e+51
743,5,246,1.8408637205759375e+51
746,5,247,2.5347567148842325e+51
749,5,248,3.4887625797383748e+51
752,5,249,4.7998535913273342e+51
755,5,250,6.6009577045548241e+51
758,5,251,9.0742184180618848e+51
761,5,252,1.2469118485079235e+52
764,5,253,1.7127242095758166e+52
767,5,254,2.3516094232556719e+52
770,5,255,3.2275272510478716e+52
773,5,256,4.4279479475743918e+52
776,5,257,6.0724485407568496e+52
779,5,258,8.3244356955007742e+52
782,5,259,1.1407126405969967e+53
785,5,260,1.5625324942083244e+53
788,5,261,2.1395087462733519e+53
791,5,262,2.9284116446986272e+53
794,5,263,4.0066745940992209e+53
797,5,264,5.4798760835969432e+53
800,5,265,7.4919167919386311e+53
803,5,266,1.0238857774080411e+54
806,5,267,1.3987730038187321e+54
809,5,268,1.9102092409346352e+54
812,5,269,2.607674647451159e+54
815,5,270,3.5584872889992371e+54
818,5,271,4.8542011126843469e+54
821,5,272,6.61928711289494e+54
824,5,273,9.0229083851679722e+54
827,5,274,1.2294886186772531e+55
830,5,275,1.6747341237617699e+55
833,5,276,2.2804017528682958e+55
836,5,277,3.1040002345241675e+55
839,5,278,4.2235510057783067e+55
842,5,279,5.7448684707587976e+55
845,5,280,7.8114113642830748e+55
848,5,281,1.0617608779632755e+56
851,5,282,1.4426880408392865e+56
854,5,283,1.9595996499848747e+56
857,5,284,2.6607997067192728e+56
860,5,285,3.611666316337092e+56
863,5,286,4.9006574473270735e+56
866,5,287,6.6474189542676821e+56
869,5,288,9.0137271993166903e+56
872,5,289,1.2218252499353916e+57
875,5,290,1.6556471121169587e+57
878,5,291,2.242751272960088e+57
881,5,292,3.0370347429567478e+57
884,5,293,4.1112545980556675e+57
887,5,294,5.5635961012103211e+57
890,5,295,7.5265173473920854e+57
893,5,296,1.0178655757057673e+58
896,5,297,1.3760851384264409e+58
899,5,298,1.8597703797051617e+58
902,5,299,2.5126564575652716e+58
905,5,300,3.3936518220074449e+58
908,5,301,4.5820776613978812e+58
911,5,302,6.1847081280500149e+58
914,5,303,8.3452273957035663e+58
917,5,304,1.1256929384687856e+59
920,5,305,1.5179766883629405e+59
923,5,306,2.0463232794139131e+59
926,5,307,2.7577059381342546e+59
929,5,308,3.7152394537325253e+59
932,5,309,5.0037014313997224e+59
935,5,310,6.7369334646123533e+59
938,5,311,9.0677594067602125e+59
941,5,312,1.2201272913104013e+60
944,5,313,1.6412633628874838e+60
947,5,314,2.2070894966719636e+60
950,5,315,2.9670898533941778e+60
953,5,316,3.9875953828179012e+60
956,5,317,5.3574933959045706e+60
959,5,318,7.1958634970426205e+60
962,5,319,9.6621869157602479e+60
965,5,320,1.2969992646311823e+61
968,5,321,1.7405092207407658e+61
971,5,322,2.3349939150096736e+61
974,5,323,3.1316161427049574e+61
977,5,324,4.1987996617577143e+61
980,5,325,5.6280267913184091e+61
983,5,326,7.5415747305768223e+61
986,5,327,1.0102836069975612e+62
989,5,328,1.3530082933711406e+62
992,5,329,1.8114818780142735e+62
995,5,330,2.4246240303880383e+62
998,5,331,3.2443834933442e+62
1001,5,332,4.3400807972960344e+62
1004,5,333,5.8041921716505364e+62
1007,5,334,7.760050877258756e+62
1010,5,335,1.0372098871542522e+63
1013,5,336,1.3859529739852465e+63
1016,5,337,1.8514439929861727e+63
1019,5,338,2.4725971697375299e+63
1022,5,339,3.3012417200243198e+63
1025,5,340,4.4063897776584027e+63
1028,5,341,5.8799087134083711e+63
1031,5,342,7.8440580143923563e+63
1034,5,343,1.0461501040309678e+64
1037,5,344,1.3948600905763605e+64
1040,5,345,1.8593073242632832e+64
1043,5,346,2.4777417545059786e+64
1046,5,347,3.3010010783627348e+64
1049,5,348,4.396635845914304e+64
1052,5,349,5.8543807429220553e+64
1055,5,350,7.7934095324712221e+64
1058,5,351,1.0371952722593734e+65
1061,5,352,1.380004424612075e+65
1064,5,353,1.8356410939685005e+65
1067,5,354,2.4410845722624281e+65
1070,5,355,3.2453837606335912e+65
1073,5,356,4.3135802653249738e+65
1076,5,357,5.7319014116828651e+65
1079,5,358,7.6146325720976928e+65
1082,5,359,1.0113209648120895e+66
1085,5,360,1.3428246023432498e+66
1088,5,361,1.7825437199510859e+66
1091,5,362,2.3656588272581347e+66
1094,5,363,3.1387407630063171e+66
1097,5,364,4.1634235309590834e+66
1100,5,365,5.5212566617894877e+66
1103,5,366,7.3201143809076398e+66
1106,5,367,9.702659055437954e+66
1109,5,368,1.2857514725252966e+67
1112,5,369,1.7034015047432823e+67
1115,5,370,2.2561664548948107e+67
1118,5,371,2.9875813522594634e+67
1121,5,372,3.9551522595353149e+67
1124,5,373,5.2348218922003601e+67
1127,5,374,6.926856936704738e+67
1130,5,375,9.1636079002617385e+67
1133,5,376,1.2119734726414437e+68
1136,5,377,1.6025678615609028e+68
1139,5,378,2.1185406540536808e+68
1142,5,379,2.7999778267411769e+68
1145,5,380,3.6997310459296807e+68
1148,5,381,4.8874670351670725e+68
1151,5,382,6.45499641297889e+68
1154,5,383,8.5232847012241783e+68
1157,5,384,1.1251674460427676e+69
1160,5,385,1.4850013196323441e+69
1163,5,386,1.9594599069772159e+69
1166,5,387,2.5849141600816739e+69
1169,5,388,3.4092308533868324e+69
1172,5,389,4.4953920383209669e+69
1175,5,390,5.9262496983531258e+69
1178,5,391,7.8107702848170616e+69
1181,5,392,1.0292234207607942e+70
1184,5,393,1.3558999978609257e+70
1187,5,394,1.7858632132857067e+70
1190,5,395,2.3516440110928889e+70
1193,5,396,3.0959800054687839e+70
1196,5,397,4.0750056581082243e+70
1199,5,398,5.3624357942134816e+70
1202,5,399,7.0550505912886199e+70
1205,5,400,9.2798853998830787e+70
1208,5,401,1.2203653298645648e+71
1211,5,402,1.6045091140668055e+71
1214,5,403,2.1091132755618788e+71
1217,5,404,2.7718091259234745e+71
1220,5,405,3.6419396091060918e+71
1223,5,406,4.7841905552693645e+71
1226,5,407,6.2833436301426659e+71
1229,5,408,8.2504961877092872e+71
1232,5,409,1.0831199081803249e+72
1235,5,410,1.4216101675748227e+72
1238,5,411,1.8654873651350502e+72
1241,5,412,2.4474408586036132e+72
1244,5,413,3.2102621354687134e+72
1247,5,414,4.2099551994859773e+72
1250,5,415,5.5198011112656323e+72
1253,5,416,7.2356683135823538e+72
1256,5,417,9.4829491829603558e+72
1259,5,418,1.2425619007848919e+73
1262,5,419,1.6278064447793944e+73
1265,5,420,2.1320525079170556e+73
1268,5,421,2.7919247674370617e+73
1271,5,422,3.6552786334122376e+73
1274,5,423,4.7846315829840207e+73
1277,5,424,6.2616390853826184e+73
1280,5,425,8.1929319760554277e+73
1283,5,426,1.0717727907816531e+74
1286,5,427,1.4017754119372336e+74
1289,5,428,1.8330180873094154e+74
1292,5,429,2.3964475768502792e+74
1295,5,430,3.1324363340253661e+74
1298,5,431,4.0936430863423691e+74
1301,5,432,5.3487384737523244e+74
1304,5,433,6.9872564164327669e+74
1307,5,434,9.1259101555731723e+74
1310,5,435,1.1916813603024477e+75
1313,5,436,1.5558180731568177e+75
1316,5,437,2.0308247295127912e+75
1319,5,438,2.6503381934707732e+75
1322,5,439,3.458164293463352e+75
1325,5,440,4.5113412291413303e+75
1328,5,441,5.8841225943031052e+75
1331,5,442,7.6731551150380771e+75
1334,5,443,1.0004208211114915e+76
1337,5,444,1.3040918860044354e+76
1340,5,445,1.6996153190177358e+76
1343,5,446,2.2146765092112657e+76
1346,5,447,2.8852764010781599e+76
1349,5,448,3.7582204621443714e+76
1352,5,449,4.8943500566430287e+76
1355,5,450,6.3727369062608808e+76
1358,5,451,8.2961266917644514e+76
1361,5,452,1.079800252121902e+77
1364,5,453,1.4051748640330385e+77
1367,5,454,1.8282536730724784e+77
1370,5,455,2.3782740927836751e+77
1373,5,456,3.0931925565866779e+77
1376,5,457,4.0222757488846845e+77
1379,5,458,5.2294593056243488e+77
1382,5,459,6.7977005214557069e+77
1385,5,460,8.8346182423731914e+77
1388,5,461,1.1479799303275511e+78
1391,5,462,1.4914262297934025e+78
1394,5,463,1.9372713516876514e+78
1397,5,464,2.5159416073652467e+78
1400,5,465,3.2668733846614596e+78
1403,5,466,4.2411722747268507e+78
1406,5,467,5.5050543443418155e+78
1409,5,468,7.1442988412925878e+78
1412,5,469,9.2700086125913537e+78
1415,5,470,1.2026061016052981e+79
1418,5,471,1.5598743777354841e+79
1421,5,472,2.0229214387550649e+79
1424,5,473,2.6229607660374685e+79
1427,5,474,3.400385610446676e+79
1430,5,475,4.4074597441723394e+79
1433,5,476,5.7117943060017614e+79
1436,5,477,7.4008396367530366e+79
1439,5,478,9.5876874334779744e+79
1442,5,479,1.2418564200078591e+80
1445,5,480,1.6082507379277987e+80
1448,5,481,2.0823857849754518e+80
1451,5,482,2.6958385845412833e+80
1454,5,483,3.4894103617237423e+80
1457,5,484,4.5158122520725854e+80
1460,5,485,5.8431304233841403e+80
1463,5,486,7.5592960663937695e+80
1466,5,487,9.7778507148231695e+80
1469,5,488,1.2645381042487567e+81
1472,5,489,1.6351105006075734e+81
1475,5,490,2.1139229837878232e+81
1478,5,491,2.732488078587875e+81
1481,5,492,3.5314629015233885e+81
1484,5,493,4.5632942328691798e+81
1487,5,494,5.8956262097012916e+81
1490,5,495,7.6156898112937756e+81
1493,5,496,9.8359560953531131e+81
1496,5,497,1.2701415859837279e+82
1499,5,498,1.6398952155112923e+82
1502,5,499,2.1169405406427167e+82
1505,5,500,2.7323102237164121e+82
1508,5,501,3.5259839202689997e+82
1511,5,502,4.549459540062707e+82
1514,5,503,5.869061108679905e+82
1517,5,504,7.5701935787006519e+82
1520,5,505,9.762814818807316e+82
1523,5,506,1.2588471880905647e+83
1526,5,507,1.6229347315476892e+83
1529,5,508,2.0919887937619822e+83
1532,5,509,2.6961750938272761e+83
1535,5,510,3.474301071104361e+83
1538,5,511,4.4762837198274857e+83
1541,5,512,5.7663199569001762e+83
1544,5,513,7.4269588922732627e+83
1547,5,514,9.564331773288775e+83
1550,5,515,1.2314867683638849e+84
1553,5,516,1.5853915765815345e+84
1556,5,517,2.0406813529047129e+84
1559,5,518,2.6263093033316079e+84
1562,5,519,3.3794711783729191e+84
1565,5,520,4.3479445036009259e+84
1568,5,521,5.5930896263174338e+84
1571,5,522,7.1936992419771437e+84
1574,5,523,9.2509355502900626e+84
1577,5,524,1.189466139005534e+85
1580,5,525,1.5291557725992361e+85
1583,5,526,1.9655529966601863e+85
1586,5,527,2.5261046502008602e+85
1589,5,528,3.2460233154715239e+85
1592,5,529,4.1704777915738562e+85
1595,5,530,5.3573995425412282e+85
1598,5,531,6.8810778079313168e+85
1601,5,532,8.8367643301692695e+85
1604,5,533,1.1346570368470698e+86
1607,5,534,1.4567017571011373e+86
1610,5,535,1.8698705135972879e+86
1613,5,536,2.3998684601439273e+86
1616,5,537,3.0796298339509986e+86
1619,5,538,3.9513448320998654e+86
1622,5,539,5.0690530632391731e+86
1625,5,540,6.5019614734490559e+86
1628,5,541,8.3386885182888261e+86
1631,5,542,1.0692692380017089e+87
1634,5,543,1.3709212566839368e+87
1637,5,544,1.7574145561280346e+87
1640,5,545,2.2525391766994283e+87
1643,5,546,2.8867359798401862e+87
1646,5,547,3.6989504041752395e+87
1649,5,548,4.7390013698556062e+87
1652,5,549,6.0706080624885476e+87
1655,5,550,7.775256757287994e+87
1658,5,551,9.9571401333485839e+87
1661,5,552,1.2749465660254652e+88
1664,5,553,1.6322511412636375e+88
1667,5,554,2.089391192286167e+88
1670,5,555,2.6741789578655926e+88
1673,5,556,3.4221516457874251e+88
1676,5,557,4.3787107356316369e+88
1679,5,558,5.6018519821861159e+88
1682,5,559,7.1656487443973526e+88
1685,5,560,9.1646959061490832e+88
1688,5,561,1.1719778514824275e+89
1691,5,562,1.4985101676671752e+89
1694,5,563,1.915751045612843e+89
1697,5,564,2.4488245925252031e+89
1700,5,565,3.1297932961147095e+89
1703,5,566,3.9995685620643421e+89
1706,5,567,5.1103458025853231e+89
1709,5,568,6.5287076777848708e+89
1712,5,569,8.3395782906546538e+89
1715,5,570,1.0651261004985711e+90
1718,5,571,1.3601855989162561e+90
1721,5,572,1.736743426715283e+90
1724,5,573,2.2172447655454072e+90
1727,5,574,2.8302984419597393e+90
1730,5,575,3.6123646337881523e+90
1733,5,576,4.6099033693628643e+90
1736,5,577,5.882109268929324e+90
1739,5,578,7.5043920335284899e+90
1742,5,579,9.5728054610241335e+90
1745,5,580,1.2209682751031816e+91
1748,5,581,1.5570805707726419e+91
1751,5,582,1.9854524170553645e+91
1754,5,583,2.5313354682341224e+91
1757,5,584,3.2268730494811468e+91
1760,5,585,4.1129756696335753e+91
1763,5,586,5.2417054907468222e+91
1766,5,587,6.6793074791547275e+91
1769,5,588,8.5100621261349004e+91
1772,5,589,1.084118179012861e+92
1775,5,590,1.3809032559038446e+92
1778,5,591,1.7587039463048808e+92
1781,5,592,2.2395729195026954e+92
1784,5,593,2.8515486681758548e+92
1787,5,594,3.6302756815313895e+92
1790,5,595,4.6210619171940103e+92
1793,5,596,5.8814912724493443e+92
1796,5,597,7.4847403468123517e+92
1799,5,598,9.5237888347355501e+92
1802,5,599,1.211676364715832e+93
1805,5,600,1.5413721190238341e+93
1808,5,601,1.960525374871706e+93
1811,5,602,2.4933409207173907e+93
1814,5,603,3.1705544195428425e+93
1817,5,604,4.0311896497141561e+93
1820,5,605,5.1247872500234525e+93
1823,5,606,6.5142311336656969e+93
1826,5,607,8.2793324023501426e+93
1829,5,608,1.052137321658269e+94
1832,5,609,1.3368867040129685e+94
1835,5,610,1.6984859981498556e+94
1838,5,611,2.1576184405630467e+94
1841,5,612,2.7405185392596784e+94
1844,5,613,3.4804579052885152e+94
1847,5,614,4.4196276855287627e+94
1850,5,615,5.6115231690788993e+94
1853,5,616,7.123964165675101e+94
1856,5,617,9.0429202004659605e+94
1859,5,618,1.1477354394388097e+95
1862,5,619,1.4565356577793139e+95
1865,5,620,1.8481907844185457e+95
1868,5,621,2.3448709337899645e+95
1871,5,622,2.9746622572818704e+95
1874,5,623,3.7731413293424444e+95
1877,5,624,4.7853673766749213e+95
1880,5,625,6.0684029468851999e+95
1883,5,626,7.6945028072858524e+95
1886,5,627,9.755147744699562e+95
1889,5,628,1.2366146521093729e+96
1892,5,629,1.5674088073995212e+96
1895,5,630,1.9864500347955037e+96
1898,5,631,2.517216595698433e+96
1901,5,632,3.1894163321049269e+96
1904,5,633,4.0406351440363028e+96
1907,5,634,5.118420520400453e+96
1910,5,635,6.4829146328034279e+96
1913,5,636,8.2101815614654355e+96
1916,5,637,1.0396411152118473e+97
1919,5,638,1.316322985730864e+97
1922,5,639,1.6664409285452498e+97
1925,5,640,2.1094339330563289e+97
1928,5,641,2.6698728798149386e+97
1931,5,642,3.3788117562500996e+97
1934,5,643,4.2754937016419935e+97
1937,5,644,5.4095048134183575e+97
1940,5,645,6.843492922258795e+97
1943,5,646,8.6565991434891475e+97
1946,5,647,1.0948788580152911e+98
1949,5,648,1.3846315158345191e+98
1952,5,649,1.7508616823519225e+98
1955,5,650,2.2137014496943637e+98
1958,5,651,2.7985685413505704e+98
1961,5,652,3.5375503931952852e+98
1964,5,653,4.4711497165360946e+98
1967,5,654,5.6504857053438998e+98
1970,5,655,7.1400695141655152e+98
1973,5,656,9.0213034373162346e+98
1976,5,657,1.1396892002007581e+99
1979,5,658,1.4396402009860072e+99
1982,5,659,1.8183270013643767e+99
1985,5,660,2.2963633060290558e+99
1988,5,661,2.8997455863958854e+99
1991,5,662,3.6612550049437799e+99
1994,5,663,4.6222235202187547e+99
1997,5,664,5.834758532124732e+99
2000,5,665,7.3645448129441374e+99
2003,5,666,9.29437314117544e+99
2006,5,667,1.1728583629247017e+100
2009,5,668,1.4798660242757494e+100
2012,5,669,1.8670273999793655e+100
2015,5,670,2.3552149018190249e+100
2018,5,671,2.9707221972747635e+100
2021,5,672,3.7466686687610167e+100
2024,5,673,4.7247667871891312e+100
2027,5,674,5.957545937880038e+100
2030,5,675,7.5111502842138791e+100
2033,5,676,9.46885846814861e+100
2036,5,677,1.1935510904247717e+101
2039,5,678,1.5043078105306538e+101
6,6,0,31
9,6,1,246
12,6,2,1365
15,6,3,6188
18,6,4,23839
21,6,5,82926
24,6,6,265223
27,6,7,796196
30,6,8,2265132
33,6,9,6166076
36,6,10,16152977
39,6,11,40942760
42,6,12,100786619
45,6,13,241769590
48,6,14,566618646
51,6,15,1300373508
54,6,16,2927773002
57,6,17,6477596880
60,6,18,14102541548
63,6,19,30249769546
66,6,20,63995377609
69,6,21,133656238068
72,6,22,275807714956
75,6,23,562764228648
78,6,24,1136162880085
81,6,25,2270975943988
84,6,26,4496558911883
87,6,27,8823904918944
90,6,28,17169261974303
93,6,29,33138572984214.188
96,6,30,63470716595981.125
99,6,31,120676719987911.25
102,6,32,227837558259297.25
105,6,33,427277162601393.5
108,6,34,796155531581619
111,6,35,1474357852753954
114,6,36,2714124868066384
117,6,37,4967946458971536
120,6,38,9043489770409024
123,6,39,16375456189603712
126,6,40,29500532076914944
129,6,41,52883652125784704
132,6,42,94349546172893312
135,6,43,1.6755313209049498e+17
138,6,44,2.9622620160780493e+17
141,6,45,5.2145032480869171e+17
144,6,46,9.1406722544618291e+17
147,6,47,1.5957808988709601e+18
150,6,48,2.7749155773476618e+18
153,6,49,4.8068058104001331e+18
156,6,50,8.2954546471868006e+18
159,6,51,1.4264118179524444e+19
162,6,52,2.4440664977646158e+19
165,6,53,4.1733495542825026e+19
168,6,54,7.1022940530447876e+19
171,6,55,1.2047348385568208e+20
174,6,56,2.037034665377079e+20
177,6,57,3.4336276687128678e+20
180,6,58,5.770163271950045e+20
183,6,59,9.6679432522363096e+20
186,6,60,1.6151798508999095e+21
189,6,61,2.6907727879661022e+21
192,6,62,4.4702306645422218e+21
195,6,63,7.4063798079242874e+21
198,6,64,1.2238566196706795e+22
201,6,65,2.0171028906069488e+22
204,6,66,3.3160574800387855e+22
207,6,67,5.4379502078736212e+22
210,6,68,8.8958913028662613e+22
213,6,69,1.4517969967543385e+23
216,6,70,2.3637682652820315e+23
219,6,71,3.8397785734067891e+23
222,6,72,6.2234153207619572e+23
225,6,73,1.0064474937034128e+24
228,6,74,1.6240934295045289e+24
231,6,75,2.6152046961047953e+24
234,6,76,4.2023464522751126e+24
237,6,77,6.7388483665516644e+24
240,6,78,1.0784570539395782e+25
243,6,79,1.7224973696849726e+25
246,6,80,2.745791547362435e+25
249,6,81,4.368618805031027e+25
252,6,82,6.9374875430527055e+25
255,6,83,1.0996519430614808e+26
258,6,84,1.7398681601261707e+26
261,6,85,2.7478829605699634e+26
264,6,86,4.332247837476695e+26
267,6,87,6.8182600801259141e+26
270,6,88,1.0712497835983464e+27
273,6,89,1.6802590286870427e+27
276,6,90,2.6311228349173668e+27
279,6,91,4.1133550943603174e+27
282,6,92,6.4202507520566004e+27
285,6,93,1.0005037781558866e+28
288,6,94,1.556705340232573e+28
291,6,95,2.4183812706416004e+28
294,6,96,3.7513129007399483e+28
297,6,97,5.8102020063209631e+28
300,6,98,8.9858181722708036e+28
303,6,99,1.3876862572603623e+29
306,6,100,2.1399361618592724e+29
309,6,101,3.2952974115473854e+29
312,6,102,5.0673498459259687e+29
315,6,103,7.7815774618615691e+29
318,6,104,1.1933359251647561e+30
321,6,105,1.8275688634858228e+30
324,6,106,2.7951700186247905e+30
327,6,107,4.2694650677864306e+30
330,6,108,6.5129329437709602e+30
333,6,109,9.9225809448278147e+30
336,6,110,1.5098174427963293e+31
339,6,111,2.2944714960130498e+31
342,6,112,3.4826183928236768e+31
345,6,113,5.2795939356523409e+31
348,6,114,7.9941601496592693e+31
351,6,115,1.2090075415183292e+32
354,6,116,1.8263122962654928e+32
357,6,117,2.7556042560022232e+32
360,6,118,4.1529834903789356e+32
363,6,119,6.2518821753800485e+32
366,6,120,9.4010019432841275e+32
369,6,121,1.4120683690996651e+33
372,6,122,2.118658071485557e+33
375,6,123,3.1753735372563541e+33
378,6,124,4.7540386621168041e+33
381,6,125,7.1099995872148683e+33
384,6,126,1.0622344054918315e+34
387,6,127,1.5853309066011231e+34
390,6,128,2.3635947928026843e+34
393,6,129,3.5203377460852942e+34
396,6,130,5.237914902741406e+34
399,6,131,7.7857391363777245e+34
402,6,132,1.1561468144548059e+35
405,6,133,1.7151503621616405e+35
408,6,134,2.5419778063473535e+35
411,6,135,3.7637940023565647e+35
414,6,136,5.5676072803338494e+35
417,6,137,8.2281850102824038e+35
420,6,138,1.2148878478119572e+36
423,6,139,1.792127586296996e+36
426,6,140,2.6412292906045348e+36
429,6,141,3.8891214751693137e+36
432,6,142,5.7214861811379152e+36
435,6,143,8.4097250276837084e+36
438,6,144,1.2350198336401227e+37
441,6,145,1.812127701190524e+37
444,6,146,2.6566226877724821e+37
447,6,147,3.8913526477354734e+37
450,6,148,5.6951387102440702e+37
453,6,149,8.3280695182745919e+37
456,6,150,1.2168133332400912e+38
459,6,151,1.7764229385640617e+38
462,6,152,2.5912823786209572e+38
465,6,153,3.7768712532690329e+38
468,6,154,5.5004947551281511e+38
471,6,155,8.0043575985418874e+38
474,6,156,1.16388303260988e+39
477,6,157,1.6910375280224308e+39
480,6,158,2.4550542487740018e+39
483,6,159,3.5615227298567043e+39
486,6,160,5.1627361103047517e+39
489,6,161,7.4781895835813161e+39
492,6,162,1.0824007149923181e+40
495,6,163,1.5655156156219959e+40
498,6,164,2.2625965022392627e+40
501,6,165,3.2676820692026159e+40
504,6,166,4.7158286858397192e+40
507,6,167,6.8008675192672674e+40
510,6,168,9.8007920211113724e+40
513,6,169,1.4114030564225261e+41
516,6,170,2.0311237294522409e+41
519,6,171,2.9209191999841543e+41
522,6,172,4.1976178876780341e+41
525,6,173,6.028215664280325e+41
528,6,174,8.6512622166489147e+41
531,6,175,1.2407299001224545e+42
534,6,176,1.7782152587244725e+42
537,6,177,2.5468474435005407e+42
540,6,178,3.6453163120271479e+42
543,6,179,5.2141478358786037e+42
546,6,180,7.4533139189279568e+42
549,6,181,1.0647202815185657e+43
552,6,182,1.5200005460617366e+43
555,6,183,2.1685832574114793e+43
558,6,184,3.0919652640028969e+43
561,6,185,4.4057641597814055e+43
564,6,186,6.2739055705269648e+43
567,6,187,8.9286692819665828e+43
570,6,188,1.2698997376468823e+44
573,6,189,1.8050446682165011e+44
576,6,190,2.5641543269535732e+44
579,6,191,3.6403227799376186e+44
582,6,192,5.1650790228273469e+44
585,6,193,7.324149262645937e+44
588,6,194,1.0379640571378723e+45
591,6,195,1.4701244746592546e+45
594,6,196,2.0810106170230759e+45
597,6,197,2.9440459869229634e+45
600,6,198,4.1626191558770833e+45
603,6,199,5.88223312607236e+45
606,6,200,8.3075488186069782e+45
609,6,201,1.1726281558123296e+46
612,6,202,1.654268848150785e+46
615,6,203,2.3324471743289883e+46
618,6,204,3.286843814212631e+46
621,6,205,4.6292368466653938e+46
624,6,206,6.5163493075708928e+46
627,6,207,9.167806847852248e+46
630,6,208,1.2891225346002152e+47
633,6,209,1.8117241773589457e+47
636,6,210,2.5448404827039994e+47
639,6,211,3.5727375028805606e+47
642,6,212,5.0132013731410984e+47
645,6,213,7.030789743300666e+47
648,6,214,9.8552897424676411e+47
651,6,215,1.3807415700742162e+48
654,6,216,1.9334569065641861e+48
657,6,217,2.70605766732487e+48
660,6,218,3.785483855905698e+48
663,6,219,5.2928414147440152e+48
666,6,220,7.3967478683092712e+48
669,6,221,1.033185975596841e+49
672,6,222,1.4424581880519598e+49
675,6,223,2.0128725809593163e+49
678,6,224,2.8074945216118398e+49
681,6,225,3.9139239551847148e+49
684,6,226,5.453783809984517e+49
687,6,227,7.5958564091465064e+49
690,6,228,1.0574262285153817e+50
693,6,229,1.4713605707484577e+50
696,6,230,2.0463741379788519e+50
699,6,231,2.8447822370245409e+50
702,6,232,3.9528673743475035e+50
705,6,233,5.4900441446203402e+50
708,6,234,7.6215086491514112e+50
711,6,235,1.0575689753718185e+51
714,6,236,1.4668314691768449e+51
717,6,237,2.0335581826287855e+51
720,6,238,2.8179867615085557e+51
723,6,239,3.903267723247408e+51
726,6,240,5.4041307931318434e+51
729,6,241,7.4788107696476102e+51
732,6,242,1.0345452066225979e+52
735,6,243,1.4304664556366394e+52
738,6,244,1.9770524584854997e+52
741,6,245,2.7313165720999276e+52
744,6,246,3.7717268327979255e+52
747,6,247,5.2062350420726888e+52
750,6,248,7.1832941704291704e+52
753,6,249,9.9069702495030981e+52
756,6,250,1.3657662180339527e+53
759,6,251,1.8820499280465736e+53
762,6,252,2.5924246248143767e+53
765,6,253,3.5694582545448109e+53
768,6,254,4.9127038778094688e+53
771,6,255,6.7586803679279731e+53
774,6,256,9.2945248494126036e+53
777,6,257,1.2776660489447565e+54
780,6,258,1.7556312340383363e+54
783,6,259,2.4114370116597415e+54
786,6,260,3.3109003871037059e+54
789,6,261,4.5440673173683659e+54
792,6,262,6.2340850260503341e+54
795,6,263,8.5493062445528116e+54
798,6,264,1.1719796561489112e+55
801,6,265,1.6059838284918488e+55
804,6,266,2.1998597880862089e+55
807,6,267,3.0121903184876881e+55
810,6,268,4.1229134415494583e+55
813,6,269,5.641066873616914e+55
816,6,270,7.7153266027503941e+55
819,6,271,1.054834254505668e+56
822,6,272,1.4416232432908134e+56
825,6,273,1.969508056523028e+56
828,6,274,2.689694581349734e+56
831,6,275,3.6718774164604462e+56
834,6,276,5.0108817305588445e+56
837,6,277,6.8356791380395089e+56
840,6,278,9.3216219064423915e+56
843,6,279,1.2707038600048559e+57
846,6,280,1.7315738269796353e+57
849,6,281,2.3587516391811256e+57
852,6,282,3.2119493661001564e+57
855,6,283,4.3722115509374051e+57
858,6,284,5.9494986206734426e+57
861,6,285,8.0929528377813135e+57
864,6,286,1.1004791074582385e+58
867,6,287,1.4959099474176173e+58
870,6,288,2.0327251159656671e+58
873,6,289,2.7612269573951601e+58
876,6,290,3.7495270597674684e+58
879,6,291,5.089820868600081e+58
882,6,292,6.90686232041801e+58
885,6,293,9.3694061722465835e+58
888,6,294,1.2705652299857789e+59
891,6,295,1.7224084979048349e+59
894,6,296,2.334158274882449e+59
897,6,297,3.1621323435196782e+59
900,6,298,4.2823881393952397e+59
903,6,299,5.7976086620959842e+59
906,6,300,7.8463790828810629e+59
909,6,301,1.0615680166582303e+60
912,6,302,1.4357708761389045e+60
915,6,303,1.9412517019296471e+60
918,6,304,2.6238473839059839e+60
921,6,305,3.5453238664154179e+60
924,6,306,4.7888858651702683e+60
927,6,307,6.466583489958233e+60
930,6,308,8.7292658311832999e+60
933,6,309,1.1779953316823918e+61
936,6,310,1.5891797693151789e+61
939,6,311,2.1432196280249328e+61
942,6,312,2.8895159719833121e+61
945,6,313,3.8944745219911262e+61
948,6,314,5.2473321020469034e+61
951,6,315,7.0679703531530523e+61
954,6,316,9.51739145591191e+61
957,6,317,1.2811758669100309e+62
960,6,318,1.724120929889253e+62
963,6,319,2.3195054971851232e+62
966,6,320,3.1195528075688246e+62
969,6,321,4.1942959659761555e+62
972,6,322,5.6376243864460335e+62
975,6,323,7.5753738237051536e+62
978,6,324,1.0176147620355437e+63
981,6,325,1.3665787147522522e+63
984,6,326,1.8346716594881406e+63
987,6,327,2.4623796783342432e+63
990,6,328,3.3038868476892682e+63
993,6,329,4.4316892917655264e+63
996,6,330,5.9427566056925204e+63
999,6,331,7.9667573055435544e+63
1002,6,332,1.0677036721496942e+64
1005,6,333,1.4305264362675088e+64
1008,6,334,1.9160971985446464e+64
1011,6,335,2.5657608279254959e+64
1014,6,336,3.4347274290464697e+64
1017,6,337,4.5967019304731108e+64
1020,6,338,6.1500528121321206e+64
1023,6,339,8.2260294725716413e+64
1026,6,340,1.099970567646468e+65
1029,6,341,1.4704549583303165e+65
1032,6,342,1.9651817054877153e+65
1035,6,343,2.6256358150171804e+65
1038,6,344,3.5070948583962189e+65
1041,6,345,4.6831950369274929e+65
1044,6,346,6.2520024403305417e+65
1047,6,347,8.3440835910383716e+65
1050,6,348,1.1133230874384646e+66
1053,6,349,1.4850712537563289e+66
1056,6,350,1.9804200639812271e+66
1059,6,351,2.6402906196689617e+66
1062,6,352,3.5190948598905389e+66
1065,6,353,4.6891645621619358e+66
1068,6,354,6.246628308392698e+66
1071,6,355,8.319207833564518e+66
1074,6,356,1.107655802273738e+67
1077,6,357,1.4743977024369364e+67
1080,6,358,1.9620580376905403e+67
1083,6,359,2.6103386655685093e+67
1086,6,360,3.4719229598773754e+67
1089,6,361,4.6167029464549978e+67
1092,6,362,6.1373772669475621e+67
1095,6,363,8.1568627072468636e+67
1098,6,364,1.0838104438254082e+68
1101,6,365,1.43970581507916e+68
1104,6,366,1.911986548143568e+68
1107,6,367,2.5385571705512249e+68
1110,6,368,3.3696166891909651e+68
1113,6,369,4.4716301864420831e+68
1116,6,370,5.9325782236407905e+68
1119,6,371,7.8688935203776319e+68
1122,6,372,1.0434625067281412e+69
1125,6,373,1.383354206545159e+69
1128,6,374,1.8335117023000474e+69
1131,6,375,2.4295626283020737e+69
1134,6,376,3.218599996569507e+69
1137,6,377,4.2628571701526755e+69
1140,6,378,5.6445560947551985e+69
1143,6,379,7.472301880509718e+69
1146,6,380,9.889515001908676e+69
1149,6,381,1.3085547845852839e+70
1152,6,382,1.7310336804088759e+70
1155,6,383,2.2893709963889437e+70
1158,6,384,3.0270823900010648e+70
1161,6,385,4.0015667623405775e+70
1164,6,386,5.2885182188659037e+70
1167,6,387,6.9877346443963795e+70
1170,6,388,9.2307632790794074e+70
1173,6,389,1.2190962011115584e+71
1176,6,390,1.6096736714783276e+71
1179,6,391,2.1248953350328089e+71
1182,6,392,2.8043836387350805e+71
1185,6,393,3.7003075582079117e+71
1188,6,394,4.8813401579515367e+71
1191,6,395,6.43785969711467e+71
1194,6,396,8.4887835361061232e+71
1197,6,397,1.119054548146644e+72
1200,6,398,1.4748886296212244e+72
1203,6,399,1.943433557021424e+72
1206,6,400,2.5602536258619221e+72
1209,6,401,3.3720920926578722e+72
1212,6,402,4.4403717205779866e+72
1215,6,403,5.8457873320039676e+72
1218,6,404,7.694329742152478e+72
1221,6,405,1.012518552377194e+73
1224,6,406,1.3321094541316663e+73
1227,6,407,1.7521927054243376e+73
1230,6,408,2.3042477434739778e+73
1233,6,409,3.0295779165797079e+73
1236,6,410,3.9823647966596691e+73
1239,6,411,5.2336685593494277e+73
1242,6,412,6.876666388350201e+73
1245,6,413,9.0335106263369803e+73
1248,6,414,1.186430565879489e+74
1251,6,415,1.5578855672060629e+74
1254,6,416,2.0452035418592449e+74
1257,6,417,2.6843897221037724e+74
1260,6,418,3.5225968256860741e+74
1263,6,419,4.6215636931767376e+74
1266,6,420,6.0621107471260453e+74
1269,6,421,7.950015889634897e+74
1272,6,422,1.0423693192176961e+75
1275,6,423,1.3664225485388209e+75
1278,6,424,1.7908469819074537e+75
1281,6,425,2.3466173571139234e+75
1284,6,426,3.0742324143868706e+75
1287,6,427,4.0266326747277658e+75
1290,6,428,5.2730088815644333e+75
1293,6,429,6.9037720068230509e+75
1296,6,430,9.037037824135078e+75
1299,6,431,1.182708594717349e+76
1302,6,432,1.5475392381249238e+76
1305,6,433,2.0245015739048396e+76
1308,6,434,2.6479352931395904e+76
1311,6,435,3.4626586736376158e+76
1314,6,436,4.527154645454762e+76
1317,6,437,5.9177221504630728e+76
1320,6,438,7.7338842196561694e+76
1323,6,439,1.0105431863075078e+77
1326,6,440,1.3201596820899604e+77
1329,6,441,1.7242994311852069e+77
1332,6,442,2.2517169325161845e+77
1335,6,443,2.9398829955232017e+77
1338,6,444,3.8376175922554521e+77
1341,6,445,5.0085152001803275e+77
1344,6,446,6.5354003432435794e+77
1347,6,447,8.5261220912970131e+77
1350,6,448,1.1121088495125992e+78
1353,6,449,1.4503061598968466e+78
1356,6,450,1.8909888925619717e+78
1359,6,451,2.4651048718750957e+78
1362,6,452,3.2129147416866575e+78
1365,6,453,4.1867846518368856e+78
1368,6,454,5.4548135093524563e+78
1371,6,455,7.1055433372291966e+78
1374,6,456,9.2540750493640721e+78
1377,6,457,1.2050007533792643e+79
1380,6,458,1.568774177058904e+79
1383,6,459,2.0419852114989994e+79
1386,6,460,2.6574434616250613e+79
1389,6,461,3.4577611237099965e+79
1392,6,462,4.498271709129765e+79
1395,6,463,5.8508148599698246e+79
1398,6,464,7.6086433863820075e+79
1401,6,465,9.8927841456453192e+79
1404,6,466,1.2860282047196492e+80
1407,6,467,1.6714882799045783e+80
1410,6,468,2.1720873394322154e+80
1413,6,469,2.8221010604052777e+80
1416,6,470,3.6659740879795279e+80
1419,6,471,4.761326813702903e+80
1422,6,472,6.1828482198972084e+80
1425,6,473,8.0273350320524348e+80
1428,6,474,1.0420213601337559e+81
1431,6,475,1.3523979345584048e+81
1434,6,476,1.7549115672883095e+81
1437,6,477,2.2768218434042454e+81
1440,6,478,2.9534263848935308e+81
1443,6,479,3.8304231391578722e+81
1446,6,480,4.9669646169320091e+81
1449,6,481,6.4396060931991275e+81
1452,6,482,8.3474085684125734e+81
1455,6,483,1.0818533120704739e+82
1458,6,484,1.4018761091452198e+82
1461,6,485,1.8162500685752262e+82
1464,6,486,2.3527003213958069e+82
1467,6,487,3.047072187952265e+82
1470,6,488,3.9457016292337487e+82
1473,6,489,5.1084754206983736e+82
1476,6,490,6.6127810818331122e+82
1479,6,491,8.5586044204815503e+82
1482,6,492,1.1075107038830251e+83
1485,6,493,1.4329112084168097e+83
1488,6,494,1.85360500677158e+83
1491,6,495,2.3974075636368895e+83
1494,6,496,3.1002270945536542e+83
1497,6,497,4.0084114836341346e+83
1500,6,498,5.1817736192424468e+83
1503,6,499,6.6974906268030214e+83
1506,6,500,8.6551286232462155e+83
1509,6,501,1.118311683737345e+84
1512,6,502,1.4447087822881897e+84
1515,6,503,1.8660619927859046e+84
1518,6,504,2.4099071745432276e+84
1521,6,505,3.111739567219399e+84
1524,6,506,4.0173071422192511e+84
1527,6,507,5.1855626401099957e+84
1530,6,508,6.6924628796652524e+84
1533,6,509,8.6358577469683638e+84
1536,6,510,1.1141780408817724e+85
1539,6,511,1.4372539086221806e+85
1542,6,512,1.8537124742524487e+85
1545,6,513,2.390459543073549e+85
1548,6,514,3.0821285968809115e+85
1551,6,515,3.9732932817494031e+85
1554,6,516,5.1213113581418094e+85
1557,6,517,6.5999797745410027e+85
1560,6,518,8.5042314831514888e+85
1563,6,519,1.0956169981726554e+86
1566,6,520,1.4112821400853618e+86
1569,6,521,1.8176091463402807e+86
1572,6,522,2.3405552486046871e+86
1575,6,523,3.0134862305902658e+86
1578,6,524,3.8792843524530196e+86
1581,6,525,4.9930541757233085e+86
1584,6,526,6.4255953563752164e+86
1587,6,527,8.2678591338230083e+86
1590,6,528,1.0636666297891063e+87
1593,6,529,1.3682042617322664e+87
1596,6,530,1.7596627862725876e+87
1599,6,531,2.2627742795905922e+87
1602,6,532,2.9092862679963881e+87
1605,6,533,3.7399456034788017e+87
1608,6,534,4.8070416363962344e+87
1611,6,535,6.1776658825661391e+87
1614,6,536,7.9378894303780265e+87
1617,6,537,1.0198115686897821e+88
1620,6,538,1.3099938148385336e+88
1623,6,539,1.6824925078309587e+88
1626,6,540,2.1605870880320959e+88
1629,6,541,2.774120470846412e+88
1632,6,542,3.5613439590829596e+88
1635,6,543,4.5712791706532612e+88
1638,6,544,5.8667414331018851e+88
1641,6,545,7.5282093345586161e+88
1644,6,546,9.6587765337531202e+88
1647,6,547,1.2390487614566485e+89
1650,6,548,1.5892443671436762e+89
1653,6,549,2.0381170469116467e+89
1656,6,550,2.6133878861344482e+89
1659,6,551,3.3505421875634854e+89
1662,6,552,4.2949975932510022e+89
1665,6,553,5.5048758399335363e+89
1668,6,554,7.0545457083667192e+89
1671,6,555,9.0391511019993114e+89
1674,6,556,1.1580397362494512e+90
1677,6,557,1.4833944419965529e+90
1680,6,558,1.8998851671112753e+90
1683,6,559,2.4329642296127834e+90
1686,6,560,3.1151711349034443e+90
1689,6,561,3.9881001662806065e+90
1692,6,562,5.1049126218971613e+90
1695,6,563,6.533544018843544e+90
1698,6,564,8.3607979517551655e+90
1701,6,565,1.0697571010756248e+91
1704,6,566,1.3685520336883406e+91
1707,6,567,1.750557097516292e+91
1710,6,568,2.23887692065382e+91
1713,6,569,2.8630126900229316e+91
1716,6,570,3.6606278772256169e+91
1719,6,571,4.6797999623267448e+91
1722,6,572,5.9818915336774877e+91
1725,6,573,7.6452106407060684e+91
1728,6,574,9.769676734495151e+91
1731,6,575,1.2482767657718588e+92
1734,6,576,1.5947098385789424e+92
1737,6,577,2.0370077953865243e+92
1740,6,578,2.6016212794835581e+92
1743,6,579,3.3222779634556668e+92
1746,6,580,4.2419788128320624e+92
1749,6,581,5.4155403994870977e+92
1752,6,582,6.9128322015806048e+92
1755,6,583,8.8228983337291898e+92
1758,6,584,1.1259204644127086e+93
1761,6,585,1.4366317564234727e+93
1764,6,586,1.8328404274856585e+93
1767,6,587,2.3380049447330746e+93
1770,6,588,2.9820018109568856e+93
1773,6,589,3.802876478814931e+93
1776,6,590,4.8490705780380619e+93
1779,6,591,6.1822546635920576e+93
1782,6,592,7.8809306438015876e+93
1785,6,593,1.0045012426294199e+94
1788,6,594,1.2801649662084506e+94
1791,6,595,1.6312630990720059e+94
1794,6,596,2.0783793969881102e+94
1797,6,597,2.6476984083556819e+94
1800,6,598,3.3725251417222469e+94
1803,6,599,4.2952159079992768e+94
1806,6,600,5.4696312770948815e+94
1809,6,601,6.9642519381362348e+94
1812,6,602,8.8661361108353218e+94
1815,6,603,1.1285945165732535e+95
1818,6,604,1.4364324988093869e+95
1821,6,605,1.8280007802474823e+95
1824,6,606,2.3260097017982354e+95
1827,6,607,2.9593121673174611e+95
1830,6,608,3.7645604237748642e+95
1833,6,609,4.78830847080931e+95
1836,6,610,6.0896796307212525e+95
1839,6,611,7.7437507833921427e+95
1842,6,612,9.8458452733058784e+95
1845,6,613,1.2516977796657725e+96
1848,6,614,1.5910759546111569e+96
1851,6,615,2.022215416246649e+96
1854,6,616,2.5698579208782883e+96
1857,6,617,3.2653979758643477e+96
1860,6,618,4.1486667621103722e+96
1863,6,619,5.2701931010825204e+96
1866,6,620,6.694068686004332e+96
1869,6,621,8.5015786318559612e+96
1872,6,622,1.0795801208141253e+97
1875,6,623,1.370743477571578e+97
1878,6,624,1.7402178454644537e+97
1881,6,625,2.2090079695060543e+97
1884,6,626,2.8037371497542113e+97
1887,6,627,3.558146058493506e+97
1890,6,628,4.5149903009655001e+97
1893,6,629,5.7284425142035887e+97
1896,6,630,7.2671327925809383e+97
1899,6,631,9.2179966098064981e+97
1902,6,632,1.1691144120346471e+98
1905,6,633,1.482602122275761e+98
1908,6,634,1.8799204151940849e+98
1911,6,635,2.3834259548171298e+98
1914,6,636,3.0214215863849537e+98
1917,6,637,3.8297335842610568e+98
1920,6,638,4.8537061499814772e+98
1923,6,639,6.1507232463988046e+98
1926,6,640,7.7933968212223657e+98
1929,6,641,9.8735970428387316e+98
1932,6,642,1.2507546332783749e+99
1935,6,643,1.5842257241824316e+99
1938,6,644,2.006366774420544e+99
1941,6,645,2.5406920306926017e+99
1944,6,646,3.2169348154865881e+99
1947,6,647,4.0726879839073024e+99
1950,6,648,5.1554759511399277e+99
1953,6,649,6.5253715282502257e+99
1956,6,650,8.258300437679295e+99
1959,6,651,1.045021374827964e+100
1962,6,652,1.3222355586200062e+100
1965,6,653,1.6727912879035723e+100
1968,6,654,2.1160408770986787e+100
1971,6,655,2.6764295729002195e+100
1974,6,656,3.384832331091588e+100
1977,6,657,4.2802405463922932e+100
1980,6,658,5.4118901097230419e+100
1983,6,659,6.8419459633717663e+100
1986,6,660,8.6488883017209687e+100
1989,6,661,1.0931783324755606e+101
1992,6,662,1.381566900857183e+101
1995,6,663,1.7458346247371987e+101
1998,6,664,2.2058941135183633e+101
2001,6,665,2.7868699105209473e+101
2004,6,666,3.5204591180037167e+101
2007,6,667,4.4466463054159691e+101
2010,6,668,5.6158647117594733e+101
2013,6,669,7.0917195874748907e+101
2016,6,670,8.9544195142232526e+101
2019,6,671,1.1305099279135176e+102
2022,6,672,1.4271265358817018e+102
2025,6,673,1.8013654795083812e+102
2028,6,674,2.2734873370854118e+102
2031,6,675,2.8690273481227153e+102
2034,6,676,3.6201650917406816e+102
2037,6,677,4.5674489193370653e+102
2040,6,678,5.7619667900182788e+102
7,7,0,48
10,7,1,501
13,7,2,3090
16,7,3,14901
19,7,4,61326
22,7,5,225318
25,7,6,759348
28,7,7,2388315
31,7,8,7098042
34,7,9,20113743
37,7,10,54719322
40,7,11,143679660
43,7,12,365689044
46,7,13,905300733
49,7,14,2186161740
52,7,15,5162024583
55,7,16,11942314452
58,7,17,27117027606
61,7,18,60524782116
64,7,19,132962704248
67,7,20,287826227946
70,7,21,614574970581
73,7,22,1295550600840
76,7,23,2698473057207
79,7,24,5557499874024
82,7,25,11324554269540
85,7,26,22845409978926
88,7,27,45650501565573
91,7,28,90400964256055.25
94,7,29,177490713007242
97,7,30,345645973333692.5
100,7,31,667889712928884
103,7,32,1280993333153772
106,7,33,2439484337595760
109,7,34,4614113756229272
112,7,35,8670388787847840
115,7,36,16190546763976384
118,7,37,30051233379176064
121,7,38,55454820464268672
124,7,39,1.0176178118305562e+17
127,7,40,1.8573126183838438e+17
130,7,41,3.3722640238643149e+17
133,7,42,6.0921552951973581e+17
136,7,43,1.0952302047555277e+18
139,7,44,1.9597158272710656e+18
142,7,45,3.4905872857016812e+18
145,7,46,6.1898861039344681e+18
148,7,47,1.0929578729708667e+19
151,7,48,1.9218332410819346e+19
154,7,49,3.3656709355814126e+19
157,7,50,5.8711190108307456e+19
160,7,51,1.0202594401676558e+20
163,7,52,1.7663870474009759e+20
166,7,53,3.0471200254967362e+20
169,7,54,5.2379660240488392e+20
172,7,55,8.9731387522019859e+20
175,7,56,1.5320471688356404e+21
178,7,57,2.607244673345074e+21
181,7,58,4.4229057337746428e+21
184,7,59,7.4796752593061528e+21
187,7,60,1.26106813484609e+22
190,7,61,2.1198514708986139e+22
193,7,62,3.5531416011943249e+22
196,7,63,5.9386509984927901e+22
199,7,64,9.8982458039222212e+22
202,7,65,1.6453175763114998e+23
205,7,66,2.7276414652880896e+23
208,7,67,4.5101910661731843e+23
211,7,68,7.4386805958226155e+23
214,7,69,1.2238060153533245e+24
217,7,70,2.0084756316010637e+24
220,7,71,3.2883552647134783e+24
223,7,72,5.3711742628302421e+24
226,7,73,8.7530134659908246e+24
229,7,74,1.4231892284828702e+25
232,7,75,2.3088868105192951e+25
235,7,76,3.7376208511395025e+25
238,7,77,6.0375057588365804e+25
241,7,78,9.732090976998053e+25
244,7,79,1.5655145801897966e+26
247,7,80,2.5131939616697024e+26
250,7,81,4.0265022551251046e+26
253,7,82,6.4383947638742349e+26
256,7,83,1.027517463652612e+27
259,7,84,1.636728358512904e+27
262,7,85,2.6022752030596867e+27
265,7,86,4.1298294628765585e+27
268,7,87,6.5422326919383642e+27
271,7,88,1.0345397341104243e+28
274,7,89,1.633080883328446e+28
277,7,90,2.5734707357735695e+28
280,7,91,4.048490931135875e+28
283,7,92,6.3582937003036697e+28
286,7,93,9.9694745312550983e+28
289,7,94,1.5606256328479555e+29
292,7,95,2.4391035336806715e+29
295,7,96,3.8060698758719721e+29
298,7,97,5.9299091987748477e+29
301,7,98,9.2247285593119717e+29
304,7,99,1.4328564579847791e+30
307,7,100,2.2223085631133779e+30
310,7,101,3.4416559255067352e+30
313,7,102,5.3223150651876951e+30
316,7,103,8.2188711178696281e+30
319,7,104,1.2673905003031054e+31
322,7,105,1.9516568028959171e+31
325,7,106,3.0012282942728834e+31
328,7,107,4.6089805290324673e+31
331,7,108,7.0685198391289826e+31
334,7,109,1.0826228713112021e+32
337,7,110,1.6559918848475463e+32
340,7,111,2.5297553719539634e+32
343,7,112,3.8596243771639463e+32
346,7,113,5.8811800443144528e+32
349,7,114,8.9504200317176466e+32
352,7,115,1.3604679514056275e+33
355,7,116,2.0654062536094847e+33
358,7,117,3.1318511977255219e+33
361,7,118,4.7433074067872493e+33
364,7,119,7.1754952681739372e+33
367,7,120,1.0842233886723967e+34
370,7,121,1.6363931142033129e+34
373,7,122,2.4669712589955691e+34
376,7,123,3.7149553137333548e+34
379,7,124,5.5880660810526038e+34
382,7,125,8.3964011793129723e+34
385,7,126,1.2602413088697366e+35
388,7,127,1.8895056697231555e+35
391,7,128,2.8299686662918887e+35
394,7,129,4.2340782723060859e+35
397,7,130,6.3282665490600092e+35
400,7,131,9.4485242385899271e+35
403,7,132,1.4092925672349702e+36
406,7,133,2.0999107904493165e+36
409,7,134,3.1258453932268026e+36
412,7,135,4.6484213647725144e+36
415,7,136,6.9058817025597564e+36
418,7,137,1.0249735569275476e+37
421,7,138,1.5198132437907662e+37
424,7,139,2.2514168365893157e+37
427,7,140,3.3320670401351685e+37
430,7,141,4.9268306556068088e+37
433,7,142,7.2781583939907153e+37
436,7,143,1.0741851637505085e+38
439,7,144,1.5839604297053762e+38
442,7,145,2.3335694342449742e+38
445,7,146,3.434883240249355e+38
448,7,147,5.0515150688822629e+38
451,7,148,7.4225522369453253e+38
454,7,149,1.0897083167440017e+39
457,7,150,1.598438985388283e+39
460,7,151,2.3426855802935454e+39
463,7,152,3.4305786807507368e+39
466,7,153,5.0194883145172025e+39
469,7,154,7.3382649463264843e+39
472,7,155,1.0719446227057954e+40
475,7,156,1.5645859678261858e+40
478,7,157,2.2818005480622947e+40
481,7,158,3.3251412703684685e+40
484,7,159,4.8417198066530251e+40
487,7,160,7.0444850150213879e+40
490,7,161,1.0241457395619804e+41
493,7,162,1.487784470203809e+41
496,7,163,2.1596671018309674e+41
499,7,164,3.1325995748421827e+41
502,7,165,4.540429580636445e+41
505,7,166,6.5760583893386075e+41
508,7,167,9.5172979156379513e+41
511,7,168,1.3763964625935506e+42
514,7,169,1.9891057309205917e+42
517,7,170,2.8724941148473379e+42
520,7,171,4.1452418143262446e+42
523,7,172,5.9776776044945467e+42
526,7,173,8.6140902872103883e+42
529,7,174,1.2404608096628103e+43
532,7,175,1.7850719523989109e+43
535,7,176,2.5670230871739297e+43
538,7,177,3.6889900362189195e+43
541,7,178,5.2977456996055416e+43
544,7,179,7.6029630418327746e+43
547,7,180,1.0903978753046701e+44
550,7,181,1.5627864225697504e+44
553,7,182,2.23835476091916e+44
556,7,183,3.203870706181829e+44
559,7,184,4.5828949416701872e+44
562,7,185,6.5512736366026038e+44
565,7,186,9.3591095163104404e+44
568,7,187,1.3361901874665803e+45
571,7,188,1.9064655791111572e+45
574,7,189,2.7184325266404048e+45
577,7,190,3.8738159167218167e+45
580,7,191,5.5168622625357005e+45
583,7,192,7.8519934587963904e+45
586,7,193,1.1168740617366922e+46
589,7,194,1.5876940164990127e+46
592,7,195,2.2556387933701975e+46
595,7,196,3.2026851128733667e+46
598,7,197,4.5446729871905791e+46
601,7,198,6.4452015183549165e+46
604,7,199,9.1351894298400696e+46
607,7,200,1.2940394592061621e+47
610,7,201,1.8320110008067249e+47
613,7,202,2.5921546055259837e+47
616,7,203,3.6656216883927528e+47
619,7,204,5.1807177304180491e+47
622,7,205,7.317949041607262e+47
625,7,206,1.0331124300787557e+48
628,7,207,1.4576931877560594e+48
631,7,208,2.0556375907906354e+48
634,7,209,2.8972795912782534e+48
637,7,210,4.0813065485452008e+48
640,7,211,5.7461172436851303e+48
643,7,212,8.0857013668141849e+48
646,7,213,1.1371829273259724e+49
649,7,214,1.5985044149327717e+49
652,7,215,2.2457926940870766e+49
655,7,216,3.1535464248792726e+49
658,7,217,4.4259238881832535e+49
661,7,218,6.2084786924380955e+49
664,7,219,8.7045107983593765e+49
667,7,220,1.2197836978335989e+50
670,7,221,1.7084485830500469e+50
673,7,222,2.3916794233360937e+50
676,7,223,3.3464728622416015e+50
679,7,224,4.6801119348285861e+50
682,7,225,6.5420078041043657e+50
685,7,226,9.1401440256022806e+50
688,7,227,1.276390166684821e+51
691,7,228,1.7815726703796556e+51
694,7,229,2.4855045082869609e+51
697,7,230,3.4659134727543332e+51
700,7,231,4.8307464030821906e+51
703,7,232,6.7298490891819507e+51
706,7,233,9.3711343719605571e+51
709,7,234,1.3042953181252162e+52
712,7,235,1.8145034638443957e+52
715,7,236,2.5231258780797416e+52
718,7,237,3.5068761351713682e+52
721,7,238,4.8719571376511087e+52
724,7,239,6.7653323176176829e+52
727,7,240,9.3902804225365862e+52
730,7,241,1.3027852692731972e+53
733,7,242,1.806645958640119e+53
736,7,243,2.5042649907606465e+53
739,7,244,3.4697292742581612e+53
742,7,245,4.8052947741254444e+53
745,7,246,6.6520370444022713e+53
748,7,247,9.204506339343383e+53
751,7,248,1.2730884734083018e+54
754,7,249,1.7600699562583994e+54
757,7,250,2.432291033133587e+54
760,7,251,3.3598230865375353e+54
763,7,252,4.6390978291344701e+54
766,7,253,6.4027696879908686e+54
769,7,254,8.8332480644738113e+54
772,7,255,1.2181257709401301e+55
775,7,256,1.6791285457916495e+55
778,7,257,2.3136454661912813e+55
781,7,258,3.1866301529289072e+55
784,7,259,4.3872201081826942e+55
787,7,260,6.0376928304783065e+55
790,7,261,8.3057210717927659e+55
793,7,262,1.1421136126311169e+56
796,7,263,1.5698848689435778e+56
799,7,264,2.1570177259611869e+56
802,7,265,2.962565191540466e+56
805,7,266,4.0673474914035972e+56
808,7,267,5.5819335326972067e+56
811,7,268,7.6575337338138483e+56
814,7,269,1.0500860701558324e+57
817,7,270,1.4394395647234541e+57
820,7,271,1.9724016839304605e+57
823,7,272,2.7016650748346459e+57
826,7,273,3.699156321560068e+57
829,7,274,5.063020689937941e+57
832,7,275,6.9271304248908834e+57
835,7,276,9.4740237293336535e+57
838,7,277,1.2952505994022523e+58
841,7,278,1.7701584747005206e+58
844,7,279,2.4183006033524559e+58
847,7,280,3.3025467812412277e+58
850,7,281,4.508468021084959e+58
853,7,282,6.1524924133856507e+58
856,7,283,8.3929765255212026e+58
859,7,284,1.1445229414487315e+59
862,7,285,1.5601893407645553e+59
865,7,286,2.126058217853595e+59
868,7,287,2.8961347632087935e+59
871,7,288,3.9437453841577351e+59
874,7,289,5.3684161174872213e+59
877,7,290,7.3051877913028172e+59
880,7,291,9.9372269818138465e+59
883,7,292,1.3512893193509004e+60
886,7,293,1.8368829301692841e+60
889,7,294,2.4961190700158635e+60
892,7,295,3.3907868003872775e+60
895,7,296,4.6045554777344748e+60
898,7,297,6.2506854643968315e+60
901,7,298,8.4824431019550776e+60
904,7,299,1.1507163855214151e+61
907,7,300,1.5605235441824266e+61
910,7,301,2.1155714046267858e+61
913,7,302,2.8670880394970436e+61
916,7,303,3.8842840925718527e+61
919,7,304,5.2606352824133134e+61
922,7,305,7.122349465599605e+61
925,7,306,9.6397743227259314e+61
928,7,307,1.3042762182634849e+62
931,7,308,1.7641358259795399e+62
934,7,309,2.3853648128744427e+62
937,7,310,3.2243230436568936e+62
940,7,311,4.3569626358229339e+62
943,7,312,5.8856071369933753e+62
946,7,313,7.948065559094696e+62
949,7,314,1.0729881742094173e+63
952,7,315,1.4480792699461444e+63
955,7,316,1.9536835583173411e+63
958,7,317,2.635003308468533e+63
961,7,318,3.5528243413546006e+63
964,7,319,4.7888639531272985e+63
967,7,320,6.452945796017971e+63
970,7,321,8.6926230265185139e+63
973,7,322,1.1706081377562692e+64
976,7,323,1.5759435054844034e+64
979,7,324,2.1209904286585533e+64
982,7,325,2.8536865708067518e+64
985,7,326,3.838343786455457e+64
988,7,327,5.161216040657787e+64
991,7,328,6.9379522259219559e+64
994,7,329,9.3235691425633974e+64
997,7,330,1.252579306965093e+65
1000,7,331,1.6822902727361363e+65
1003,7,332,2.2587585704776206e+65
1006,7,333,3.0318826131983438e+65
1009,7,334,4.0684515475235628e+65
1012,7,335,5.457837666122257e+65
1015,7,336,7.3195988554339917e+65
1018,7,337,9.8136291873894527e+65
1021,7,338,1.3153708023296523e+66
1024,7,339,1.7625580559861118e+66
1027,7,340,2.3611078796747912e+66
1030,7,341,3.1620292241266156e+66
1033,7,342,4.2334463192027519e+66
1036,7,343,5.66631664660015e+66
1039,7,344,7.5820510039773729e+66
1042,7,345,1.0142665692343402e+67
1045,7,346,1.3564304658933198e+67
1048,7,347,1.813524547622561e+67
1051,7,348,2.4239869656086792e+67
1054,7,349,3.2390564575514194e+67
1057,7,350,4.3270170446899727e+67
1060,7,351,5.7788443264237776e+67
1063,7,352,7.715714233735336e+67
1066,7,353,1.029898600534454e+68
1069,7,354,1.3743471258986973e+68
1072,7,355,1.8335066322649184e+68
1075,7,356,2.4454176612691673e+68
1078,7,357,3.2606827774833282e+68
1081,7,358,4.3465975546609258e+68
1084,7,359,5.7926343794413957e+68
1087,7,360,7.7177202627328174e+68
1090,7,361,1.0279893141613077e+69
1093,7,362,1.3689110796168201e+69
1096,7,363,1.822423742809625e+69
1099,7,364,2.4255564871381843e+69
1102,7,365,3.2274664374633257e+69
1105,7,366,4.2933945289909336e+69
1108,7,367,5.7099064207334739e+69
1111,7,368,7.5918341971757204e+69
1114,7,369,1.0091468561273651e+70
1117,7,370,1.3410728171973665e+70
1120,7,371,1.7817266460999209e+70
1123,7,372,2.3665784793542964e+70
1126,7,373,3.1426228092980867e+70
1129,7,374,4.1721076497201515e+70
1132,7,375,5.537465570807421e+70
1135,7,376,7.3478324037750782e+70
1138,7,377,9.7476627649905881e+70
1141,7,378,1.292811418037317e+71
1144,7,379,1.7142085964131477e+71
1147,7,380,2.2724081517908821e+71
1150,7,381,3.0116434941828042e+71
1153,7,382,3.9903933163865417e+71
1156,7,383,5.2859510516941943e+71
1159,7,384,7.0004542889786061e+71
1162,7,385,9.2688387744324698e+71
1165,7,386,1.2269328918970011e+72
1168,7,387,1.623727053035469e+72
1171,7,388,2.1483366428770524e+72
1174,7,389,2.8417710898299583e+72
1177,7,390,3.7581459803779928e+72
1180,7,391,4.9688552781249442e+72
1183,7,392,6.5680665662369085e+72
1186,7,393,8.6799572257361866e+72
1189,7,394,1.146824096307551e+73
1192,7,395,1.5148706821408598e+73
1195,7,396,2.0005719622272589e+73
1198,7,397,2.6413928563758588e+73
1201,7,398,3.4866821567878697e+73
1204,7,399,4.6014275913823647e+73
1207,7,400,6.0711928697276027e+73
1210,7,401,8.0086073478306285e+73
1213,7,402,1.0561894728538638e+74
1216,7,403,1.3926079026627251e+74
1219,7,404,1.8357705042445522e+74
1222,7,405,2.4194171427513497e+74
1225,7,406,3.1879116223498476e+74
1228,7,407,4.1995742546465826e+74
1231,7,408,5.531055861784891e+74
1234,7,409,7.2830774437580154e+74
1237,7,410,9.5879603048717708e+74
1240,7,411,1.2619503075988354e+75
1243,7,412,1.6605934354705962e+75
1246,7,413,2.1846895116953049e+75
1249,7,414,2.8735699965340402e+75
1252,7,415,3.7788512006200871e+75
1255,7,416,4.968257055409216e+75
1258,7,417,6.5306270327487298e+75
1261,7,418,8.5824752818729988e+75
1264,7,419,1.1276579707778183e+76
1267,7,420,1.4813226913246755e+76
1270,7,421,1.9454931220392874e+76
1273,7,422,2.554569714212382e+76
1276,7,423,3.3536222640765611e+76
1279,7,424,4.4016868697542276e+76
1282,7,425,5.7760779637550683e+76
1285,7,426,7.5780268081005987e+76
1288,7,427,9.9400530152731666e+76
1291,7,428,1.3035599820033319e+77
1294,7,429,1.709162577108196e+77
1297,7,430,2.2405056693084065e+77
1300,7,431,2.936427710537679e+77
1303,7,432,3.8477199193912188e+77
1306,7,433,5.0407915194587991e+77
1309,7,434,6.6024548555358354e+77
1312,7,435,8.6461713301908942e+77
1315,7,436,1.1320202531820036e+78
1318,7,437,1.4818245619000885e+78
1321,7,438,1.939330740194303e+78
1324,7,439,2.5375799864643007e+78
1327,7,440,3.3197137017636206e+78
1330,7,441,4.342049964716082e+78
1333,7,442,5.6780937612468997e+78
1336,7,443,7.423763376326313e+78
1339,7,444,9.7042004664625517e+78
1342,7,445,1.2682642004595771e+79
1345,7,446,1.6571976172658293e+79
1348,7,447,2.1649791303383147e+79
1351,7,448,2.8277970032476708e+79
1354,7,449,3.6928196644723112e+79
1357,7,450,4.8215155890402232e+79
1360,7,451,6.293973447150447e+79
1363,7,452,8.2145228477690162e+79
1366,7,453,1.0719045865710443e+80
1369,7,454,1.3984486195630907e+80
1372,7,455,1.8241214187532917e+80
1375,7,456,2.378910250578769e+80
1378,7,457,3.101842209102203e+80
1381,7,458,4.0436998818946809e+80
1384,7,459,5.2705500190804065e+80
1387,7,460,6.8683277629621812e+80
1390,7,461,8.9487911146967147e+80
1393,7,462,1.1657253803616322e+81
1396,7,463,1.5182625894764069e+81
1399,7,464,1.9770448489412046e+81
1402,7,465,2.5739812311588533e+81
1405,7,466,3.3505313509339385e+81
1408,7,467,4.3605541322417633e+81
1411,7,468,5.6740034266701431e+81
1414,7,469,7.3817213750074384e+81
1417,7,470,9.6016544830996836e+81
1420,7,471,1.2486913262735593e+82
1423,7,472,1.6236220361322024e+82
1426,7,473,2.1107452633657443e+82
1429,7,474,2.7435190271201201e+82
1432,7,475,3.5653454691360051e+82
1435,7,476,4.632516421733289e+82
1438,7,477,6.0180285654109461e+82
1441,7,478,7.8165240398141889e+82
1444,7,479,1.0150687405842752e+83
1447,7,480,1.3179526822392989e+83
1450,7,481,1.7109092587570902e+83
1453,7,482,2.2206348046138682e+83
1456,7,483,2.8817116918727275e+83
1459,7,484,3.7389301084715314e+83
1462,7,485,4.8502911446404234e+83
1465,7,486,6.290890453584959e+83
1468,7,487,8.1579398419355327e+83
1471,7,488,1.0577259113579107e+84
1474,7,489,1.371166722559077e+84
1477,7,490,1.7771826617113729e+84
1480,7,491,2.3030255557236864e+84
1483,7,492,2.9839430984075104e+84
1486,7,493,3.8655172041460378e+84
1489,7,494,5.0066839710590518e+84
1492,7,495,6.4836332912275825e+84
1495,7,496,8.3948434982405059e+84
1498,7,497,1.0867580350849049e+85
1501,7,498,1.4066284879974545e+85
1504,7,499,1.8203397305278824e+85
1507,7,500,2.3553322243960397e+85
1510,7,501,3.0470443935354497e+85
1513,7,502,3.9412362240443931e+85
1516,7,503,5.0969857530056631e+85
1519,7,504,6.5905526827461529e+85
1522,7,505,8.5203592467226027e+85
1525,7,506,1.1013410373196253e+86
1528,7,507,1.4233567726859957e+86
1531,7,508,1.8392211246057557e+86
1534,7,509,2.3761974901888819e+86
1537,7,510,3.069444030557079e+86
1540,7,511,3.9642924968603873e+86
1543,7,512,5.1191827510961523e+86
1546,7,513,6.6094410504179191e+86
1549,7,514,8.5321439363158107e+86
1552,7,515,1.101237866896971e+87
1555,7,516,1.4211299927551269e+87
1558,7,517,1.8336496546741962e+87
1561,7,518,2.3655328548893544e+87
1564,7,519,3.0512082857838916e+87
1567,7,520,3.9350037642700734e+87
1570,7,521,5.0739835368628202e+87
1573,7,522,6.5415962728956572e+87
1576,7,523,8.4323646573983624e+87
1579,7,524,1.086791306248752e+88
1582,7,525,1.4004713903461475e+88
1585,7,526,1.80440412114936e+88
1588,7,527,2.3244758388932833e+88
1591,7,528,2.9939744655598681e+88
1594,7,529,3.8556992356722144e+88
1597,7,530,4.9646699193593547e+88
1600,7,531,6.3916053618588667e+88
1603,7,532,8.2273891237643468e+88
1606,7,533,1.0588801469489398e+89
1609,7,534,1.3625875707693675e+89
1612,7,535,1.7531337787805625e+89
1615,7,536,2.2552717308395927e+89
1618,7,537,2.9007883637904125e+89
1621,7,538,3.7304972847355947e+89
1624,7,539,4.7967942602089149e+89
1627,7,540,6.16693396783987e+89
1630,7,541,7.9272309612650984e+89
1633,7,542,1.0188444733013639e+90
1636,7,543,1.309268161760736e+90
1639,7,544,1.6822239498407836e+90
1642,7,545,2.1610940541387333e+90
1645,7,546,2.7758649728522852e+90
1648,7,547,3.5649872066583705e+90
1651,7,548,4.5777570840352427e+90
1654,7,549,5.8773668277592938e+90
1657,7,550,7.5448097805399345e+90
1660,7,551,9.6838798352673432e+90
1663,7,552,1.2427570737149917e+91
1666,7,553,1.5946266058655447e+91
1669,7,554,2.0458219423030452e+91
1672,7,555,2.624296351289562e+91
1675,7,556,3.3658463900111447e+91
1678,7,557,4.3163060427511015e+91
1681,7,558,5.5343528357455166e+91
1684,7,559,7.0950961115776771e+91
1687,7,560,9.0946648318788236e+91
1690,7,561,1.1656072507492456e+92
1693,7,562,1.4936713725634192e+92
1696,7,563,1.9137944838010509e+92
1699,7,564,2.4517326534954142e+92
1702,7,565,3.140426570423764e+92
1705,7,566,4.0219997650487987e+92
1708,7,567,5.1503109519924256e+92
1711,7,568,6.5942137041510964e+92
1714,7,569,8.4417189079044608e+92
1717,7,570,1.0805309297705209e+93
1720,7,571,1.3828724010637066e+93
1723,7,572,1.76956185883718e+93
1726,7,573,2.2640617345381189e+93
1729,7,574,2.8963417084155556e+93
1732,7,575,3.7046782129613311e+93
1735,7,576,4.7379501212989169e+93
1738,7,577,6.0585670395062947e+93
1741,7,578,7.7462040201342926e+93
1744,7,579,9.9025641353210578e+93
1747,7,580,1.2657450978668241e+94
1750,7,581,1.617651034904837e+94
1753,7,582,2.0671098613117251e+94
1756,7,583,2.6410860276800978e+94
1759,7,584,3.3739756403174966e+94
1762,7,585,4.3096487954055698e+94
1765,7,586,5.5040515675157237e+94
1768,7,587,7.0285205742545753e+94
1771,7,588,8.9740047046435242e+94
1774,7,589,1.1456441584983909e+95
1777,7,590,1.4623603729041736e+95
1780,7,591,1.8663814975536127e+95
1783,7,592,2.3817046701480401e+95
1786,7,593,3.0389041697906831e+95
1789,7,594,3.8769289481064981e+95
1792,7,595,4.9453900312976103e+95
1795,7,596,6.3074709174768131e+95
1798,7,597,8.0436301687842209e+95
1801,7,598,1.0256311221443784e+96
1804,7,599,1.3075932636091739e+96
1807,7,600,1.666850591814238e+96
1810,7,601,2.1245321881860558e+96
1813,7,602,2.7075265674590504e+96
1816,7,603,3.4500471820917283e+96
1819,7,604,4.3956222614779855e+96
1822,7,605,5.5996236817341684e+96
1825,7,606,7.1324804770879986e+96
1828,7,607,9.0837618292647744e+96
1831,7,608,1.1567364133764796e+97
1834,7,609,1.472809986484919e+97
1837,7,610,1.8750066021114344e+97
1840,7,611,2.3867271463161367e+97
1843,7,612,3.0377131195529714e+97
1846,7,613,3.8657598869392586e+97
1849,7,614,4.9188915701910016e+97
1852,7,615,6.258121628774364e+97
1855,7,616,7.9609564189373156e+97
1858,7,617,1.0125841143334864e+98
1861,7,618,1.2877800979058812e+98
1864,7,619,1.6375597793762098e+98
1867,7,620,2.0820808521444841e+98
1870,7,621,2.6469339770848668e+98
1873,7,622,3.3646030652719072e+98
1876,7,623,4.2763169821220936e+98
1879,7,624,5.4343973048353097e+98
1882,7,625,6.9052346583879181e+98
1885,7,626,8.7730614643301961e+98
1888,7,627,1.1144733627739884e+99
1891,7,628,1.4155790246966129e+99
1894,7,629,1.7978132001294821e+99
1897,7,630,2.2829749427372209e+99
1900,7,631,2.8987046857563583e+99
1903,7,632,3.6800452711190352e+99
1906,7,633,4.6714190122337883e+99
1909,7,634,5.9291313692185824e+99
1912,7,635,7.5245411274834204e+99
1915,7,636,9.5480740314607377e+99
1918,7,637,1.211430367899917e+100
1921,7,638,1.5368382707656991e+100
1924,7,639,1.9494182161902305e+100
1927,7,640,2.4724591532787317e+100
1930,7,641,3.135455150574611e+100
1933,7,642,3.9757542493113613e+100
1936,7,643,5.0406442845095312e+100
1939,7,644,6.3899911671472254e+100
1942,7,645,8.0995755650819627e+100
1945,7,646,1.0265312368584363e+101
1948,7,647,1.3008585877655656e+101
1951,7,648,1.6482994949319591e+101
1954,7,649,2.0882879734629334e+101
1957,7,650,2.6454099327683324e+101
1960,7,651,3.3507652956455552e+101
1963,7,652,4.2436892962668338e+101
1966,7,653,5.3739274193137692e+101
1969,7,654,6.8043832201893992e+101
1972,7,655,8.6145895260812722e+101
1975,7,656,1.0905092951262976e+102
1978,7,657,1.3802991398729889e+102
1981,7,658,1.7468926950081055e+102
1984,7,659,2.2105915651503855e+102
1987,7,660,2.7970495448448585e+102
1990,7,661,3.5386799276537615e+102
1993,7,662,4.4764318847622124e+102
1996,7,663,5.6620324494747143e+102
1999,7,664,7.1608158291353259e+102
2002,7,665,9.0552935043479558e+102
2005,7,666,1.1449658568038159e+103
2008,7,667,1.447546814509907e+103
2011,7,668,1.8298811211678205e+103
2014,7,669,2.3129349094469987e+103
2017,7,670,2.9231716642963619e+103
2020,7,671,3.6939898902467629e+103
2023,7,672,4.6675357833189779e+103
2026,7,673,5.8969884719780559e+103
2029,7,674,7.4494407095588072e+103
2032,7,675,9.4095297716175247e+103
2035,7,676,1.1884013427599471e+104
2038,7,677,1.5007536344614872e+104
8,8,0,102
11,8,1,984
14,8,2,6570
17,8,3,33726
20,8,4,147300
23,8,5,569958
26,8,6,2014725
29,8,7,6618102
32,8,8,20481318
35,8,9,60262500
38,8,10,169836270
41,8,11,461003436
44,8,12,1210756074
47,8,13,3087879954
50,8,14,7670845164
53,8,15,18608026536
56,8,16,44174431560
59,8,17,102814130544
62,8,18,234984713625
65,8,19,528120421680
68,8,20,1168591404843
71,8,21,2548563877854
74,8,22,5483363037576
77,8,23,11648975626074
80,8,24,24454050336177
83,8,25,50761711895472.562
86,8,26,104259581466675.88
89,8,27,212000520333448.5
92,8,28,426996645932705.5
95,8,29,852284822495387
98,8,30,1686580557580540
101,8,31,3310287336391472
104,8,32,6446461600483416
107,8,33,12460143061083648
110,8,34,23911599320203520
113,8,35,45572883789674752
116,8,36,86285185167154688
119,8,37,1.6233396006309146e+17
122,8,38,3.0355005063792384e+17
125,8,39,5.6428275477915853e+17
128,8,40,1.0430389667183022e+18
131,8,41,1.9174666137973596e+18
134,8,42,3.5063865391212954e+18
137,8,43,6.3792996745622159e+18
140,8,44,1.1548875603675709e+19
143,8,45,2.0807896960470548e+19
146,8,46,3.7316689304188944e+19
149,8,47,6.6623235668870431e+19
152,8,48,1.1842793497880271e+20
155,8,49,2.096252631799578e+20
158,8,50,3.6952736694644244e+20
161,8,51,6.4880334485139646e+20
164,8,52,1.1347250485607562e+21
167,8,53,1.9770820305285504e+21
170,8,54,3.4320890931531324e+21
173,8,55,5.9365431922627717e+21
176,8,56,1.023268271317607e+22
179,8,57,1.7577781437789496e+22
182,8,58,3.0094945726405164e+22
185,8,59,5.1358554179809791e+22
188,8,60,8.7368540667513703e+22
191,8,61,1.4816732799797537e+23
194,8,62,2.5051609488317442e+23
197,8,63,4.2231273746007533e+23
200,8,64,7.0986621391239315e+23
203,8,65,1.1898438111865424e+24
206,8,66,1.9888446433777228e+24
209,8,67,3.3153897243798332e+24
212,8,68,5.5120810320860284e+24
215,8,69,9.1404476985813369e+24
218,8,70,1.5118648694991435e+25
221,8,71,2.494445947050442e+25
224,8,72,4.1055568328020821e+25
227,8,73,6.7410478887318896e+25
230,8,74,1.1042311036412994e+26
233,8,75,1.8046332697538091e+26
236,8,76,2.9426116271302414e+26
239,8,77,4.787512616649084e+26
242,8,78,7.7720814902803032e+26
245,8,79,1.2590184137469682e+27
248,8,80,2.0352160493491342e+27
251,8,81,3.2831334890995802e+27
254,8,82,5.2854450465784718e+27
257,8,83,8.4918935428305873e+27
260,8,84,1.3616704265000318e+28
263,8,85,2.1792048890960457e+28
266,8,86,3.4809391329778884e+28
269,8,87,5.5498395366440358e+28
272,8,88,8.8320804058907365e+28
275,8,89,1.4029971741104208e+29
278,8,90,2.2247132227047133e+29
281,8,91,3.5214916986221828e+29
284,8,92,5.5645021541035795e+29
287,8,93,8.7777718799188257e+29
290,8,94,1.3823296329451483e+30
293,8,95,2.1732968002566927e+30
296,8,96,3.4112773244468651e+30
299,8,97,5.3458379061771416e+30
302,8,98,8.3642166149998122e+30
305,8,99,1.3066377290350365e+31
308,8,100,2.0380509133338412e+31
311,8,101,3.1740518968950591e+31
314,8,102,4.9358414907806618e+31
317,8,103,7.6641745440470447e+31
320,8,104,1.1883248522568278e+32
323,8,105,1.839835498533918e+32
326,8,106,2.8444941654257708e+32
329,8,107,4.3915857938986315e+32
332,8,108,6.7707350352796361e+32
335,8,109,1.0424519966310812e+33
338,8,110,1.6028379649071392e+33
341,8,111,2.4611825558249342e+33
344,8,112,3.7742083760099543e+33
347,8,113,5.78019899125818e+33
350,8,114,8.8410013715430323e+33
353,8,115,1.3505436211388009e+34
356,8,116,2.0604916607110783e+34
359,8,117,3.1397470004002823e+34
362,8,118,4.7784420491483586e+34
365,8,119,7.263602487362913e+34
368,8,120,1.1028030658804253e+35
371,8,121,1.6723607469158494e+35
374,8,122,2.5331091639737946e+35
377,8,123,3.8324412662032955e+35
380,8,124,5.791624282337825e+35
383,8,125,8.7424674627512306e+35
386,8,126,1.3182016067723761e+36
389,8,127,1.9854049922506059e+36
392,8,128,2.9870399887954237e+36
395,8,129,4.4891355006161801e+36
398,8,130,6.739367577097131e+36
401,8,131,1.0106836397732524e+37
404,8,132,1.5141043553392843e+37
407,8,133,2.2659253371181445e+37
410,8,134,3.3875775319971485e+37
413,8,135,5.0593103089794571e+37
416,8,136,7.5484242258799007e+37
419,8,137,1.1250934479877379e+38
422,8,138,1.6752997832116958e+38
425,8,139,2.4921395792891213e+38
428,8,140,3.7036698465636766e+38
431,8,141,5.4989066853681435e+38
434,8,142,8.1565903909793521e+38
437,8,143,1.2087407023931418e+39
440,8,144,1.7895907787663703e+39
443,8,145,2.6471238009189936e+39
446,8,146,3.9119967128704771e+39
449,8,147,5.7760392036501098e+39
452,8,148,8.520652618870544e+39
455,8,149,1.2558282793226834e+40
458,8,150,1.8492935946168021e+40
461,8,151,2.7208409874242232e+40
464,8,152,3.999682997074525e+40
467,8,153,5.8745752167472326e+40
470,8,154,8.6210302984889153e+40
473,8,155,1.2640869488257526e+41
476,8,156,1.8519660212223636e+41
479,8,157,2.7110063820391348e+41
482,8,158,3.9652689069715396e+41
485,8,159,5.7951195671190641e+41
488,8,160,8.4625809436219792e+41
491,8,161,1.2348008803476012e+42
494,8,162,1.8003113625922101e+42
497,8,163,2.6227554976560686e+42
500,8,164,3.8179508453110949e+42
503,8,165,5.5535158126549904e+42
506,8,166,8.0718599080609923e+42
509,8,167,1.1723299810800787e+43
512,8,168,1.701372744565091e+43
515,8,169,2.4673176589217508e+43
518,8,170,3.575438187302058e+43
521,8,171,5.1774351935831776e+43
524,8,172,7.4917590512189317e+43
527,8,173,1.083276123015043e+44
530,8,174,1.5652483437562946e+44
533,8,175,2.2600522856775261e+44
536,8,176,3.2609735582749741e+44
539,8,177,4.7018849516272934e+44
542,8,178,6.7747767866479508e+44
545,8,179,9.7548043751089339e+44
548,8,180,1.4036052961361479e+45
551,8,181,2.0182573429569631e+45
554,8,182,2.9001162893373707e+45
557,8,183,4.1645089785984949e+45
560,8,184,5.9761828000415372e+45
563,8,185,8.5703342069432316e+45
566,8,186,1.2282522348222119e+46
569,8,187,1.7591196014735188e+46
572,8,188,2.5178115725655391e+46
575,8,189,3.6014149435013616e+46
578,8,190,5.1481024375050075e+46
581,8,191,7.3544001275164568e+46
584,8,192,1.0499662464835431e+47
587,8,193,1.4980743125127683e+47
590,8,194,2.1361080476562482e+47
593,8,195,3.0440150486948336e+47
596,8,196,4.3351681904223342e+47
599,8,197,6.1702465757164422e+47
602,8,198,8.7768426557911142e+47
605,8,199,1.2477142105261542e+48
608,8,200,1.7726978382858498e+48
611,8,201,2.5170905678089879e+48
614,8,202,3.5719817436056857e+48
617,8,203,5.0660280181586565e+48
620,8,204,7.180845786904427e+48
623,8,205,1.0172669534227823e+49
626,8,206,1.44028104331338e+49
629,8,207,2.0380468073972244e+49
632,8,208,2.8822873489116129e+49
635,8,209,4.0739735117727934e+49
638,8,210,5.7551746110926899e+49
641,8,211,8.1256805129539048e+49
644,8,212,1.1466304055102031e+50
647,8,213,1.6171531826421057e+50
650,8,214,2.2795250281011134e+50
653,8,215,3.2114750846162833e+50
656,8,216,4.5220275868400862e+50
659,8,217,6.3640234525594534e+50
662,8,218,8.9516210358334082e+50
665,8,219,1.25847438769748e+51
668,8,220,1.7683216283062047e+51
671,8,221,2.4834402391267326e+51
674,8,222,3.4859658150192375e+51
677,8,223,4.8906980741284635e+51
680,8,224,6.8580121228085378e+51
683,8,225,9.6118425018249573e+51
686,8,226,1.3464721194953109e+52
689,8,227,1.8852619953617409e+52
692,8,228,2.6383413333483099e+52
695,8,229,3.6904255662714578e+52
698,8,230,5.1595210136267438e+52
701,8,231,7.2099298665497156e+52
704,8,232,1.0070305695587251e+53
707,8,233,1.4058709437873673e+53
710,8,234,1.9617364326528942e+53
713,8,235,2.7360842403764034e+53
716,8,236,3.8142843517393492e+53
719,8,237,5.314869935382608e+53
722,8,238,7.4023455679059484e+53
725,8,239,1.0304913844671337e+54
728,8,240,1.4338998295389555e+54
731,8,241,1.9943153490236139e+54
734,8,242,2.7724935356219167e+54
737,8,243,3.8525657076943808e+54
740,8,244,5.3509817302910839e+54
743,8,245,7.428854827344083e+54
746,8,246,1.0308995328401529e+55
749,8,247,1.4299404433919579e+55
752,8,248,1.9825664352555e+55
755,8,249,2.7475574956822323e+55
758,8,250,3.8060641754537277e+55
761,8,251,5.2700741938480279e+55
764,8,252,7.2940657670607203e+55
767,8,253,1.009104054835862e+56
770,8,254,1.3954573180612648e+56
773,8,255,1.9289123026817727e+56
776,8,256,2.665168723264969e+56
779,8,257,3.6809015647286533e+56
782,8,258,5.0816170324616552e+56
785,8,259,7.0124349680257344e+56
788,8,260,9.6728820530667911e+56
791,8,261,1.3337179756413928e+57
794,8,262,1.8382057121476951e+57
797,8,263,2.532486457361698e+57
800,8,264,3.487578376566781e+57
803,8,265,4.8009319270238013e+57
806,8,266,6.6062155754779489e+57
809,8,267,9.0867053032890558e+57
812,8,268,1.2493598131578068e+58
815,8,269,1.7171051050731259e+58
818,8,270,2.3590402340094861e+58
821,8,271,3.2396925240978089e+58
824,8,272,4.4473679808007475e+58
827,8,273,6.1028683665241527e+58
830,8,274,8.3713874064215277e+58
833,8,275,1.1478739619269724e+59
836,8,276,1.5733491665647964e+59
839,8,277,2.1557132058106556e+59
842,8,278,2.9525184030311558e+59
845,8,279,4.0423210763886951e+59
848,8,280,5.5323080199531082e+59
851,8,281,7.5686781310850021e+59
854,8,282,1.0350769509716763e+60
857,8,283,1.4150276547420057e+60
860,8,284,1.9337381766125056e+60
863,8,285,2.6416278095552171e+60
866,8,286,3.6073439263114193e+60
869,8,287,4.9243190623807385e+60
872,8,288,6.719675038261033e+60
875,8,289,9.1663100783336347e+60
878,8,290,1.2499301173140364e+61
881,8,291,1.7038154724599259e+61
884,8,292,2.3216980490617953e+61
887,8,293,3.1625396501090574e+61
890,8,294,4.3063962713108023e+61
893,8,295,5.861927873518376e+61
896,8,296,7.9765687335590571e+61
899,8,297,1.085029641991594e+62
902,8,298,1.4754266583125176e+62
905,8,299,2.0056024834216655e+62
908,8,300,2.725360595634674e+62
911,8,301,3.7021638322303929e+62
914,8,302,5.0273660017193624e+62
917,8,303,6.8246320101983645e+62
920,8,304,9.2613114548132624e+62
923,8,305,1.2563796752625528e+63
926,8,306,1.7038255132337092e+63
929,8,307,2.3098605976578989e+63
932,8,308,3.1304263714830797e+63
935,8,309,4.2411038997802817e+63
938,8,310,5.7439764097192754e+63
941,8,311,7.7768785512885665e+63
944,8,312,1.0525858598944092e+64
947,8,313,1.4241964509625111e+64
950,8,314,1.9263847096201916e+64
953,8,315,2.6048186908385015e+64
956,8,316,3.5210640406160456e+64
959,8,317,4.7580925502933345e+64
962,8,318,6.4276906674539993e+64
965,8,319,8.6804202846889965e+64
968,8,320,1.1719007075392266e+65
971,8,321,1.5816330447988219e+65
974,8,322,2.1339589539144051e+65
977,8,323,2.8782755918431426e+65
980,8,324,3.881014175935669e+65
983,8,325,5.2314873524499654e+65
986,8,326,7.0497347723393898e+65
989,8,327,9.4970466569315088e+65
992,8,328,1.2790075365358745e+66
995,8,329,1.7219752833823286e+66
998,8,330,2.3176643303561193e+66
1001,8,331,3.1184910759586109e+66
1004,8,332,4.1947815343568658e+66
1007,8,333,5.6408634526817892e+66
1010,8,334,7.5832215480804234e+66
1013,8,335,1.0191411474864059e+67
1016,8,336,1.369266164133055e+67
1019,8,337,1.8391403550912574e+67
1022,8,338,2.4695386915853516e+67
1025,8,339,3.3150589961924427e+67
1028,8,340,4.4487874134273368e+67
1031,8,341,5.968531706979394e+67
1034,8,342,8.0051469690373858e+67
1037,8,343,1.0733653094679832e+68
1040,8,344,1.4388076117074485e+68
1043,8,345,1.9281255367406015e+68
1046,8,346,2.5831270865622406e+68
1049,8,347,3.4596694175980486e+68
1052,8,348,4.6323596082227186e+68
1055,8,349,6.2008215486874886e+68
1058,8,350,8.2980485083003553e+68
1061,8,351,1.1101532565954312e+69
1064,8,352,1.4848090179969869e+69
1067,8,353,1.9853606216349029e+69
1070,8,354,2.6539321278710938e+69
1073,8,355,3.5466821709446023e+69
1076,8,356,4.7384601268041783e+69
1079,8,357,6.3290005367476469e+69
1082,8,358,8.4511618551655159e+69
1085,8,359,1.1281881388027678e+70
1088,8,360,1.5056738181604797e+70
1091,8,361,2.0089307184493443e+70
1094,8,362,2.6796874504981915e+70
1097,8,363,3.5734595804930929e+70
1100,8,364,4.7640858537854386e+70
1103,8,365,6.3497507719248353e+70
1106,8,366,8.4609785442317767e+70
1109,8,367,1.1271241058466368e+71
1112,8,368,1.5011031154890319e+71
1115,8,369,1.9986528589641423e+71
1118,8,370,2.6604351361334414e+71
1121,8,371,3.5404368243702739e+71
1124,8,372,4.7103187302062119e+71
1127,8,373,6.2651779891775892e+71
1130,8,374,8.3311816151161262e+71
1133,8,375,1.1075676341443053e+72
1136,8,376,1.472057481895169e+72
1139,8,377,1.9560075691614521e+72
1142,8,378,2.5984115047701567e+72
1145,8,379,3.4509395581303125e+72
1148,8,380,4.5820432218812628e+72
1151,8,381,6.0823834718337067e+72
1154,8,382,8.0720079104224666e+72
1157,8,383,1.070983801421181e+73
1160,8,384,1.420620709126076e+73
1163,8,385,1.8839426052282024e+73
1166,8,386,2.4977665822516057e+73
1169,8,387,3.3107856002663634e+73
1172,8,388,4.3873840584819346e+73
1175,8,389,5.8126744383996574e+73
1178,8,390,7.6991442596820007e+73
1181,8,391,1.0195426184829659e+74
1184,8,392,1.349786679675243e+74
1187,8,393,1.7865783671110218e+74
1190,8,394,2.3641582056799962e+74
1193,8,395,3.1277273020625727e+74
1196,8,396,4.1369422224836532e+74
1199,8,397,5.4705199245424747e+74
1202,8,398,7.2323039625367067e+74
1205,8,399,9.5592538848027205e+74
1208,8,400,1.2631965197905345e+75
1211,8,401,1.6688518358351834e+75
1214,8,402,2.2042706226777805e+75
1217,8,403,2.9108018981627364e+75
1220,8,404,3.8429198153774646e+75
1223,8,405,5.0723739345332877e+75
1226,8,406,6.6936468444854537e+75
1229,8,407,8.8311293924107695e+75
1232,8,408,1.164855203759269e+76
1235,8,409,1.5361379048614075e+76
1238,8,410,2.0253092807579456e+76
1241,8,411,2.6696584596929412e+76
1244,8,412,3.5182247161558132e+76
1247,8,413,4.6354860855011971e+76
1250,8,414,6.1062015653971288e+76
1253,8,415,8.0417663323650021e+76
1256,8,416,1.0588550974219402e+77
1259,8,417,1.3938841817466502e+77
1262,8,418,1.8345190645273829e+77
1265,8,419,2.413923235268458e+77
1268,8,420,3.1756356530014052e+77
1271,8,421,4.1768047328525846e+77
1274,8,422,5.4924266230949823e+77
1277,8,423,7.2208984996652715e+77
1280,8,424,9.4912933916726563e+77
1283,8,425,1.2472888258058088e+78
1286,8,426,1.6387640665794249e+78
1289,8,427,2.1526523222104259e+78
1292,8,428,2.8270904216039828e+78
1295,8,429,3.7120527721392279e+78
1298,8,430,4.8730122780344601e+78
1301,8,431,6.395729322433846e+78
1304,8,432,8.3925151519488609e+78
1307,8,433,1.1010421952158933e+79
1310,8,434,1.4441950147544866e+79
1313,8,435,1.8939043808044586e+79
1316,8,436,2.4831380275519181e+79
1319,8,437,3.2550266876431868e+79
1322,8,438,4.265985753430598e+79
1325,8,439,5.5897923446067819e+79
1328,8,440,7.3229091465074543e+79
1331,8,441,9.5914349228268541e+79
1334,8,442,1.2560176956239407e+80
1337,8,443,1.6444490919768326e+80
1340,8,444,2.1525729352644367e+80
1343,8,445,2.8171394690422001e+80
1346,8,446,3.6861424470712397e+80
1349,8,447,4.8222468029281911e+80
1352,8,448,6.307257577825246e+80
1355,8,449,8.2479453073702e+80
1358,8,450,1.0783638148960957e+81
1361,8,451,1.4096114693397543e+81
1364,8,452,1.8422492209444596e+81
1367,8,453,2.4072014135577604e+81
1370,8,454,3.1447912393176107e+81
1373,8,455,4.1075873285557225e+81
1376,8,456,5.3641094682673263e+81
1379,8,457,7.0036518424891375e+81
1382,8,458,9.1425596343248835e+81
1385,8,459,1.193239540814204e+82
1388,8,460,1.5570562288148385e+82
1391,8,461,2.0314120493626929e+82
1394,8,462,2.649775385813573e+82
1397,8,463,3.4557128551996144e+82
1400,8,464,4.5059256790644031e+82
1403,8,465,5.8741959038734884e+82
1406,8,466,7.6565141752327431e+82
1409,8,467,9.9777416316783706e+82
1412,8,468,1.3000263328751437e+83
1415,8,469,1.6935226522195549e+83
1418,8,470,2.2057133308066885e+83
1421,8,471,2.87227854174735e+83
1424,8,472,3.7395874769874712e+83
1427,8,473,4.8678896592796506e+83
1430,8,474,6.3354558257209339e+83
1433,8,475,8.2439499743289848e+83
1436,8,476,1.0725397389760026e+84
1439,8,477,1.395122120354143e+84
1442,8,478,1.8143959495643156e+84
1445,8,479,2.359245541056632e+84
1448,8,480,3.067154626603735e+84
1451,8,481,3.9867579711556114e+84
1454,8,482,5.1811475719445412e+84
1457,8,483,6.7321558491539163e+84
1460,8,484,8.7459035724485347e+84
1463,8,485,1.1359984733880226e+85
1466,8,486,1.4752769757064011e+85
1469,8,487,1.9155449531394928e+85
1472,8,488,2.4867625080663181e+85
1475,8,489,3.2277483220499326e+85
1478,8,490,4.1887902815445902e+85
1481,8,491,5.4350229193949798e+85
1484,8,492,7.0507961685647336e+85
1487,8,493,9.1453254342508455e+85
1490,8,494,1.1859997554405736e+86
1493,8,495,1.537781636036486e+86
1496,8,496,1.9935612389638504e+86
1499,8,497,2.5839823018194406e+86
1502,8,498,3.348688369400336e+86
1505,8,499,4.3389573302901592e+86
1508,8,500,5.6211046602588718e+86
1511,8,501,7.2808789401191727e+86
1514,8,502,9.4291380272924127e+86
1517,8,503,1.2209177800661346e+87
1520,8,504,1.5806193061738395e+87
1523,8,505,2.0459488905015082e+87
1526,8,506,2.6478239602893599e+87
1529,8,507,3.4261822283321137e+87
1532,8,508,4.432604920345998e+87
1535,8,509,5.7337004267915148e+87
1538,8,510,7.415468107765808e+87
1541,8,511,9.5889252690723408e+87
1544,8,512,1.2397361789494808e+88
1547,8,513,1.6025691713595133e+88
1550,8,514,2.0712506017373027e+88
1553,8,515,2.6765604296283016e+88
1556,8,516,3.4582006354741016e+88
1559,8,517,4.4673731777690581e+88
1562,8,518,5.7701004751218473e+88
1565,8,519,7.4515016072657178e+88
1568,8,520,9.6212984490070632e+88
1571,8,521,1.242090438177702e+89
1574,8,522,1.6032549020490502e+89
1577,8,523,2.0691021905828263e+89
1580,8,524,2.6698784499931702e+89
1583,8,525,3.4445413556789428e+89
1586,8,526,4.4432613442901194e+89
1589,8,527,5.730638749035005e+89
1592,8,528,7.3898411064008227e+89
1595,8,529,9.5279230056665897e+89
1598,8,530,1.2282665431510469e+90
1601,8,531,1.5831367263170828e+90
1604,8,532,2.0402144410605257e+90
1607,8,533,2.6288449641129624e+90
1610,8,534,3.3867728285043456e+90
1613,8,535,4.3625384267693906e+90
1616,8,536,5.6185563395794395e+90
1619,8,537,7.2350687138977091e+90
1622,8,538,9.3152216700249695e+90
1625,8,539,1.1991582776761756e+91
1628,8,540,1.5434507426705996e+91
1631,8,541,1.9862877011554814e+91
1634,8,542,2.555787923145349e+91
1637,8,543,3.2880689751222971e+91
1640,8,544,4.2295156353531065e+91
1643,8,545,5.4396896594877832e+91
1646,8,546,6.9950616754660776e+91
1649,8,547,8.9937967893270912e+91
1652,8,548,1.1561890519656357e+92
1655,8,549,1.4861034924078049e+92
1658,8,550,1.9098701319695795e+92
1661,8,551,2.4541062327989617e+92
1664,8,552,3.1529550400090055e+92
1667,8,553,4.0502073112978189e+92
1670,8,554,5.2020190933372418e+92
1673,8,555,6.6803928152257923e+92
1676,8,556,8.5776354430642453e+92
1679,8,557,1.1012067113900035e+93
1682,8,558,1.4135329951986825e+93
1685,8,559,1.8141744275819291e+93
1688,8,560,2.3280284015855569e+93
1691,8,561,2.9869902393872699e+93
1694,8,562,3.8319142355450463e+93
1697,8,563,4.9151226133434355e+93
1700,8,564,6.3036150271715563e+93
1703,8,565,8.083173637407734e+93
1706,8,566,1.0363612918363005e+94
1709,8,567,1.3285492475477643e+94
1712,8,568,1.7028699380171749e+94
1715,8,569,2.1823419150444631e+94
1718,8,570,2.7964158234820256e+94
1721,8,571,3.5827664263671367e+94
1724,8,572,4.5895824337947545e+94
1727,8,573,5.8784920149023871e+94
1730,8,574,7.5282999501787625e+94
1733,8,575,9.6397609444776303e+94
1736,8,576,1.2341675548530815e+95
1739,8,577,1.5798674095664534e+95
1742,8,578,2.022115472091611e+95
1745,8,579,2.5877969840350827e+95
1748,8,580,3.3112619000483396e+95
1751,8,581,4.2363914403671915e+95
1754,8,582,5.419235094786869e+95
1757,8,583,6.9313750905645423e+95
1760,8,584,8.8642184290000475e+95
1763,8,585,1.1334471480377889e+96
1766,8,586,1.4491122022417015e+96
1769,8,587,1.8524342607925789e+96
1772,8,588,2.3676842458362512e+96
1775,8,589,3.0258339324858032e+96
1778,8,590,3.866400635748327e+96
1781,8,591,4.9397982681438693e+96
1784,8,592,6.3103333710437011e+96
1787,8,593,8.0600225527647179e+96
1790,8,594,1.0293455892926605e+97
1793,8,595,1.3143992089277621e+97
1796,8,596,1.6781648980540566e+97
1799,8,597,2.1423152088937386e+97
1802,8,598,2.7344729716996057e+97
1805,8,599,3.4898403185677606e+97
1808,8,600,4.4532724256059294e+97
1811,8,601,5.6819170373236398e+97
1814,8,602,7.2485737011558197e+97
1817,8,603,9.2459684002264048e+97
1820,8,604,1.1792192330526234e+98
1823,8,605,1.503762097220569e+98
1826,8,606,1.9173715222124181e+98
1829,8,607,2.4444215093453596e+98
1832,8,608,3.1159374575283554e+98
1835,8,609,3.9714061579465832e+98
1838,8,610,5.0610769503202676e+98
1841,8,611,6.4488869509790606e+98
1844,8,612,8.2161791290685433e+98
1847,8,613,1.0466427525000694e+99
1850,8,614,1.3331241665093724e+99
1853,8,615,1.6977995510961035e+99
1856,8,616,2.1619519254168103e+99
1859,8,617,2.7526410199211245e+99
1862,8,618,3.5042668553446079e+99
1865,8,619,4.4605553630696546e+99
1868,8,620,5.6770796499977307e+99
1871,8,621,7.2244610062279117e+99
1874,8,622,9.1924324124870467e+99
1877,8,623,1.1694996305901813e+100
1880,8,624,1.4876970466987882e+100
1883,8,625,1.8922294591646139e+100
1886,8,626,2.4064569832527394e+100
1889,8,627,3.0600429933913754e+100
1892,8,628,3.8906502628039783e+100
1895,8,629,4.9460922676958822e+100
1898,8,630,6.2870614679660734e+100
1901,8,631,7.9905888873906792e+100
1904,8,632,1.0154430480520683e+101
1907,8,633,1.2902627889110108e+101
1910,8,634,1.6392557161299671e+101
1913,8,635,2.0823862508303591e+101
1916,8,636,2.644977784893616e+101
1919,8,637,3.3591472617865654e+101
1922,8,638,4.2656227511312064e+101
1925,8,639,5.4160459900670752e+101
1928,8,640,6.8758889421465032e+101
1931,8,641,8.7281476727635672e+101
1934,8,642,1.1078020153604762e+102
1937,8,643,1.4058829379359938e+102
1940,8,644,1.7839522431378201e+102
1943,8,645,2.2634163672946454e+102
1946,8,646,2.8713950932013721e+102
1949,8,647,3.6422423408876358e+102
1952,8,648,4.6194706828439043e+102
1955,8,649,5.8581864747637245e+102
1958,8,650,7.4281707183522093e+102
1961,8,651,9.41777643178015e+102
1964,8,652,1.1938858348396558e+103
1967,8,653,1.5133007659091952e+103
1970,8,654,1.9179436368161972e+103
1973,8,655,2.4304946568275671e+103
1976,8,656,3.0796534507374378e+103
1979,8,657,3.901732396038848e+103
1982,8,658,4.9426706005260252e+103
1985,8,659,6.2605792765759776e+103
1988,8,660,7.9289583542878906e+103
1991,8,661,1.0040760879930934e+104
1994,8,662,1.271352805883985e+104
1997,8,663,1.6095876232413275e+104
2000,8,664,2.0375690787788579e+104
2003,8,665,2.5790474974017935e+104
2006,8,666,3.2640418858526679e+104
2009,8,667,4.1304901533530373e+104
2012,8,668,5.2263326142809102e+104
2015,8,669,6.6121422390096192e+104
2018,8,670,8.3644447557631667e+104
2021,8,671,1.0579909064306006e+105
2024,8,672,1.338063550713729e+105
2027,8,673,1.6920828882616481e+105
2030,8,674,2.1395217856933363e+105
2033,8,675,2.7049676643096506e+105
2036,8,676,3.4194623504370079e+105
2039,8,677,4.3221920152173694e+105
9,9,0,154
12,9,1,1860
15,9,2,13248
18,9,3,72523
21,9,4,333754
24,9,5,1356097
27,9,6,5008058
30,9,7,17136836
33,9,8,55072318
36,9,9,167877515
39,9,10,489085078
42,9,11,1369855884
45,9,12,3706057710
48,9,13,9722226864
51,9,14,24809379466
54,9,15,61747639380
57,9,16,150231442506
60,9,17,357996507055
63,9,18,836954108056
66,9,19,1922487424353
69,9,20,4344311681152
72,9,21,9668650408290
75,9,22,21214617473538
78,9,23,45932440171927.188
81,9,24,98213090246275.375
84,9,25,207539585160080.25
87,9,26,433711075582386.5
90,9,27,896867554838321
93,9,28,1836207340949044
96,9,29,3723899629337376
99,9,30,7484390981257728
102,9,31,14913541630783360
105,9,32,29474088291717632
108,9,33,57795233777006848
111,9,34,1.1248151305647334e+17
114,9,35,2.1734163905018829e+17
117,9,36,4.1706458610264269e+17
120,9,37,7.9502321895573197e+17
123,9,38,1.5058521657707192e+18
126,9,39,2.8347440091966751e+18
129,9,40,5.304823573144535e+18
132,9,41,9.8706199305294152e+18
135,9,42,1.8265003701154054e+19
138,9,43,3.3618436447811469e+19
141,9,44,6.1559305987072197e+19
144,9,45,1.1216058203753284e+20
147,9,46,2.0336918748943614e+20
150,9,47,3.6702265117162078e+20
153,9,48,6.5936295287635784e+20
156,9,49,1.1793378677348861e+21
159,9,50,2.100337939820971e+21
162,9,51,3.7250309021008407e+21
165,9,52,6.5797652264968436e+21
168,9,53,1.1576531305413453e+22
171,9,54,2.0289884761948978e+22
174,9,55,3.542886910162683e+22
177,9,56,6.1638656969079309e+22
180,9,57,1.0685799110171408e+23
183,9,58,1.8461071577683735e+23
186,9,59,3.1786256430573047e+23
189,9,60,5.4549333637116324e+23
192,9,61,9.3312690024812009e+23
195,9,62,1.5912024201796886e+24
198,9,63,2.7050457952235553e+24
201,9,64,4.584775769289897e+24
204,9,65,7.7479097704550046e+24
207,9,66,1.3055743372186821e+25
210,9,67,2.1937940710010438e+25
213,9,68,3.6761477701249428e+25
216,9,69,6.1435251843651708e+25
219,9,70,1.0239854133590112e+26
222,9,71,1.7023324617571952e+26
225,9,72,2.8228755210636349e+26
228,9,73,4.6693595365237209e+26
231,9,74,7.7048100350817489e+26
234,9,75,1.2683108236448744e+27
237,9,76,2.0828983066827358e+27
240,9,77,3.4127767700239349e+27
243,9,78,5.579090333506411e+27
246,9,79,9.1002282218581685e+27
249,9,80,1.4811249411122283e+28
252,9,81,2.4054606096646797e+28
255,9,82,3.8984150312124492e+28
258,9,83,6.3048798553255346e+28
261,9,84,1.0176060256182219e+29
264,9,85,1.6391224294837646e+29
267,9,86,2.6350345905986439e+29
270,9,87,4.22783845834541e+29
273,9,88,6.77050606096825e+29
276,9,89,1.082200504546639e+30
279,9,90,1.7265970807480404e+30
282,9,91,2.749687960881781e+30
285,9,92,4.3711639969671339e+30
288,9,93,6.9365558512096275e+30
291,9,94,1.0988420871493399e+31
294,9,95,1.7377308453492982e+31
297,9,96,2.7434464856976597e+31
300,9,97,4.3240219520862192e+31
303,9,98,6.8040436490741338e+31
306,9,99,1.0689176047263894e+32
309,9,100,1.676598962261202e+32
312,9,101,2.6256185270959668e+32
315,9,102,4.1054517489044792e+32
318,9,103,6.4095325723858571e+32
321,9,104,9.9916411119333784e+32
324,9,105,1.5552532732823493e+33
327,9,106,2.4172847939035189e+33
330,9,107,3.7516756722701205e+33
333,9,108,5.8143572012054813e+33
336,9,109,8.9983956788605281e+33
339,9,110,1.3906672989416524e+34
342,9,111,2.1462674040611253e+34
345,9,112,3.307914941764681e+34
348,9,113,5.0914569778676694e+34
351,9,114,7.8262592756105975e+34
354,9,115,1.2014281659959815e+35
357,9,116,1.841957818202672e+35
360,9,117,2.820373147017442e+35
363,9,118,4.3130557180422504e+35
366,9,119,6.5875151299119805e+35
369,9,120,1.0048993476439043e+36
372,9,121,1.531066588665474e+36
375,9,122,2.3299266139155398e+36
378,9,123,3.5413838664716791e+36
381,9,124,5.3764077798628649e+36
384,9,125,8.1527768030388387e+36
387,9,126,1.23486269718557e+37
390,9,127,1.8682589044340429e+37
393,9,128,2.8233591053209027e+37
396,9,129,4.2619774404387225e+37
399,9,130,6.4265418431964161e+37
402,9,131,9.679876165053613e+37
405,9,132,1.4564431614134008e+38
408,9,133,2.1890388772402597e+38
411,9,134,3.2866573689416786e+38
414,9,135,4.929480500184089e+38
417,9,136,7.3858127964428416e+38
420,9,137,1.105478839946166e+39
423,9,138,1.6529589277793807e+39
426,9,139,2.4690938427329034e+39
429,9,140,3.6845238774200142e+39
432,9,141,5.492849042853783e+39
435,9,142,8.1807035206365844e+39
438,9,143,1.2172070686050978e+40
441,9,144,1.8093523625692548e+40
444,9,145,2.6870187422773815e+40
447,9,146,3.986676674362796e+40
450,9,147,5.909462259716e+40
453,9,148,8.7515571006399743e+40
456,9,149,1.2948720175900136e+41
459,9,150,1.914150922559017e+41
462,9,151,2.8270724226304321e+41
465,9,152,4.1716961582811825e+41
468,9,153,6.1504498111629802e+41
471,9,154,9.0598916474115105e+41
474,9,155,1.3334122213207707e+42
477,9,156,1.9608054105836766e+42
480,9,157,2.880955056427248e+42
483,9,158,4.2293499785371874e+42
486,9,159,6.2036759535055193e+42
489,9,160,9.0921388514348562e+42
492,9,161,1.3314583275422785e+43
495,9,162,1.9482141974170455e+43
498,9,163,2.8483702043117653e+43
501,9,164,4.1611150400474364e+43
504,9,165,6.0740656264796261e+43
507,9,166,8.8594869732755977e+43
510,9,167,1.2912187720906709e+44
513,9,168,1.8804250937943285e+44
516,9,169,2.7364022601120571e+44
519,9,170,3.9790028073465922e+44
522,9,171,5.781514542682879e+44
525,9,172,8.3943041806016736e+44
528,9,173,1.2178844367223004e+45
531,9,174,1.7656650306345492e+45
534,9,175,2.5579610749528986e+45
537,9,176,3.7030997995848346e+45
540,9,177,5.3570441578468919e+45
543,9,178,7.7441861247785418e+45
546,9,179,1.1187150326818688e+46
549,9,180,1.6149484288262907e+46
552,9,181,2.3296767268870331e+46
555,9,182,3.3584027554294537e+46
558,9,183,4.838071387203402e+46
561,9,184,6.9649239743860365e+46
564,9,185,1.0019990450326915e+47
567,9,186,1.4405463346262396e+47
570,9,187,2.0696566441279028e+47
573,9,188,2.9715472494716352e+47
576,9,189,4.2636578005034948e+47
579,9,190,6.1136345258514146e+47
582,9,191,8.760644914495376e+47
585,9,192,1.2545679035664063e+48
588,9,193,1.7954600576369737e+48
591,9,194,2.5679275783953471e+48
594,9,195,3.6704320195953073e+48
597,9,196,5.243012667072649e+48
600,9,197,7.4847247327177578e+48
603,9,198,1.0678342208349902e+49
606,9,199,1.522533165170733e+49
609,9,200,2.1695339028393105e+49
612,9,201,3.089617231073816e+49
615,9,202,4.3972712631488422e+49
618,9,203,6.2546633765632848e+49
621,9,204,8.8913656560454415e+49
624,9,205,1.263218765204153e+50
627,9,206,1.7936427042960963e+50
630,9,207,2.545319197345794e+50
633,9,208,3.6099333517086104e+50
636,9,209,5.1169169799609346e+50
639,9,210,7.2488888092030849e+50
642,9,211,1.026337014296639e+51
645,9,212,1.4523310393722363e+51
648,9,213,2.0539974033032027e+51
651,9,214,2.9033163294667169e+51
654,9,215,4.101574020336318e+51
657,9,216,5.7912191318066759e+51
660,9,217,8.1724861247539103e+51
663,9,218,1.1526690138436179e+52
666,9,219,1.6248854371801336e+52
669,9,220,2.2893385815916729e+52
672,9,221,3.2237985661732111e+52
675,9,222,4.5373029585188499e+52
678,9,223,6.3826506527170514e+52
681,9,224,8.9738576569790139e+52
684,9,225,1.2610533493984412e+53
687,9,226,1.7711905476884173e+53
690,9,227,2.4864286459841587e+53
693,9,228,3.4887266011868043e+53
696,9,229,4.8925966371724636e+53
699,9,230,6.8579566033489178e+53
702,9,231,9.6080264108240485e+53
705,9,232,1.3454236485474842e+54
708,9,233,1.8830879472970414e+54
711,9,234,2.6343294063585512e+54
714,9,235,3.6834834621054367e+54
717,9,236,5.147990816307397e+54
720,9,237,7.1913166337840346e+54
723,9,238,1.0040882132879392e+55
726,9,239,1.4012942073041456e+55
729,9,240,1.9547083218423916e+55
732,9,241,2.7254043239969746e+55
735,9,242,3.7981963956660064e+55
738,9,243,5.2908144996434081e+55
741,9,244,7.3666057174183045e+55
744,9,245,1.0252108886265495e+56
747,9,246,1.4261361810130738e+56
750,9,247,1.9829505708505552e+56
753,9,248,2.7559223089650931e+56
756,9,249,3.8284882743798291e+56
759,9,250,5.3161106164005095e+56
762,9,251,7.3785001623293274e+56
765,9,252,1.0236479359503876e+57
768,9,253,1.4195236036377032e+57
771,9,254,1.9676376708687443e+57
774,9,255,2.7262091064355505e+57
777,9,256,3.7755978789883909e+57
780,9,257,5.2266790875780892e+57
783,9,258,7.2323670823181722e+57
786,9,259,1.0003468056315216e+58
789,9,260,1.3830478117668246e+58
792,9,261,1.9113544689240517e+58
795,9,262,2.6403631991954713e+58
798,9,263,3.6459057987718936e+58
801,9,264,5.0323111991840943e+58
804,9,265,6.9430571435373218e+58
807,9,266,9.5753820704363895e+58
810,9,267,1.3200321800136299e+59
813,9,268,1.8190174423451534e+59
816,9,269,2.505613278719168e+59
819,9,270,3.4499828941533377e+59
822,9,271,4.7483906660053555e+59
825,9,272,6.5328609829751838e+59
828,9,273,8.9843927410000471e+59
831,9,274,1.2351031643908356e+60
834,9,275,1.6972576875331862e+60
837,9,276,2.3314345091748322e+60
840,9,277,3.2013295051100103e+60
843,9,278,4.3941014806978114e+60
846,9,279,6.0289704731559653e+60
849,9,280,8.2689509112142034e+60
852,9,281,1.1336856768121435e+61
855,9,282,1.5537126247702237e+61
858,9,283,2.1285571323756618e+61
861,9,284,2.9149915270515682e+61
864,9,285,3.9905010559113822e+61
867,9,286,5.4608026883191135e+61
870,9,287,7.4700795650144803e+61
873,9,288,1.0214907047799613e+62
876,9,289,1.3963195328537291e+62
879,9,290,1.9079946752576043e+62
882,9,291,2.6062267377451356e+62
885,9,292,3.5586941296740857e+62
888,9,293,4.8575053318101593e+62
891,9,294,6.6279739362961189e+62
894,9,295,9.040530127358193e+62
897,9,296,1.2326884187066434e+63
900,9,297,1.6801952484632709e+63
903,9,298,2.2893590379332085e+63
906,9,299,3.1182898300110309e+63
909,9,300,4.2458842737276705e+63
912,9,301,5.7792251693253914e+63
915,9,302,7.8636023863425898e+63
918,9,303,1.0696079359490222e+64
921,9,304,1.4543853659188867e+64
924,9,305,1.9769097677674506e+64
927,9,306,2.6862555632847827e+64
930,9,307,3.6488968854091491e+64
933,9,308,4.9548473970237674e+64
936,9,309,6.725956406771809e+64
939,9,310,9.1271150085517703e+64
942,9,311,1.2381388202321517e+65
945,9,312,1.6790441994505979e+65
948,9,313,2.2762109628175625e+65
951,9,314,3.0847580398415537e+65
954,9,315,4.1791554417101759e+65
957,9,316,5.6599862977834416e+65
960,9,317,7.6630608518849155e+65
963,9,318,1.0371696700042562e+66
966,9,319,1.4033260174664411e+66
969,9,320,1.8981440673270695e+66
972,9,321,2.566623576903043e+66
975,9,322,3.4694304178819143e+66
978,9,323,4.6883255114680217e+66
981,9,324,6.3334665237215594e+66
984,9,325,8.5532254167636289e+66
987,9,326,1.154738479164175e+67
990,9,327,1.5584870613433267e+67
993,9,328,2.1027573725676462e+67
996,9,329,2.8362341436560627e+67
999,9,330,3.8243928710040987e+67
1002,9,331,5.155264669028024e+67
1005,9,332,6.9471715358508158e+67
1008,9,333,9.3591025174452916e+67
1011,9,334,1.2604628396302687e+68
1014,9,335,1.6970556281616872e+68
1017,9,336,2.284193156528979e+68
1020,9,337,3.0735537458974451e+68
1023,9,338,4.1344767534450471e+68
1026,9,339,5.5599715422373458e+68
1029,9,340,7.474761950449088e+68
1032,9,341,1.0046052758981916e+69
1035,9,342,1.3497935181421103e+69
1038,9,343,1.8130656000390073e+69
1041,9,344,2.4346385309260503e+69
1044,9,345,3.2683665052044806e+69
1047,9,346,4.386345016653919e+69
1050,9,347,5.8850626647247693e+69
1053,9,348,7.8936186776760049e+69
1056,9,349,1.058469682281274e+70
1059,9,350,1.4189216313186233e+70
1062,9,351,1.901588648617175e+70
1065,9,352,2.5477299585239043e+70
1068,9,353,3.4124738357301753e+70
1071,9,354,4.5694596798008534e+70
1074,9,355,6.1170272221958673e+70
1077,9,356,8.1864663215737456e+70
1080,9,357,1.095301049050898e+71
1083,9,358,1.4650482827642711e+71
1086,9,359,1.9590802706098169e+71
1089,9,360,2.6189959666092724e+71
1092,9,361,3.5002589667306915e+71
1095,9,362,4.6767990848504455e+71
1098,9,363,6.2471347779042566e+71
1101,9,364,8.3425169814159044e+71
1104,9,365,1.1137758986696392e+72
1107,9,366,1.4865634617715546e+72
1110,9,367,1.9836015559489634e+72
1113,9,368,2.6461301299069329e+72
1116,9,369,3.529020226635005e+72
1119,9,370,4.7052608765100041e+72
1122,9,371,6.2719168550200179e+72
1125,9,372,8.3580375040945638e+72
1128,9,373,1.113515295100053e+73
1131,9,374,1.4831200755729036e+73
1134,9,375,1.9748999583253926e+73
1137,9,376,2.629074847876875e+73
1140,9,377,3.4990509181057682e+73
1143,9,378,4.6557262229826854e+73
1146,9,379,6.1931965030883501e+73
1149,9,380,8.2363147044609715e+73
1152,9,381,1.0950704030593671e+74
1155,9,382,1.4556017662714506e+74
1158,9,383,1.9343493652737422e+74
1161,9,384,2.5699190759407058e+74
1164,9,385,3.4134736321437952e+74
1167,9,386,4.5328005126354467e+74
1170,9,387,6.0176924086849729e+74
1173,9,388,7.9870621256625284e+74
1176,9,389,1.0598348818464924e+75
1179,9,390,1.4059950569974792e+75
1182,9,391,1.8647653172047215e+75
1185,9,392,2.4726334565319808e+75
1188,9,393,3.2778632435202642e+75
1191,9,394,4.3442800128111206e+75
1194,9,395,5.7562684364670245e+75
1197,9,396,7.6253691135749202e+75
1200,9,397,1.0098983461564011e+76
1203,9,398,1.3371858117937996e+76
1206,9,399,1.7701232925111807e+76
1209,9,400,2.3426816682578495e+76
1212,9,401,3.0997123372925964e+76
1215,9,402,4.1004186299746226e+76
1218,9,403,5.4229305021831539e+76
1221,9,404,7.1703318059628129e+76
1224,9,405,9.4785996002321301e+76
1227,9,406,1.2527059742791585e+77
1230,9,407,1.6552153230510502e+77
1233,9,408,2.1865557639915277e+77
1236,9,409,2.8878036205894778e+77
1239,9,410,3.8130818004436975e+77
1242,9,411,5.0336878420762518e+77
1245,9,412,6.6435231587824093e+77
1248,9,413,8.7662320812768766e+77
1251,9,414,1.1564587128390498e+78
1254,9,415,1.5252824602746902e+78
1257,9,416,2.0112854487591861e+78
1260,9,417,2.6515556909167838e+78
1263,9,418,3.4948755332214838e+78
1266,9,419,4.6053951926387237e+78
1269,9,420,6.0674559497913892e+78
1272,9,421,7.9919214534856386e+78
1275,9,422,1.0524486941786176e+79
1278,9,423,1.3856581997496537e+79
1281,9,424,1.8239673358028527e+79
1284,9,425,2.4004024183095096e+79
1287,9,426,3.1583293204632606e+79
1290,9,427,4.1546785067152065e+79
1293,9,428,5.4641722909436763e+79
1296,9,429,7.1848646326590079e+79
1299,9,430,9.4453995156565962e+79
1302,9,431,1.2414519109721697e+80
1305,9,432,1.6313516508901976e+80
1308,9,433,2.1432541632930826e+80
1311,9,434,2.8151948218784024e+80
1314,9,435,3.6970234742404617e+80
1317,9,436,4.8540608716261874e+80
1320,9,437,6.37188261704444e+80
1323,9,438,8.3625770660624742e+80
1326,9,439,1.0972929675701221e+81
1329,9,440,1.4395124712832821e+81
1332,9,441,1.8880735838831977e+81
1335,9,442,2.4759012696135297e+81
1338,9,443,3.2460777927213824e+81
1341,9,444,4.2549649795171525e+81
1344,9,445,5.57628280591084e+81
1347,9,446,7.3064361838086027e+81
1350,9,447,9.5714705849642696e+81
1353,9,448,1.2536152806524593e+82
1356,9,449,1.6415823871805079e+82
1359,9,450,2.1491867341636439e+82
1362,9,451,2.8131891930950437e+82
1365,9,452,3.6816060159080846e+82
1368,9,453,4.8171428052144562e+82
1371,9,454,6.3016724876890478e+82
1374,9,455,8.2420735787204878e+82
1377,9,456,1.0777840514056444e+83
1380,9,457,1.4091002039418905e+83
1383,9,458,1.8419045204660354e+83
1386,9,459,2.4071752591862494e+83
1389,9,460,3.1453133542266655e+83
1392,9,461,4.1089985193628805e+83
1395,9,462,5.3669080580147449e+83
1398,9,463,7.0085580650974277e+83
1401,9,464,9.1506046059491147e+83
1404,9,465,1.1945043645234e+84
1407,9,466,1.5589879912650644e+84
1410,9,467,2.0343005530289916e+84
1413,9,468,2.6540250757364168e+84
1416,9,469,3.4618856757752161e+84
1419,9,470,4.5147993472855222e+84
1422,9,471,5.8868429898878395e+84
1425,9,472,7.6744092251462923e+84
1428,9,473,1.0002906031220718e+85
1431,9,474,1.3035460894921018e+85
1434,9,475,1.698422719534352e+85
1437,9,476,2.21250681602457e+85
1440,9,477,2.8816623971994179e+85
1443,9,478,3.7525065975540699e+85
1446,9,479,4.8856228551874258e+85
1449,9,480,6.3597310077349819e+85
1452,9,481,8.2770983135705619e+85
1455,9,482,1.0770559431062012e+86
1458,9,483,1.4012622175319848e+86
1461,9,484,1.8227276707349598e+86
1464,9,485,2.37053081065086e+86
1467,9,486,3.0824148197104616e+86
1470,9,487,4.0073607767638191e+86
1473,9,488,5.2089225252461535e+86
1476,9,489,6.7695478790562515e+86
1479,9,490,8.7961769244555656e+86
1482,9,491,1.1427493604972023e+87
1485,9,492,1.4843317223027683e+87
1488,9,493,1.9276763258290013e+87
1491,9,494,2.5029987417267143e+87
1494,9,495,3.2494565257052801e+87
1497,9,496,4.2177867773288385e+87
1500,9,497,5.4737191267648189e+87
1503,9,498,7.1023913754509591e+87
1506,9,499,9.2140613843598309e+87
1509,9,500,1.1951494493132531e+88
1512,9,501,1.5499516371507563e+88
1515,9,502,2.0097363980346645e+88
1518,9,503,2.6054651571145852e+88
1521,9,504,3.3772006390424151e+88
1524,9,505,4.3767735454810123e+88
1527,9,506,5.6712280364722392e+88
1530,9,507,7.3472727315443759e+88
1533,9,508,9.5170297332153143e+88
1536,9,509,1.2325458990547073e+89
1539,9,510,1.595994465022963e+89
1542,9,511,2.0662670950283652e+89
1545,9,512,2.6746596788293093e+89
1548,9,513,3.4616072044069281e+89
1551,9,514,4.4793440110080969e+89
1554,9,515,5.7953359258921286e+89
1557,9,516,7.4967075368464831e+89
1560,9,517,9.6959522192093227e+89
1563,9,518,1.2538295401749002e+90
1566,9,519,1.6211188220417548e+90
1569,9,520,2.0956545986468217e+90
1572,9,521,2.7086522543920731e+90
1575,9,522,3.5003838866783104e+90
1578,9,523,4.5227976613938779e+90
1581,9,524,5.8428923401598859e+90
1584,9,525,7.5470640144973665e+90
1587,9,526,9.7467042623562453e+90
1590,9,527,1.2585408881780837e+91
1593,9,528,1.6248259111247678e+91
1596,9,529,2.0973769307893174e+91
1599,9,530,2.7069264755867824e+91
1602,9,531,3.4930671313487001e+91
1605,9,532,4.5067978701424913e+91
1608,9,533,5.8137998996537323e+91
1611,9,534,7.498650391624529e+91
1614,9,535,9.6702417730804812e+91
1617,9,536,1.2468750429225405e+92
1620,9,537,1.6074596436406612e+92
1623,9,538,2.0719961428261669e+92
1626,9,539,2.6703592728455494e+92
1629,9,540,3.4409828500335167e+92
1632,9,541,4.4333043730020735e+92
1635,9,542,5.7109056862172181e+92
1638,9,543,7.3555472964667013e+92
1641,9,544,9.4723498468175263e+92
1644,9,545,1.2196447945467145e+93
1647,9,546,1.5701533453998904e+93
1650,9,547,2.0210823141994592e+93
1653,9,548,2.6011136587980561e+93
1656,9,549,3.3470963661744007e+93
1659,9,550,4.3063648777744884e+93
1662,9,551,5.5397136615407215e+93
1665,9,552,7.1252130674821909e+93
1668,9,553,9.163103683827092e+93
1671,9,554,1.1782073097730865e+94
1674,9,555,1.5147304342445669e+94
1677,9,556,1.9470794604354028e+94
1680,9,557,2.5024582647258424e+94
1683,9,558,3.2157702425460605e+94
1686,9,559,4.1317909412641567e+94
1689,9,560,5.307951922307061e+94
1692,9,561,6.817907296145835e+94
1695,9,562,8.7561023191630765e+94
1698,9,563,1.1243624754647626e+95
1701,9,564,1.4435698098278274e+95
1704,9,565,1.8531275998169911e+95
1707,9,566,2.3785325321026647e+95
1710,9,567,3.0524549070672613e+95
1713,9,568,3.9167509630908377e+95
1716,9,569,5.0250380196078255e+95
1719,9,570,6.4459893865375176e+95
1722,9,571,8.2675496252899506e+95
1725,9,572,1.0602326481602767e+96
1728,9,573,1.3594486986828052e+96
1731,9,574,1.7428576107494542e+96
1734,9,575,2.2340792353245186e+96
1737,9,576,2.8633402869544975e+96
1740,9,577,3.6693169588040069e+96
1743,9,578,4.7014899266062887e+96
1746,9,579,6.0231538093228538e+96
1749,9,580,7.7152624300581009e+96
1752,9,581,9.8813413236523329e+96
1755,9,582,1.2653762842537267e+97
1758,9,583,1.6201760711673285e+97
1761,9,584,2.0741664806989117e+97
1764,9,585,2.6549969430975092e+97
1767,9,586,3.3980017269995494e+97
1770,9,587,4.3483296516727141e+97
1773,9,588,5.5636623032335433e+97
1776,9,589,7.1176829077483719e+97
1779,9,590,9.1045025645081383e+97
1782,9,591,1.1644307298125718e+98
1785,9,592,1.4890561682328715e+98
1788,9,593,1.9039196864082545e+98
1791,9,594,2.4340328070581596e+98
1794,9,595,3.1113195980356836e+98
1797,9,596,3.9765216413947871e+98
1800,9,597,5.0816264757807359e+98
1803,9,598,6.4929629494206142e+98
1806,9,599,8.2951461129298755e+98
1809,9,600,1.0596104151214911e+99
1812,9,601,1.3533483303093618e+99
1815,9,602,1.7282807433649781e+99
1818,9,603,2.2067871592339284e+99
1821,9,604,2.8173979464300416e+99
1824,9,605,3.5964800665994032e+99
1827,9,606,4.5903834956666568e+99
1830,9,607,5.8581738840582644e+99
1833,9,608,7.4751111213988036e+99
1836,9,609,9.5370768351176211e+99
1839,9,610,1.2166208960615341e+100
1842,9,611,1.5518071545271824e+100
1845,9,612,1.9790776915653025e+100
1848,9,613,2.5236590357339675e+100
1851,9,614,3.2176691012748131e+100
1854,9,615,4.1019945025515152e+100
1857,9,616,5.2286778485086403e+100
1860,9,617,6.6639531698936525e+100
1863,9,618,8.4921049534639565e+100
1866,9,619,1.0820373633452906e+101
1869,9,620,1.378519052227198e+101
1872,9,621,1.7560101474790375e+101
1875,9,622,2.2365835415451611e+101
1878,9,623,2.848309671916979e+101
1881,9,624,3.6268816301342455e+101
1884,9,625,4.6176793980625391e+101
1887,9,626,5.8783915431985344e+101
1890,9,627,7.4823445042775889e+101
1893,9,628,9.5227299200300873e+101
1896,9,629,1.2117971575444327e+102
1899,9,630,1.5418538345874515e+102
1902,9,631,1.961559166363995e+102
1905,9,632,2.4951960139100922e+102
1908,9,633,3.1736065897301332e+102
1911,9,634,4.0359594354255079e+102
1914,9,635,5.1319910940152206e+102
1917,9,636,6.5248496559430202e+102
1920,9,637,8.2947013386497668e+102
1923,9,638,1.0543304295746201e+103
1926,9,639,1.3399808349015977e+103
1929,9,640,1.7028108339239785e+103
1932,9,641,2.1636166150465795e+103
1935,9,642,2.7487827046871299e+103
1938,9,643,3.4917795930215406e+103
1941,9,644,4.4350616266201125e+103
1944,9,645,5.6324718584638037e+103
1947,9,646,7.1522889077487902e+103
1950,9,647,9.0810867633008734e+103
1953,9,648,1.152862385312593e+104
1956,9,649,1.4634035112243898e+104
1959,9,650,1.857367338486641e+104
1962,9,651,2.3571038307645723e+104
1965,9,652,2.9909346904810091e+104
1968,9,653,3.7947446883741505e+104
1971,9,654,4.813995913563961e+104
1974,9,655,6.1062770427882247e+104
1977,9,656,7.7445293614956765e+104
1980,9,657,9.8211287164863929e+104
1983,9,658,1.2453049894954729e+105
1986,9,659,1.5788399700645784e+105
1989,9,660,2.0014680508826592e+105
1992,9,661,2.5369241457629592e+105
1995,9,662,3.2152494887179287e+105
1998,9,663,4.0744627745708248e+105
2001,9,664,5.1626729742231085e+105
2004,9,665,6.5407502500163714e+105
2007,9,666,8.2857020060730758e+105
2010,9,667,1.0494939744300708e+106
2013,9,668,1.3291671158121622e+106
2016,9,669,1.6831713430019746e+106
2019,9,670,2.1312101342764543e+106
2022,9,671,2.6981961772970569e+106
2025,9,672,3.415624971349002e+106
2028,9,673,4.323309684885085e+106
2031,9,674,5.4715720304989532e+106
2034,9,675,6.9240087125272468e+106
2037,9,676,8.7609842651561001e+106
2040,9,677,1.108404051555789e+107
10,10,0,270
13,10,1,3396
16,10,2,25713
19,10,3,148920
22,10,4,719622
25,10,5,3058596
28,10,6,11767866
31,10,7,41832408
34,10,8,139287648
37,10,9,438967278
40,10,10,1319586690
43,10,11,3807258066
46,10,12,10594367439
49,10,13,28547589264
52,10,14,74735969577
55,10,15,190618287108
58,10,16,474784703055
61,10,17,1157190925572
64,10,18,2764702744875
67,10,19,6484696159224
70,10,20,14952367738263
73,10,21,33933108958487.938
76,10,22,75873052288679.875
79,10,23,167305467321227.5
82,10,24,364131353799232
85,10,25,782820519218489
88,10,26,1663497212110980
91,10,27,3496311135832804
94,10,28,7272347857935152
97,10,29,14977633626876512
100,10,30,30557970728680640
103,10,31,61788942893016448
106,10,32,1.2387377550596838e+17
109,10,33,2.4631706957475994e+17
112,10,34,4.859688593733417e+17
115,10,35,9.5161815703539712e+17
118,10,36,1.8500744325769871e+18
121,10,37,3.571995907758678e+18
124,10,38,6.8508278010143867e+18
127,10,39,1.30554935784699e+19
130,10,40,2.472651051658648e+19
133,10,41,4.6552897602875425e+19
136,10,42,8.7143384960007143e+19
139,10,43,1.6222220041460541e+20
142,10,44,3.0036816890555112e+20
145,10,45,5.5327432410234198e+20
148,10,46,1.0140078349112689e+21
151,10,47,1.8493697270968568e+21
154,10,48,3.3570035516974805e+21
157,10,49,6.0657741928582538e+21
160,10,50,1.091150904855585e+22
163,10,51,1.9543506890830687e+22
166,10,52,3.4857130112912613e+22
169,10,53,6.1915890428617458e+22
172,10,54,1.0954223872712641e+23
175,10,55,1.9305256990150578e+23
178,10,56,3.3894367470701451e+23
181,10,57,5.9289672839979481e+23
184,10,58,1.0334036238572998e+24
187,10,59,1.7948926449965618e+24
190,10,60,3.1068561317041294e+24
193,10,61,5.3598556123049198e+24
196,10,62,9.21654267461349e+24
199,10,63,1.5797864469882069e+25
202,10,64,2.6994499221675511e+25
205,10,65,4.5986322378820542e+25
208,10,66,7.8106547875889157e+25
211,10,67,1.3227548181123657e+26
214,10,68,2.2337326039547096e+26
217,10,69,3.7615666211502412e+26
220,10,70,6.3170888913660681e+26
223,10,71,1.0580347230977227e+27
226,10,72,1.7674241311143824e+27
229,10,73,2.9448420562682095e+27
232,10,74,4.8942403576872642e+27
235,10,75,8.1139368356356956e+27
238,10,76,1.3419035258078726e+28
241,10,77,2.2139813608649906e+28
244,10,78,3.6442541192418944e+28
247,10,79,5.9847196645192825e+28
250,10,80,9.806122361881618e+28
253,10,81,1.6031954455071908e+29
256,10,82,2.615339709637501e+29
259,10,83,4.2573419237984744e+29
262,10,84,6.9156590586840555e+29
265,10,85,1.1210593681163132e+30
268,10,86,1.8135877788049987e+30
271,10,87,2.9280466614572231e+30
274,10,88,4.7180328371547723e+30
277,10,89,7.5875435559630382e+30
280,10,90,1.2179011813161183e+31
283,10,91,1.9512212063710735e+31
286,10,92,3.1203061124021008e+31
289,10,93,4.9807694472116076e+31
292,10,94,7.9362657614391823e+31
295,10,95,1.2623162263867563e+32
298,10,96,2.0043044972903656e+32
301,10,97,3.1769757358249202e+32
304,10,98,5.0272393793554197e+32
307,10,99,7.9418420385947174e+32
310,10,100,1.252561964303398e+33
313,10,101,1.9723024916667372e+33
316,10,102,3.1006585844135779e+33
319,10,103,4.8668734545091387e+33
322,10,104,7.6273060778549603e+33
325,10,105,1.1935110005564102e+34
328,10,106,1.8647675989444292e+34
331,10,107,2.9092077864788623e+34
334,10,108,4.531948968469182e+34
337,10,109,7.0495896317995727e+34
340,10,110,1.0950131815484773e+35
343,10,111,1.6984763001279535e+35
346,10,112,2.6308255106494815e+35
349,10,113,4.06934596344826e+35
352,10,114,6.2858591167142922e+35
355,10,115,9.6965985934391188e+35
358,10,116,1.4938124318635589e+36
361,10,117,2.2982728207443535e+36
364,10,118,3.5313664847159579e+36
367,10,119,5.4190904062364737e+36
370,10,120,8.3053695005418835e+36
373,10,121,1.2712966617550966e+37
376,10,122,1.9435536794117852e+37
379,10,123,2.9676592530367658e+37
382,10,124,4.5259050750512957e+37
385,10,125,6.8940859983403536e+37
388,10,126,1.048898877230303e+38
391,10,127,1.5939765238110983e+38
394,10,128,2.419508747082511e+38
397,10,129,3.6683852702591407e+38
400,10,130,5.5555945623122299e+38
403,10,131,8.4042564451116676e+38
406,10,132,1.2699493146324794e+39
409,10,133,1.916888788768414e+39
412,10,134,2.8902531806971632e+39
415,10,135,4.3531959147746976e+39
418,10,136,6.5496594328424722e+39
421,10,137,9.8440122031692938e+39
424,10,138,1.4779956105319474e+40
427,10,139,2.2167988889364898e+40
430,10,140,3.3215140252264777e+40
433,10,141,4.9717232733375451e+40
436,10,142,7.4343535008796748e+40
439,10,143,1.1105781839509811e+41
442,10,144,1.6574061021508742e+41
445,10,145,2.4710795060821612e+41
448,10,146,3.6806671926293176e+41
451,10,147,5.477122015534983e+41
454,10,148,8.1426963434151386e+41
457,10,149,1.209422042494392e+42
460,10,150,1.7946721896925047e+42
463,10,151,2.6606866763854732e+42
466,10,152,3.9410084009752169e+42
469,10,153,5.8321626523167265e+42
472,10,154,8.6231133566237306e+42
475,10,155,1.2738381990107676e+43
478,10,156,1.8801114550758453e+43
481,10,157,2.7725250167389798e+43
484,10,158,4.0850111475558411e+43
487,10,159,6.0136784905769998e+43
490,10,160,8.8454431426993491e+43
493,10,161,1.2999738268553826e+44
496,10,162,1.9089229146999058e+44
499,10,163,2.8008125422244336e+44
502,10,164,4.1060536113018729e+44
505,10,165,6.014688195951025e+44
508,10,166,8.8034421550288582e+44
511,10,167,1.2874955204532798e+45
514,10,168,1.8814627843165007e+45
517,10,169,2.7472935677982821e+45
520,10,170,4.0084533600962422e+45
523,10,171,5.8440468101393321e+45
526,10,172,8.5136999697946646e+45
529,10,173,1.2393486010266914e+46
532,10,174,1.8027759175423409e+46
535,10,175,2.6203888846375876e+46
538,10,176,3.8059935958530972e+46
541,10,177,5.5239685459594053e+46
544,10,178,8.0115709033115706e+46
547,10,179,1.1611009242104175e+47
550,10,180,1.6815527708563773e+47
553,10,181,2.4335578366264625e+47
556,10,182,3.5193775030598262e+47
559,10,183,5.0861057117062133e+47
562,10,184,7.3451820776399342e+47
565,10,185,1.0600337194599104e+48
568,10,186,1.5287588098444716e+48
571,10,187,2.2032443299871996e+48
574,10,188,3.1731670408475647e+48
577,10,189,4.5670099170629075e+48
580,10,190,6.5687367105570843e+48
583,10,191,9.4415813965298216e+48
586,10,192,1.3561967373676475e+49
589,10,193,1.9467840067685907e+49
592,10,194,2.7927495692134414e+49
595,10,195,4.003753853107456e+49
598,10,196,5.7362210202905582e+49
601,10,197,8.2131445927403432e+49
604,10,198,1.1752224417187593e+50
607,10,199,1.6805816046924885e+50
610,10,200,2.4017618434205591e+50
613,10,201,3.4303066350729284e+50
616,10,202,4.8963274196830454e+50
619,10,203,6.9846441133818418e+50
622,10,204,9.9576356541870751e+50
625,10,205,1.4187571816657168e+51
628,10,206,2.0202334606111567e+51
631,10,207,2.8750038165708498e+51
634,10,208,4.0890308066108451e+51
637,10,209,5.8123147437744011e+51
640,10,210,8.2570767792034551e+51
643,10,211,1.1723401374529017e+52
646,10,212,1.663537874382096e+52
649,10,213,2.3592019388403506e+52
652,10,214,3.3438940078394573e+52
655,10,215,4.7369241819351717e+52
658,10,216,6.7065392562431768e+52
661,10,217,9.4898677704938354e+52
664,10,218,1.3420943013611836e+53
667,10,219,1.8970055274243964e+53
670,10,220,2.6798985159955017e+53
673,10,221,3.7838487371889694e+53
676,10,222,5.33969332190475e+53
679,10,223,7.5312564928584113e+53
682,10,224,1.0616676156496759e+54
685,10,225,1.4958261627456296e+54
688,10,226,2.1064274417268784e+54
691,10,227,2.9647364509596779e+54
694,10,228,4.1706261631015497e+54
697,10,229,5.8639920349740235e+54
700,10,230,8.2406934868211182e+54
703,10,231,1.1574807023506752e+55
706,10,232,1.6249675078270195e+55
709,10,233,2.2801206553393796e+55
712,10,234,3.1978234952069251e+55
715,10,235,4.4826614123864055e+55
718,10,236,6.2806332367126361e+55
721,10,237,8.7954533017591943e+55
724,10,238,1.231123311120985e+56
727,10,239,1.7224024690337517e+56
730,10,240,2.4085667820797145e+56
733,10,241,3.3664712748395632e+56
736,10,242,4.703102983314837e+56
739,10,243,6.5673262898696199e+56
742,10,244,9.1661802660033388e+56
745,10,245,1.2787482144143996e+57
748,10,246,1.7831163170406329e+57
751,10,247,2.4852691317444987e+57
754,10,248,3.4623216695135504e+57
757,10,249,4.8212843584651674e+57
760,10,250,6.7105871701792925e+57
763,10,251,9.3360211502174678e+57
766,10,252,1.2982781189158551e+58
769,10,253,1.8045932169050835e+58
772,10,254,2.5072499552655454e+58
775,10,255,3.4819595271687603e+58
778,10,256,4.8334654283591707e+58
781,10,257,6.706614639407738e+58
784,10,258,9.3016275084874228e+58
787,10,259,1.2895149992127826e+59
790,10,260,1.7869265998474367e+59
793,10,261,2.4751463329730947e+59
796,10,262,3.4269666404683241e+59
799,10,263,4.7427985193502775e+59
802,10,264,6.5610936772867574e+59
805,10,265,9.0726784516373802e+59
808,10,266,1.2540459860419803e+60
811,10,267,1.7326506458351912e+60
814,10,268,2.3929249298867091e+60
817,10,269,3.3034564865099895e+60
820,10,270,4.5585892848431727e+60
823,10,271,6.2880444336899465e+60
826,10,272,8.6701157561339669e+60
829,10,273,1.1949761423340358e+61
832,10,274,1.6463398794023649e+61
835,10,275,2.2672873171811421e+61
838,10,276,3.121197715881181e+61
841,10,277,4.2950133746750887e+61
844,10,278,5.9079543197627177e+61
847,10,279,8.1234394389372754e+61
850,10,280,1.1165387778091889e+62
853,10,281,1.5340501163115109e+62
856,10,282,2.106871164012047e+62
859,10,283,2.8924770276282912e+62
862,10,284,3.9695033499671983e+62
865,10,285,5.4454972427292497e+62
868,10,286,7.4674929451901692e+62
871,10,287,1.0236436463828075e+63
874,10,288,1.4026852990119699e+63
877,10,289,1.9213653100986309e+63
880,10,290,2.6308656011071755e+63
883,10,291,3.6010334706544606e+63
886,10,292,4.9271545690939674e+63
889,10,293,6.7391713223713967e+63
892,10,294,9.2142253993330331e+63
895,10,295,1.2593716927060581e+64
898,10,296,1.7206499020882252e+64
901,10,297,2.3500403375001298e+64
904,10,298,3.2085074662790611e+64
907,10,299,4.3790150657963356e+64
910,10,300,5.9744259068279841e+64
913,10,301,8.1482243148815629e+64
916,10,302,1.110906546141841e+65
919,10,303,1.5140510504418816e+65
922,10,304,2.0627787095783604e+65
925,10,305,2.8094064165099909e+65
928,10,306,3.824960744288694e+65
931,10,307,5.2058367685945855e+65
934,10,308,7.0828154568873349e+65
937,10,309,9.633271064864791e+65
940,10,310,1.3097691696718807e+66
943,10,311,1.7802029771087426e+66
946,10,312,2.4187929998312159e+66
949,10,313,3.2853598274420737e+66
952,10,314,4.4609039760717598e+66
955,10,315,6.0550694605358408e+66
958,10,316,8.2162251274161921e+66
961,10,317,1.1145077623549434e+67
964,10,318,1.5113047436379186e+67
967,10,319,2.0487066846731462e+67
970,10,320,2.776303370029905e+67
973,10,321,3.761092841373536e+67
976,10,322,5.0935641752016046e+67
979,10,323,6.8958959124022249e+67
982,10,324,9.3330026165338881e+67
985,10,325,1.2627414480581235e+68
988,10,326,1.7079313953766793e+68
991,10,327,2.3093508601352987e+68
994,10,328,3.1215730479784267e+68
997,10,329,4.21814723072815e+68
1000,10,330,5.6981670751584013e+68
1003,10,331,7.6951022456223807e+68
1006,10,332,1.0388669642503389e+69
1009,10,333,1.4020785761847502e+69
1012,10,334,1.8916996920888613e+69
1015,10,335,2.551525999874531e+69
1018,10,336,3.4404583681937025e+69
1021,10,337,4.6376893501443959e+69
1024,10,338,6.2496626056509247e+69
1027,10,339,8.4194086064881076e+69
1030,10,340,1.133906442387832e+70
1033,10,341,1.5266658800477643e+70
1036,10,342,2.0548609240237781e+70
1039,10,343,2.7649866423039409e+70
1042,10,344,3.7194294102600921e+70
1045,10,345,5.0018744776432443e+70
1048,10,346,6.7245456157866297e+70
1051,10,347,9.0378948585799989e+70
1054,10,348,1.2143567924883561e+71
1057,10,349,1.6311747903437645e+71
1060,10,350,2.1904349310955399e+71
1063,10,351,2.9406027482222339e+71
1066,10,352,3.9465625396299365e+71
1069,10,353,5.2951556024153616e+71
1072,10,354,7.1025785664790481e+71
1075,10,355,9.524263904931402e+71
1078,10,356,1.276807186004351e+72
1081,10,357,1.7111898881135861e+72
1084,10,358,2.2927174909723613e+72
1087,10,359,3.0710210612466767e+72
1090,10,360,4.112400600148489e+72
1093,10,361,5.5053996982809344e+72
1096,10,362,7.3682366865766983e+72
1099,10,363,9.8587079504330944e+72
1102,10,364,1.3187382395725002e+73
1105,10,365,1.7635176244781837e+73
1108,10,366,2.3576756298134518e+73
1111,10,367,3.1511696567507312e+73
1114,10,368,4.2105946276301953e+73
1117,10,369,5.6247007677024277e+73
1120,10,370,7.5117337595273483e+73
1123,10,371,1.0029196669318805e+74
1126,10,372,1.3386829385577618e+74
1129,10,373,1.7863861703378827e+74
1132,10,374,2.3831941442813739e+74
1135,10,375,3.1785596653240885e+74
1138,10,376,4.2382697474337968e+74
1141,10,377,5.6498186823013813e+74
1144,10,378,7.5295413529907678e+74
1147,10,379,1.0032081120013898e+75
1150,10,380,1.3362953241271017e+75
1153,10,381,1.7795211826895697e+75
1156,10,382,2.3691555247715361e+75
1159,10,383,3.1533637436902129e+75
1162,10,384,4.1960924625153559e+75
1165,10,385,5.5822193597284781e+75
1168,10,386,7.4243767780040177e+75
1171,10,387,9.8719909545527309e+75
1174,10,388,1.3123253419703687e+76
1177,10,389,1.7440971928215546e+76
1180,10,390,2.3173553165339254e+76
1183,10,391,3.0782772075364467e+76
1186,10,392,4.0880514199224378e+76
1189,10,393,5.4277379008380661e+76
1192,10,394,7.2046958083078567e+76
1195,10,395,9.5610823506749841e+76
1198,10,396,1.268508730859341e+77
1201,10,397,1.6825780381000093e+77
1204,10,398,2.2312728639310873e+77
1207,10,399,2.958191064337018e+77
1210,10,400,3.920994041355491e+77
1213,10,401,5.1959255629382214e+77
1216,10,402,6.8837769020407415e+77
1219,10,403,9.1177594220779884e+77
1222,10,404,1.2073892190377267e+78
1225,10,405,1.5984704991940542e+78
1228,10,406,2.1157310846589848e+78
1231,10,407,2.7997235993507488e+78
1234,10,408,3.7039834507379125e+78
1237,10,409,4.8991692360929091e+78
1240,10,410,6.478518532826773e+78
1243,10,411,8.5650353713972999e+78
1246,10,412,1.1320956941897775e+79
1249,10,413,1.4960219563826538e+79
1252,10,414,1.9764870553083361e+79
1255,10,415,2.6106670272864889e+79
1258,10,416,3.4475519548085067e+79
1261,10,417,4.5516860855583559e+79
1264,10,418,6.0080875420705518e+79
1267,10,419,7.9287182551775444e+79
1270,10,420,1.0460990774169128e+80
1273,10,421,1.3798950809269001e+80
1276,10,422,1.8197973989966242e+80
1279,10,423,2.3994077099054189e+80
1282,10,424,3.1629287243263589e+80
1285,10,425,4.1684962281433823e+80
1288,10,426,5.4925545374977475e+80
1291,10,427,7.2356008967353009e+80
1294,10,428,9.5297255372091041e+80
1297,10,429,1.2548506639863732e+81
1300,10,430,1.6519992977012292e+81
1303,10,431,2.174373419129775e+81
1306,10,432,2.8613116029679756e+81
1309,10,433,3.7644646985629597e+81
1312,10,434,4.9516351937245494e+81
1315,10,435,6.5118094372353079e+81
1318,10,436,8.5617519823551648e+81
1321,10,437,1.1254645208491773e+82
1324,10,438,1.4791406276238831e+82
1327,10,439,1.9435508090381338e+82
1330,10,440,2.5532385276458709e+82
1333,10,441,3.3534838472114211e+82
1336,10,442,4.4036284311080126e+82
1339,10,443,5.7814265398448894e+82
1342,10,444,7.5887374850419407e+82
1345,10,445,9.9589716422776636e+82
1348,10,446,1.3066828273633134e+83
1351,10,447,1.7141028037216624e+83
1354,10,448,2.2480957860589126e+83
1357,10,449,2.9478426065556151e+83
1360,10,450,3.8646091101321206e+83
1363,10,451,5.0654603822001681e+83
1366,10,452,6.6381124595196057e+83
1369,10,453,8.6972686470711259e+83
1372,10,454,1.1392893121834176e+84
1375,10,455,1.4921012049178275e+84
1378,10,456,1.9537811628740765e+84
1381,10,457,2.557803588981594e+84
1384,10,458,3.3478991015385064e+84
1387,10,459,4.3811858744569591e+84
1390,10,460,5.7322536618883895e+84
1393,10,461,7.4984893426014479e+84
1396,10,462,9.807020084563714e+84
1399,10,463,1.2823763769432293e+85
1402,10,464,1.6765224013383039e+85
1405,10,465,2.1913859215697522e+85
1408,10,466,2.8638104860202349e+85
1411,10,467,3.7418453058985236e+85
1414,10,468,4.888141548498072e+85
1417,10,469,6.3843744500772114e+85
1420,10,470,8.3370000228767934e+85
1423,10,471,1.0884747754888299e+86
1426,10,472,1.4208371014910492e+86
1429,10,473,1.8543333129341755e+86
1432,10,474,2.419630999042007e+86
1435,10,475,3.156665346228837e+86
1438,10,476,4.1174301759072904e+86
1441,10,477,5.3696066693569018e+86
1444,10,478,7.0012803454443392e+86
1447,10,479,9.127071552180195e+86
1450,10,480,1.1896101620214477e+87
1453,10,481,1.550234247718811e+87
1456,10,482,2.0198060446415225e+87
1459,10,483,2.6311276172290679e+87
1462,10,484,3.4268436396159606e+87
1465,10,485,4.4623848117795037e+87
1468,10,486,5.8097885424740305e+87
1471,10,487,7.562657488122497e+87
1474,10,488,9.8425936863572336e+87
1477,10,489,1.280754593698257e+88
1480,10,490,1.6662637457603811e+88
1483,10,491,2.1674208333142357e+88
1486,10,492,2.8188024082164815e+88
1489,10,493,3.665288224840944e+88
1492,10,494,4.765121199528102e+88
1495,10,495,6.1938731403447098e+88
1498,10,496,8.0495834773250082e+88
1501,10,497,1.0459416805540037e+89
1504,10,498,1.3588286668000357e+89
1507,10,499,1.7650024381033074e+89
1510,10,500,2.292184153026232e+89
1513,10,501,2.9763054256273607e+89
1516,10,502,3.8639321083495455e+89
1519,10,503,5.0154012509317504e+89
1522,10,504,6.5088803969759534e+89
1525,10,505,8.4456195242115509e+89
1528,10,506,1.095674489524382e+90
1531,10,507,1.4212046037834396e+90
1534,10,508,1.8431338690260111e+90
1537,10,509,2.3899156431426651e+90
1540,10,510,3.0983742958621394e+90
1543,10,511,4.0161599872075673e+90
1546,10,512,5.2049209796979725e+90
1549,10,513,6.7444025457027486e+90
1552,10,514,8.7377422486057264e+90
1555,10,515,1.131830967157577e+91
1558,10,516,1.4658539613129121e+91
1561,10,517,1.8981337896540315e+91
1564,10,518,2.4574806659908578e+91
1567,10,519,3.1811252130242796e+91
1570,10,520,4.1171716372651501e+91
1573,10,521,5.3277633272083839e+91
1576,10,522,6.8931671122599317e+91
1579,10,523,8.917041934242451e+91
1582,10,524,1.1533234318061911e+92
1585,10,525,1.4914541692187734e+92
1588,10,526,1.9284011616329127e+92
1591,10,527,2.4929508439256156e+92
1594,10,528,3.2222489266546924e+92
1597,10,529,4.1642201777415577e+92
1600,10,530,5.3806864622493074e+92
1603,10,531,6.9513839001926936e+92
1606,10,532,8.9791376012845003e+92
1609,10,533,1.159652650014915e+93
1612,10,534,1.4974466038552614e+93
1615,10,535,1.9333258848269081e+93
1618,10,536,2.4956820915671302e+93
1621,10,537,3.2210992888637997e+93
1624,10,538,4.1567105965553778e+93
1627,10,539,5.3632305542644231e+93
1630,10,540,6.9188564484262305e+93
1633,10,541,8.9242868447278115e+93
1636,10,542,1.1509176268480721e+94
1639,10,543,1.4840435748372993e+94
1642,10,544,1.9132905467273526e+94
1645,10,545,2.4663075332713812e+94
1648,10,546,3.1786721230063269e+94
1651,10,547,4.0961571023980194e+94
1654,10,548,5.2776430374421002e+94
1657,10,549,6.7988603793967583e+94
1660,10,550,8.7571966285433522e+94
1663,10,551,1.1277870764006597e+95
1666,10,552,1.4521862638448884e+95
1669,10,553,1.8696094638220939e+95
1672,10,554,2.4066503402547249e+95
1675,10,555,3.0974819458689383e+95
1678,10,556,3.9860103377923011e+95
1681,10,557,5.1286382709159239e+95
1684,10,558,6.5978112711120673e+95
1687,10,559,8.4865669066559709e+95
1690,10,560,1.0914370212982595e+96
1693,10,561,1.4034597794944316e+96
1696,10,562,1.8044135008633693e+96
1699,10,563,2.3195681047426682e+96
1702,10,564,2.9813523698236795e+96
1705,10,565,3.8313759188947206e+96
1708,10,566,4.9230205950257454e+96
1711,10,567,6.3247610921503483e+96
1714,10,568,8.1244194531319865e+96
1717,10,569,1.0434615288075687e+97
1720,10,570,1.3399746770985524e+97
1723,10,571,1.7204931083035008e+97
1726,10,572,2.2087452657860626e+97
1729,10,573,2.8351420589866025e+97
1732,10,574,3.6386532139564967e+97
1735,10,575,4.6692089218441137e+97
1738,10,576,5.9907734132876245e+97
1741,10,577,7.6852778952275589e+97
1744,10,578,9.8576524197857466e+97
1747,10,579,1.2642262845581941e+98
1750,10,580,1.6211144098377316e+98
1753,10,581,2.0784529540255375e+98
1756,10,582,2.664431491983133e+98
1759,10,583,3.4151272397735231e+98
1762,10,584,4.376705610148187e+98
1765,10,585,5.6082329051454124e+98
1768,10,586,7.1852709315820508e+98
1771,10,587,9.2044702812770885e+98
1774,10,588,1.178943892332947e+99
1777,10,589,1.5098239170107979e+99
1780,10,590,1.9332963539745959e+99
1783,10,591,2.4751964324818701e+99
1786,10,592,3.1685470153621915e+99
1789,10,593,4.0555524872585945e+99
1792,10,594,5.1901441633146812e+99
1795,10,595,6.6412293333988677e+99
1798,10,596,8.4968378922169013e+99
1801,10,597,1.0869413812800049e+100
1804,10,598,1.3902566638886417e+100
1807,10,599,1.7779684691445047e+100
1810,10,600,2.2734921888961526e+100
1813,10,601,2.9067210432804556e+100
1816,10,602,3.71581303337278e+100
1819,10,603,4.7494694314299074e+100
1822,10,604,6.0698396320845629e+100
1825,10,605,7.7562240635146936e+100
1828,10,606,9.9097937913983777e+100
1831,10,607,1.2659605174418931e+101
1834,10,608,1.6170263927016619e+101
1837,10,609,2.0651689631777716e+101
1840,10,610,2.6371554737253524e+101
1843,10,611,3.3671128516278137e+101
1846,10,612,4.298545541212463e+101
1849,10,613,5.4869050187939548e+101
1852,10,614,7.0028613953604307e+101
1855,10,615,8.9364684061330814e+101
1858,10,616,1.1402465064077333e+102
1861,10,617,1.4547023316330404e+102
1864,10,618,1.8556334993462288e+102
1867,10,619,2.3667538012296122e+102
1870,10,620,3.01826173162308e+102
1873,10,621,3.8486088193555695e+102
1876,10,622,4.9067488281191252e+102
1879,10,623,6.2549982267115933e+102
1882,10,624,7.9726735947937535e+102
1885,10,625,1.0160716404330165e+103
1888,10,626,1.2947572459120039e+103
1891,10,627,1.6496665429205371e+103
1894,10,628,2.1015895495102986e+103
1897,10,629,2.6769710336305941e+103
1900,10,630,3.4094443167517524e+103
1903,10,631,4.3417799628798852e+103
1906,10,632,5.5283612690026589e+103
1909,10,633,7.0383285801683148e+103
1912,10,634,8.9595726362978296e+103
1915,10,635,1.1403805580291551e+104
1918,10,636,1.4512999655075643e+104
1921,10,637,1.8467561458679157e+104
1924,10,638,2.3496708304311009e+104
1927,10,639,2.9891638306094151e+104
1930,10,640,3.8022244327337078e+104
1933,10,641,4.8358322797358767e+104
1936,10,642,6.1496482920994633e+104
1939,10,643,7.8194284247690013e+104
1942,10,644,9.9413539031291177e+104
1945,10,645,1.2637523316634566e+105
1948,10,646,1.6062917469594204e+105
1951,10,647,2.0414230857774989e+105
1954,10,648,2.5941068691183425e+105
1957,10,649,3.2960141378876699e+105
1960,10,650,4.1873256745216282e+105
1963,10,651,5.3190123331181817e+105
1966,10,652,6.7557247807526438e+105
1969,10,653,8.5794550769180086e+105
1972,10,654,1.0894175694397971e+106
1975,10,655,1.3831716207790982e+106
1978,10,656,1.7559206971765113e+106
1981,10,657,2.2288506505231552e+106
1984,10,658,2.8288139821951316e+106
1987,10,659,3.5898414709284238e+106
1990,10,660,4.555055966780959e+106
1993,10,661,5.7790950628540494e+106
1996,10,662,7.3311775965769227e+106
1999,10,663,9.298984626594896e+106
2002,10,664,1.1793570640995725e+107
2005,10,665,1.4955577756321352e+107
2008,10,666,1.8963097691146208e+107
2011,10,667,2.4041617290815226e+107
2014,10,668,3.0476598324755767e+107
2017,10,669,3.8629387461422867e+107
2020,10,670,4.8957335683362609e+107
2023,10,671,6.2039237948547112e+107
2026,10,672,7.8607496261031834e+107
2029,10,673,9.958877841821759e+107
2032,10,674,1.2615541064572563e+108
2035,10,675,1.5979033045938186e+108
2038,10,676,2.0236916835484646e+108
11,11,0,438
14,11,1,6009
17,11,2,48300
20,11,3,293652
23,11,4,1485810
26,11,5,6581301
29,11,6,26315814
32,11,7,96942537
35,11,8,333771702
38,11,9,1085471202
41,11,10,3361471026
44,11,11,9975429642
47,11,12,28512011736
50,11,13,78816113628
53,11,14,211437639528
56,11,15,552051999327
59,11,16,1406274331782
62,11,17,3502381937538
65,11,18,8543757023124
68,11,19,20446269528294
71,11,20,48068816949900.062
74,11,21,111155582433318
77,11,22,253100373980596.5
80,11,23,568031904996104
83,11,24,1257629324338906
86,11,25,2749013009353236
89,11,26,5936862313431704
92,11,27,12675839587603248
95,11,28,26772860346720864
98,11,29,55969045961683456
101,11,30,1.1586534431865805e+17
104,11,31,2.3763582923074918e+17
107,11,32,4.8306748506584986e+17
110,11,33,9.7367101127817216e+17
113,11,34,1.9466320430227415e+18
116,11,35,3.8616256557383598e+18
119,11,36,7.6034122253169459e+18
122,11,37,1.4863709141996012e+19
125,11,38,2.8856660354574778e+19
128,11,39,5.5651576620142166e+19
131,11,40,1.0664163874966209e+20
134,11,41,2.0309214830880778e+20
137,11,42,3.8447638722987006e+20
140,11,43,7.2367622178082075e+20
143,11,44,1.3545653674227039e+21
146,11,45,2.5218256398699201e+21
149,11,46,4.670503982060022e+21
152,11,47,8.6062967850836112e+21
155,11,48,1.578117847371393e+22
158,11,49,2.8800258307166094e+22
161,11,50,5.2317543144703213e+22
164,11,51,9.4612726420854102e+22
167,11,52,1.7035605006812549e+23
170,11,53,3.0543819157093883e+23
173,11,54,5.4537659577828339e+23
176,11,55,9.6989430324091435e+23
179,11,56,1.7181155109114201e+24
182,11,57,3.0319613898243305e+24
185,11,58,5.3306455365011073e+24
188,11,59,9.3381427453242573e+24
191,11,60,1.6300610655552885e+25
194,11,61,2.8356097165468693e+25
197,11,62,4.9161298865264328e+25
200,11,63,8.4950956110253365e+25
203,11,64,1.463233513294791e+26
206,11,65,2.5124107153701238e+26
209,11,66,4.3006022641789675e+26
212,11,67,7.3393647979590127e+26
215,11,68,1.248837929713763e+27
218,11,69,2.1188438765528748e+27
221,11,70,3.5847842056760648e+27
224,11,71,6.0481599822381971e+27
227,11,72,1.0176627274074259e+28
230,11,73,1.7077651499302535e+28
233,11,74,2.8583714221253017e+28
236,11,75,4.7719647292865344e+28
239,11,76,7.9466656891436346e+28
242,11,77,1.3200860529115259e+29
245,11,78,2.1876049903421742e+29
248,11,79,3.6166301161182076e+29
251,11,80,5.9652188494804891e+29
254,11,81,9.8164344935110009e+29
257,11,82,1.6117724664108658e+30
260,11,83,2.6405427663054098e+30
263,11,84,4.316568526480864e+30
266,11,85,7.0413511817758278e+30
269,11,86,1.146201079767743e+31
272,11,87,1.8619505261228499e+31
275,11,88,3.018510054781619e+31
278,11,89,4.8836949254797207e+31
281,11,90,7.8858714041366016e+31
284,11,91,1.2708947862827941e+32
287,11,92,2.0442846451286412e+32
290,11,93,3.2821450239634288e+32
293,11,94,5.2598242641050594e+32
296,11,95,8.4138328911993241e+32
299,11,96,1.3434995123766364e+33
302,11,97,2.1414780634518069e+33
305,11,98,3.4074810287685928e+33
308,11,99,5.4126244854662095e+33
311,11,100,8.5831687224233983e+33
314,11,101,1.3588236842559038e+34
317,11,102,2.1476545562083676e+34
320,11,103,3.3889215932537641e+34
323,11,104,5.3390509573307395e+34
326,11,105,8.3981091222049099e+34
329,11,106,1.3189340960050219e+35
332,11,107,2.0682252295588859e+35
335,11,108,3.2382810348416164e+35
338,11,109,5.0626957107592826e+35
341,11,110,7.9032936986152319e+35
344,11,111,1.2319743365770027e+36
347,11,112,1.917655102958742e+36
350,11,113,2.9807291869749283e+36
353,11,114,4.6266370471883765e+36
356,11,115,7.1714467732896754e+36
359,11,116,1.1100791653608715e+37
362,11,117,1.7159877339729253e+37
365,11,118,2.6490767618765824e+37
368,11,119,4.0841527627861495e+37
371,11,120,6.2884451509835325e+37
374,11,121,9.6699693187699065e+37
377,11,122,1.4850940429435765e+38
380,11,123,2.2779083592428223e+38
383,11,124,3.4896208088047803e+38
386,11,125,5.3393214366949977e+38
389,11,126,8.1595415402685329e+38
392,11,127,1.2454411662354878e+39
395,11,128,1.8987344778357103e+39
398,11,129,2.8913089499586314e+39
401,11,130,4.3976390918647884e+39
404,11,131,6.681053662288739e+39
407,11,132,1.0138553494439528e+40
410,11,133,1.5368021750008119e+40
413,11,134,2.3268910183753331e+40
416,11,135,3.5192920472694441e+40
419,11,136,5.3169276460295313e+40
422,11,137,8.0241173269196027e+40
425,11,138,1.2096777173380303e+41
428,11,139,1.8217245490831537e+41
431,11,140,2.7405706717706685e+41
434,11,141,4.1185954090420261e+41
437,11,142,6.1831754939571548e+41
440,11,143,9.2732665115948184e+41
443,11,144,1.389366973967054e+42
446,11,145,2.079545964043804e+42
449,11,146,3.1095073667650965e+42
452,11,147,4.6450488967906381e+42
455,11,148,6.9321615708575128e+42
458,11,149,1.0335482009774135e+43
461,11,150,1.5395024623720443e+43
464,11,151,2.2909810219047788e+43
467,11,152,3.4061035119158756e+43
470,11,153,5.0593319425348857e+43
473,11,154,7.5081192910114705e+43
476,11,155,1.1132057202628623e+44
479,11,156,1.6490336993572955e+44
482,11,157,2.4406020668003799e+44
485,11,158,3.6089528846971302e+44
488,11,159,5.3319447715016594e+44
491,11,160,7.8707045722963814e+44
494,11,161,1.1608294447719639e+45
497,11,162,1.7106190380246122e+45
500,11,163,2.5186711394521952e+45
503,11,164,3.7053228927478614e+45
506,11,165,5.4465335897732234e+45
509,11,166,7.9993906078807648e+45
512,11,167,1.173921955643636e+46
515,11,168,1.7213537112912758e+46
518,11,169,2.5220431660373874e+46
521,11,170,3.6922346670934143e+46
524,11,171,5.4011135079111659e+46
527,11,172,7.8947311477404793e+46
530,11,173,1.1530660383724952e+47
533,11,174,1.6828156319461786e+47
536,11,175,2.4540708793408327e+47
539,11,176,3.5760906906419175e+47
542,11,177,5.2071899129498863e+47
545,11,178,7.576599991168458e+47
548,11,179,1.1015999115780304e+48
551,11,180,1.60049574965205e+48
554,11,181,2.3236394001841551e+48
557,11,182,3.3710791839628603e+48
560,11,183,4.8871717307967625e+48
563,11,184,7.0800617790423774e+48
566,11,185,1.0249664296246947e+49
569,11,186,1.4827833379154009e+49
572,11,187,2.1435987729551941e+49
575,11,188,3.0967725187435803e+49
578,11,189,4.4707186223055149e+49
581,11,190,6.4498526927903842e+49
584,11,191,9.2988416154835522e+49
587,11,192,1.3397280280487609e+50
590,11,193,1.9289247661777978e+50
593,11,194,2.7754082650734914e+50
596,11,195,3.9907403316795198e+50
599,11,196,5.7345204388781573e+50
602,11,197,8.2349277601957609e+50
605,11,198,1.1817987429397601e+51
608,11,199,1.694924111468643e+51
611,11,200,2.4293043925139567e+51
614,11,201,3.4796893350821677e+51
617,11,202,4.9811286715829643e+51
620,11,203,7.125997582307249e+51
623,11,204,1.0188166888425536e+52
626,11,205,1.4557296422879886e+52
629,11,206,2.078746352308025e+52
632,11,207,2.9666079601564698e+52
635,11,208,4.2311503751387813e+52
638,11,209,6.0311225073122328e+52
641,11,210,8.5917364894488199e+52
644,11,211,1.2232312225274483e+53
647,11,212,1.740534595536467e+53
650,11,213,2.4751693490956917e+53
653,11,214,3.5178472472361727e+53
656,11,215,4.9968977549273167e+53
659,11,216,7.0937680316092265e+53
662,11,217,1.0064868987106567e+54
665,11,218,1.4272349263962316e+54
668,11,219,2.0227422867433905e+54
671,11,220,2.8651339441945848e+54
674,11,221,4.0561136377626761e+54
677,11,222,5.7390182984660479e+54
680,11,223,8.1157545556078894e+54
683,11,224,1.1470582411882447e+55
686,11,225,1.6203497291738151e+55
689,11,226,2.2877060371261517e+55
692,11,227,3.228206192099741e+55
695,11,228,4.552954541081357e+55
698,11,229,6.4179710903104849e+55
701,11,230,9.0422388166577957e+55
704,11,231,1.2732958666458473e+56
707,11,232,1.7920873575860492e+56
710,11,233,2.5209651994264132e+56
713,11,234,3.5444893497358441e+56
716,11,235,4.9810506891515011e+56
719,11,236,6.9963254468952945e+56
722,11,237,9.8220487309946548e+56
725,11,238,1.3782197679930493e+57
728,11,239,1.9329491579050737e+57
731,11,240,2.7096250424030776e+57
734,11,241,3.7965227422632826e+57
737,11,242,5.3168214431469384e+57
740,11,243,7.4423246991023291e+57
743,11,244,1.0412543195547296e+58
746,11,245,1.4561223425715102e+58
749,11,246,2.0353210982805787e+58
752,11,247,2.8435651500855149e+58
755,11,248,3.9709074042939445e+58
758,11,249,5.5426033974572085e+58
761,11,250,7.7327939952996027e+58
764,11,251,1.0783476266254755e+59
767,11,252,1.5030794863502071e+59
770,11,253,2.0941462956784098e+59
773,11,254,2.9163193658147974e+59
776,11,255,4.0594501561004075e+59
779,11,256,5.6481272977545716e+59
782,11,257,7.8550313859156786e+59
785,11,258,1.0919395649803776e+60
788,11,259,1.5172513885366272e+60
791,11,260,2.1072971172278413e+60
794,11,261,2.9255283146163689e+60
797,11,262,4.0597019245924953e+60
800,11,263,5.6311396124622639e+60
803,11,264,7.8074953676641383e+60
806,11,265,1.0820353438546737e+61
809,11,266,1.4989474216084452e+61
812,11,267,2.0756185985263305e+61
815,11,268,2.8729354039057438e+61
818,11,269,3.9748639296980127e+61
821,11,270,5.4971514638697038e+61
824,11,271,7.5992914222966813e+61
827,11,272,1.050096891803648e+62
830,11,273,1.4504656038368191e+62
833,11,274,2.0026644386967225e+62
836,11,275,2.7639648928650408e+62
839,11,276,3.813127526002464e+62
842,11,277,5.2584226236464536e+62
845,11,278,7.2486289111777264e+62
848,11,279,9.9881103335296192e+62
851,11,280,1.375747514100287e+63
854,11,281,1.8941873530220961e+63
857,11,282,2.606974363501454e+63
860,11,283,3.5865843953168562e+63
863,11,284,4.9323812998718398e+63
866,11,285,6.7805409726282972e+63
869,11,286,9.3176195620960425e+63
872,11,287,1.2799097224812291e+64
875,11,288,1.7574712770690237e+64
878,11,289,2.4123063552698194e+64
881,11,290,3.3098842005895622e+64
884,11,291,4.5397300890975011e+64
887,11,292,6.2242199703182829e+64
890,11,293,8.5305742516587321e+64
893,11,294,1.1687208663010105e+65
896,11,295,1.6006017185418134e+65
899,11,296,2.1912728542958554e+65
902,11,297,2.9988247048143349e+65
905,11,298,4.1024932885224783e+65
908,11,299,5.6103194043223479e+65
911,11,300,7.6695684536066249e+65
914,11,301,1.0480901057146249e+66
917,11,302,1.4317638057550549e+66
920,11,303,1.9551942463889818e+66
923,11,304,2.6690389782817891e+66
926,11,305,3.6422276984859152e+66
929,11,306,4.9685210152961066e+66
932,11,307,6.7754121183416705e+66
935,11,308,9.2362042686777551e+66
938,11,309,1.2586391718186865e+67
941,11,310,1.7145870135075021e+67
944,11,311,2.3349041222127453e+67
947,11,312,3.1785604024982087e+67
950,11,313,4.3255808587680421e+67
953,11,314,5.8845275294840361e+67
956,11,315,8.0026275606172692e+67
959,11,316,1.0879478882527685e+68
962,11,317,1.4785591306758901e+68
965,11,318,2.0087461022978988e+68
968,11,319,2.7281469959068315e+68
971,11,320,3.7039701427402981e+68
974,11,321,5.0271841423171762e+68
977,11,322,6.8208787021164426e+68
980,11,323,9.2515538800950323e+68
983,11,324,1.2544358683691341e+69
986,11,325,1.7003654292295911e+69
989,11,326,2.3040753885033338e+69
992,11,327,3.1211332265282622e+69
995,11,328,4.226586068296606e+69
998,11,329,5.7217581290291759e+69
1001,11,330,7.7434093253989241e+69
1004,11,331,1.0476071512104765e+70
1007,11,332,1.4168659852350507e+70
1010,11,333,1.9156834191816489e+70
1013,11,334,2.5893091835961498e+70
1016,11,335,3.4987252848924913e+70
1019,11,336,4.7260910850110195e+70
1022,11,337,6.3820645213115742e+70
1025,11,338,8.6156430219979872e+70
1028,11,339,1.1627387446814377e+71
1031,11,340,1.5687186879354318e+71
1034,11,341,2.1158116610137511e+71
1037,11,342,2.852846999703857e+71
1040,11,343,3.8454752276265296e+71
1043,11,344,5.1819371228348046e+71
1046,11,345,6.9808026578465734e+71
1049,11,346,9.4013494906305942e+71
1052,11,347,1.2657477356355172e+72
1055,11,348,1.703635777385282e+72
1058,11,349,2.2923423571124855e+72
1061,11,350,3.0835844049995758e+72
1064,11,351,4.146735476643642e+72
1067,11,352,5.5748276720942069e+72
1070,11,353,7.4925849316061903e+72
1073,11,354,1.0067172279980386e+73
1076,11,355,1.3522575304796877e+73
1079,11,356,1.8158830621318258e+73
1082,11,357,2.4377736836061854e+73
1085,11,358,3.2717220570425789e+73
1088,11,359,4.3897258695666422e+73
1091,11,360,5.88812262743333e+73
1094,11,361,7.8957829898875744e+73
1097,11,362,1.0585050469514342e+74
1100,11,363,1.4186344185530359e+74
1103,11,364,1.9007646046001298e+74
1106,11,365,2.5460499275142452e+74
1109,11,366,3.4094684834900437e+74
1112,11,367,4.5644460171294812e+74
1115,11,368,6.1090199478241885e+74
1118,11,369,8.1740544159423539e+74
1121,11,370,1.0934185969793645e+75
1124,11,371,1.4622403780987414e+75
1127,11,372,1.9549466243670727e+75
1130,11,373,2.6129751603182025e+75
1133,11,374,3.4915665856231878e+75
1136,11,375,4.6643428966280103e+75
1139,11,376,6.2293986636566383e+75
1142,11,377,8.3174023930617482e+75
1145,11,378,1.1102368755481249e+76
1148,11,379,1.4815978622878265e+76
1151,11,380,1.9766610621041454e+76
1154,11,381,2.6364628062429023e+76
1157,11,382,3.5155968972268793e+76
1160,11,383,4.6866754540537999e+76
1163,11,384,6.2462515744990822e+76
1166,11,385,8.3226809210814927e+76
1169,11,386,1.1086554430646554e+77
1172,11,387,1.4764539656216179e+77
1175,11,388,1.965773996744326e+77
1178,11,389,2.6166040358563199e+77
1181,11,390,3.4820384201950609e+77
1184,11,391,4.632555426313618e+77
1187,11,392,6.1616862937545167e+77
1190,11,393,8.1935256024235304e+77
1193,11,394,1.0892678725856692e+78
1196,11,395,1.4477434054074701e+78
1199,11,396,1.923720127150871e+78
1202,11,397,2.5555591889990554e+78
1205,11,398,3.3940960451282284e+78
1208,11,399,4.5066808571303421e+78
1211,11,400,5.9825224428630504e+78
1214,11,401,7.9397546864864566e+78
1217,11,402,1.0534778429724708e+79
1220,11,403,1.3974608730480087e+79
1223,11,404,1.8533190588145133e+79
1226,11,405,2.4572953677002017e+79
1229,11,406,3.2573281836745914e+79
1232,11,407,4.3168107010988728e+79
1235,11,408,5.7195540744957836e+79
1238,11,409,7.5763382840467226e+79
1241,11,410,1.0033556678879986e+80
1244,11,411,1.3284620780878475e+80
1247,11,412,1.7585003348405445e+80
1250,11,413,2.3272075915674646e+80
1253,11,414,3.079126306597833e+80
1256,11,415,4.073051718519129e+80
1259,11,416,5.3865750650424628e+80
1262,11,417,7.1220694964237529e+80
1265,11,418,9.4145750772851274e+80
1268,11,419,1.2442183106631854e+81
1271,11,420,1.6439708983296464e+81
1274,11,421,2.1716691129017588e+81
1277,11,422,2.8681079584411886e+81
1280,11,423,3.7870406111287471e+81
1283,11,424,4.9992789828635943e+81
1286,11,425,6.5980870337296119e+81
1289,11,426,8.7062728681999845e+81
1292,11,427,1.1485512706982278e+82
1295,11,428,1.5148606495465916e+82
1298,11,429,1.9975583495481791e+82
1301,11,430,2.6334862821208051e+82
1304,11,431,3.4711049618128688e+82
1307,11,432,4.5741440056772352e+82
1310,11,433,6.0263953656772318e+82
1313,11,434,7.9380056951263831e+82
1316,11,435,1.0453734999764809e+83
1319,11,436,1.3763793763226343e+83
1322,11,437,1.8118060643439227e+83
1325,11,438,2.3844731440342722e+83
1328,11,439,3.1374775413268111e+83
1331,11,440,4.127400080195118e+83
1334,11,441,5.4285088446153231e+83
1337,11,442,7.1382681027687894e+83
1340,11,443,9.3845568341887988e+83
1343,11,444,1.2335125491461089e+84
1346,11,445,1.620998250069905e+84
1349,11,446,2.1297614879146725e+84
1352,11,447,2.7976225520552199e+84
1355,11,448,3.6741533127246531e+84
1358,11,449,4.8243155489272053e+84
1361,11,450,6.3332216787725643e+84
1364,11,451,8.3123629116096937e+84
1367,11,452,1.0907755521778598e+85
1370,11,453,1.4310593879522776e+85
1373,11,454,1.8771178876816601e+85
1376,11,455,2.4617125237937315e+85
1379,11,456,3.2277157561294938e+85
1382,11,457,4.2312204496366537e+85
1385,11,458,5.5456021470106454e+85
1388,11,459,7.2668251632565226e+85
1391,11,460,9.5203720083996323e+85
1394,11,461,1.2470291032095104e+86
1397,11,462,1.633100753193875e+86
1400,11,463,2.1382739432796077e+86
1403,11,464,2.7991613758312007e+86
1406,11,465,3.6635912340573675e+86
1409,11,466,4.7940307775050678e+86
1412,11,467,6.2720513723955024e+86
1415,11,468,8.204150656110882e+86
1418,11,469,1.0729342905473983e+87
1421,11,470,1.402905276033784e+87
1424,11,471,1.8340008862203525e+87
1427,11,472,2.3971043890772734e+87
1430,11,473,3.1324980453960514e+87
1433,11,474,4.0927137179479548e+87
1436,11,475,5.3462450670588467e+87
1439,11,476,6.9823808528555927e+87
1442,11,477,9.1174967688077999e+87
1445,11,478,1.1903244441815502e+88
1448,11,479,1.5537207700412244e+88
1451,11,480,2.0276766947860342e+88
1454,11,481,2.6457134172363153e+88
1457,11,482,3.4514808939673666e+88
1460,11,483,4.5018079299147173e+88
1463,11,484,5.8706676365767609e+88
1466,11,485,7.6543320435496709e+88
1469,11,486,9.978071263266186e+88
1472,11,487,1.3004858470101988e+89
1475,11,488,1.6946679243668929e+89
1478,11,489,2.2079221840637941e+89
1481,11,490,2.8760955740866869e+89
1484,11,491,3.7457904951837442e+89
1487,11,492,4.8775810228853811e+89
1490,11,493,6.3501876696858465e+89
1493,11,494,8.2658954137083572e+89
1496,11,495,1.0757584015655424e+90
1499,11,496,1.3997848815394673e+90
1502,11,497,1.8210831558520928e+90
1505,11,498,2.3687563813029682e+90
1508,11,499,3.0805862426788931e+90
1511,11,500,4.0056123061941201e+90
1514,11,501,5.207475455769828e+90
1517,11,502,6.7687510130533491e+90
1520,11,503,8.7965635344014209e+90
1523,11,504,1.1429861145324706e+91
1526,11,505,1.4848838309505598e+91
1529,11,506,1.9287139488279063e+91
1532,11,507,2.5047661723811548e+91
1535,11,508,3.252301403186779e+91
1538,11,509,4.2222001442422792e+91
1541,11,510,5.480390199862838e+91
1544,11,511,7.1122822368691811e+91
1547,11,512,9.2285085936955079e+91
1550,11,513,1.197234701786541e+92
1553,11,514,1.5529322434514681e+92
1556,11,515,2.0139623694103446e+92
1559,11,516,2.611415791998266e+92
1562,11,517,3.3855304700766502e+92
1565,11,518,4.3883741574376187e+92
1568,11,519,5.6873111169890065e+92
1571,11,520,7.3694814958816181e+92
1574,11,521,9.5475882250129753e+92
1577,11,522,1.2367371890573441e+93
1580,11,523,1.6017264371986382e+93
1583,11,524,2.0740854290956207e+93
1586,11,525,2.6852980666631229e+93
1589,11,526,3.4760507457706953e+93
1592,11,527,4.4989136131651907e+93
1595,11,528,5.8218005638375244e+93
1598,11,529,7.532433441128435e+93
1601,11,530,9.744100972897565e+93
1604,11,531,1.2603086769492059e+94
1607,11,532,1.6298248592580081e+94
1610,11,533,2.1073369982927582e+94
1613,11,534,2.7243084087563204e+94
1616,11,535,3.5213399564224773e+94
1619,11,536,4.5508154433564909e+94
1622,11,537,5.8803104546625047e+94
1625,11,538,7.5969843161019955e+94
1628,11,539,9.8132378092373503e+94
1631,11,540,1.2674000300542104e+95
1634,11,541,1.6366114097153339e+95
1637,11,542,2.1130417738073479e+95
1640,11,543,2.7277302031205842e+95
1643,11,544,3.5206733821563953e+95
1646,11,545,4.5434026674224286e+95
1649,11,546,5.8623002780707135e+95
1652,11,547,7.5628659423311099e+95
1655,11,548,9.7552055735078696e+95
1658,11,549,1.2581090908477753e+96
1661,11,550,1.6223038369814321e+96
1664,11,551,2.0915982930152271e+96
1667,11,552,2.696228643860156e+96
1670,11,553,3.4751029941598534e+96
1673,11,554,4.4782809099454273e+96
1676,11,555,5.7701597668690183e+96
1679,11,556,7.4335687716545914e+96
1682,11,557,9.575028434615923e+96
1685,11,558,1.2331506258517645e+97
1688,11,559,1.5879092999233151e+97
1691,11,560,2.0444143846619294e+97
1694,11,561,2.6317582693896134e+97
1697,11,562,3.3873264819702017e+97
1700,11,563,4.3591545970979014e+97
1703,11,564,5.608952958772104e+97
1706,11,565,7.2159878695998614e+97
1709,11,566,9.2820610329901696e+97
1712,11,567,1.1937897088465914e+98
1715,11,568,1.535133623163009e+98
1718,11,569,1.9737840503301287e+98
1721,11,570,2.5373965199981806e+98
1724,11,571,3.2614629740198019e+98
1727,11,572,4.1915256392199335e+98
1730,11,573,5.3860144813225886e+98
1733,11,574,6.9198833630041578e+98
1736,11,575,8.8892690642376736e+98
1739,11,576,1.1417460047823449e+99
1742,11,577,1.4662542078265597e+99
1745,11,578,1.8827190395670254e+99
1748,11,579,2.4171209327494825e+99
1751,11,580,3.1027587931034489e+99
1754,11,581,3.9823054643133913e+99
1757,11,582,5.110438791842025e+99
1760,11,583,6.5572089999618335e+99
1763,11,584,8.4123478388563703e+99
1766,11,585,1.0790782120708533e+100
1769,11,586,1.3839687283752432e+100
1772,11,587,1.774750988661803e+100
1775,11,588,2.2755507039105898e+100
1778,11,589,2.9172502857350965e+100
1781,11,590,3.7393756197125293e+100
1784,11,591,4.7925081780729373e+100
1787,11,592,6.1413683194372806e+100
1790,11,593,7.8687559976601514e+100
1793,11,594,1.0080586620360195e+101
1796,11,595,1.291232552805728e+101
1799,11,596,1.653720841638946e+101
1802,11,597,2.1176741977153406e+101
1805,11,598,2.7114115437384047e+101
1808,11,599,3.4711327613128167e+101
1811,11,600,4.4431055866381102e+101
1814,11,601,5.6864576077754587e+101
1817,11,602,7.2767403125293259e+101
1820,11,603,9.3104780665289973e+101
1823,11,604,1.1910973431551769e+102
1826,11,605,1.5235714812332117e+102
1829,11,606,1.9485827431988146e+102
1832,11,607,2.4918129666371666e+102
1835,11,608,3.186051091957411e+102
1838,11,609,4.0731543535279026e+102
1841,11,610,5.2065491212119975e+102
1844,11,611,6.6544194647823695e+102
1847,11,612,8.5037720284378057e+102
1850,11,613,1.0865617371086383e+103
1853,11,614,1.3881573558621548e+103
1856,11,615,1.7732281310222137e+103
1859,11,616,2.2648126262553152e+103
1862,11,617,2.892289910051425e+103
1865,11,618,3.6931196263438753e+103
1868,11,619,4.7150582644852336e+103
1871,11,620,6.0189815838566417e+103
1874,11,621,7.6824785144293891e+103
1877,11,622,9.80442681844477e+103
1880,11,623,1.2510817957359506e+104
1883,11,624,1.596217126121037e+104
1886,11,625,2.0362969832062345e+104
1889,11,626,2.5973667947233706e+104
1892,11,627,3.312596881087077e+104
1895,11,628,4.2242260900819772e+104
1898,11,629,5.3860341745816882e+104
1901,11,630,6.8664863539684235e+104
1904,11,631,8.7527323063899496e+104
1907,11,632,1.1155691114835569e+105
1910,11,633,1.421651625331704e+105
1913,11,634,1.8114814121512828e+105
1916,11,635,2.3079090449556462e+105
1919,11,636,2.94000268444174e+105
1922,11,637,3.7447352117260967e+105
1925,11,638,4.7691279057131792e+105
1928,11,639,6.0729738699973834e+105
1931,11,640,7.7322975719424176e+105
1934,11,641,9.8437489143868347e+105
1937,11,642,1.2530183599061085e+106
1940,11,643,1.594774917982728e+106
1943,11,644,2.0294881965570642e+106
1946,11,645,2.5823728659434304e+106
1949,11,646,3.2854644448114744e+106
1952,11,647,4.1794593946297724e+106
1955,11,648,5.3160502793534925e+106
1958,11,649,6.7608888244512672e+106
1961,11,650,8.5973452547861559e+106
1964,11,651,1.0931277322714382e+107
1967,11,652,1.3897079480523523e+107
1970,11,653,1.766535490027038e+107
1973,11,654,2.2452644542180556e+107
1976,11,655,2.853376333406109e+107
1979,11,656,3.625744021972982e+107
1982,11,657,4.6066144547454023e+107
1985,11,658,5.8521216350224364e+107
1988,11,659,7.4334715607097102e+107
1991,11,660,9.4409782118470893e+107
1994,11,661,1.1989177410039921e+108
1997,11,662,1.5223305645451825e+108
2000,11,663,1.932750723312173e+108
2003,11,664,2.4535229633158182e+108
2006,11,665,3.114238878708718e+108
2009,11,666,3.9524040634120642e+108
2012,11,667,5.0155490097077726e+108
2015,11,668,6.3639015539896968e+108
2018,11,669,8.0737698593073175e+108
2021,11,670,1.0241824350468813e+109
2024,11,671,1.299051684853272e+109
2027,11,672,1.6474938128262556e+109
2030,11,673,2.08914947005164e+109
2033,11,674,2.6488886170098322e+109
2036,11,675,3.3581991546495762e+109
2039,11,676,4.2569433347368358e+109
12,12,0,737
15,12,1,10344
18,12,2,87758
21,12,3,558508
24,12,4,2948959
27,12,5,13579022
30,12,6,56295336
33,12,7,214481900
36,12,8,762192174
39,12,9,2553755188
42,12,10,8134878010
45,12,11,24796916488
48,12,12,72709283555
51,12,13,205956734934
54,12,14,565577990854
57,12,15,1510178685374
60,12,16,3930793329632
63,12,17,9995138136718
66,12,18,24875348492494
69,12,19,60692137322137.625
72,12,20,145379697752295
75,12,21,342322961000436.5
78,12,22,793270177252154
81,12,23,1810918346391460
84,12,24,4076284199464496
87,12,25,9054709298042832
90,12,26,19863335543486464
93,12,27,43061715918170624
96,12,28,92312426268849664
99,12,29,1.957961831545664e+17
102,12,30,4.1110141879817421e+17
105,12,31,8.548738997922775e+17
108,12,32,1.7613885422140539e+18
111,12,33,3.5973751264236339e+18
114,12,34,7.285482743194239e+18
117,12,35,1.4636121646548091e+19
120,12,36,2.917637406632765e+19
123,12,37,5.7730767214468792e+19
126,12,38,1.134170861047424e+20
129,12,39,2.2128978323626892e+20
132,12,40,4.2890919076405287e+20
135,12,41,8.2602512850232541e+20
138,12,42,1.5810363275743037e+21
141,12,43,3.008169690592111e+21
144,12,44,5.6906358603732002e+21
147,12,45,1.0705294245880224e+22
150,12,46,2.003054484471182e+22
153,12,47,3.7283459449866273e+22
156,12,48,6.9045935467647067e+22
159,12,49,1.2724015975192519e+23
162,12,50,2.3336564088452715e+23
165,12,51,4.2602556631811162e+23
168,12,52,7.7424256614261165e+23
171,12,53,1.400925403542941e+24
174,12,54,2.5240679424890676e+24
177,12,55,4.5288120630949739e+24
180,12,56,8.0930416285841631e+24
183,12,57,1.4405502702146741e+25
186,12,58,2.5543315212820342e+25
189,12,59,4.5123162988940584e+25
192,12,60,7.942089195368506e+25
195,12,61,1.3929029603548932e+26
198,12,62,2.4344129317766014e+26
201,12,63,4.2402346685703591e+26
204,12,64,7.361078082361554e+26
207,12,65,1.2737411697461858e+27
210,12,66,2.1970518618072527e+27
213,12,67,3.7778853357772403e+27
216,12,68,6.4764268798730547e+27
219,12,69,1.1069506113006512e+28
222,12,70,1.8864876821500263e+28
225,12,71,3.2058159558234857e+28
228,12,72,5.4325923949996836e+28
231,12,73,9.1808685756393528e+28
234,12,74,1.5473619585401938e+29
237,12,75,2.6010827402917244e+29
240,12,76,4.3610633943106193e+29
243,12,77,7.2933622465637426e+29
246,12,78,1.2166924738548493e+30
249,12,79,2.0247498185457325e+30
252,12,80,3.3613881890341307e+30
255,12,81,5.5672584216554781e+30
258,12,82,9.1993596003652688e+30
261,12,83,1.5166482497465495e+31
264,12,84,2.4948258555006289e+31
267,12,85,4.0948711581051129e+31
270,12,86,6.7065775443153079e+31
273,12,87,1.0960691963991101e+32
276,12,88,1.7875840847375315e+32
279,12,89,2.9093851686830329e+32
282,12,90,4.7255954649340552e+32
285,12,91,7.6603108987308274e+32
288,12,92,1.2393225906419909e+33
291,12,93,2.0011685589751095e+33
294,12,94,3.2252039464575609e+33
297,12,95,5.1882087112465789e+33
300,12,96,8.3306071339175045e+33
303,12,97,1.3352012569248477e+34
306,12,98,2.1361870518888646e+34
309,12,99,3.4116589186178244e+34
312,12,100,5.4392215726238942e+34
315,12,101,8.6569214687013136e+34
318,12,102,1.3754863742325047e+35
321,12,103,2.1818528040943596e+35
324,12,104,3.455261765814873e+35
327,12,105,5.4630174341488665e+35
330,12,106,8.6236255651216943e+35
333,12,107,1.3591337475465825e+36
336,12,108,2.1387430697450083e+36
339,12,109,3.3603774096699722e+36
342,12,110,5.2718036690655842e+36
345,12,111,8.258109643410742e+36
348,12,112,1.2916969496262575e+37
351,12,113,2.0174711895161901e+37
354,12,114,3.1465072509457214e+37
357,12,115,4.9004122741878577e+37
360,12,116,7.6212572457877359e+37
363,12,117,1.1836361349015594e+38
366,12,118,1.8357549927889348e+38
369,12,119,2.8433039908368696e+38
372,12,120,4.3979568370752483e+38
375,12,121,6.7936723492196057e+38
378,12,122,1.048071557528618e+39
381,12,123,1.6147919567988803e+39
384,12,124,2.4847802971651755e+39
387,12,125,3.8186647283133913e+39
390,12,126,5.8612925965590293e+39
393,12,127,8.9854474750238838e+39
396,12,128,1.3758035787637171e+40
399,12,129,2.1040179675365726e+40
402,12,130,3.2138417952534977e+40
405,12,131,4.9032860885124535e+40
408,12,132,7.4721091023051958e+40
411,12,133,1.1373597319784708e+41
414,12,134,1.729244905125888e+41
417,12,135,2.6261795678860285e+41
420,12,136,3.9838844797422242e+41
423,12,137,6.0368240348603325e+41
426,12,138,9.1376543295078073e+41
429,12,139,1.3816251792392289e+42
432,12,140,2.0867953144681026e+42
435,12,141,3.1485331846187995e+42
438,12,142,4.7454798483089231e+42
441,12,143,7.1449628798423961e+42
444,12,144,1.0746629486175654e+43
447,12,145,1.6147356203242264e+43
450,12,146,2.4237719080325451e+43
453,12,147,3.6345235784635124e+43
456,12,148,5.4446859335890275e+43
459,12,149,8.148391472052363e+43
462,12,150,1.2182844187302257e+44
465,12,151,1.8197311231576724e+44
468,12,152,2.7155099448333674e+44
471,12,153,4.0484153582861511e+44
474,12,154,6.0299263818957223e+44
477,12,155,8.9729648176225806e+44
480,12,156,1.3340146490284482e+45
483,12,157,1.9814792279639992e+45
486,12,158,2.9405346237563682e+45
489,12,159,4.3598788447926942e+45
492,12,160,6.4585844521176779e+45
495,12,161,9.5591319952090857e+45
498,12,162,1.4135823455286146e+46
501,12,163,2.0885679004073128e+46
504,12,164,3.0832175019605614e+46
507,12,165,4.5476915439715539e+46
510,12,166,6.7021209505648423e+46
513,12,167,9.868952275965879e+46
516,12,168,1.4520127215639346e+47
519,12,169,2.1345847015928827e+47
522,12,170,3.1354720423022084e+47
525,12,171,4.6019507835359559e+47
528,12,172,6.7489061630522016e+47
531,12,173,9.8896298743459802e+47
534,12,174,1.4480538754876027e+48
537,12,175,2.1186060211301849e+48
540,12,176,3.0972710386729132e+48
543,12,177,4.5245400671552235e+48
546,12,178,6.6044785756678329e+48
549,12,179,9.6332785902189852e+48
552,12,180,1.4040538760131744e+49
555,12,181,2.0448904186789222e+49
558,12,182,2.9760171804917508e+49
561,12,183,4.3279519781042741e+49
564,12,184,6.2894617952723367e+49
567,12,185,9.133368864151823e+49
570,12,186,1.3253706759709624e+50
573,12,187,1.921918262721065e+50
576,12,188,2.7850050419314836e+50
579,12,189,4.0328573817170414e+50
582,12,190,5.8357651798979654e+50
585,12,191,8.4388457932176833e+50
588,12,192,1.219469084019674e+51
591,12,193,1.7610156463847434e+51
594,12,194,2.5413381674744029e+51
597,12,195,3.6649718963454732e+51
600,12,196,5.2818963966594247e+51
603,12,197,7.6071541443056125e+51
606,12,198,1.0948880260402674e+52
609,12,199,1.5748324887466834e+52
612,12,200,2.2636964420741884e+52
615,12,201,3.2517948817297418e+52
618,12,202,4.6682185047677875e+52
621,12,203,6.6973687026147232e+52
624,12,204,9.6024961054023845e+52
627,12,205,1.3759189321479929e+53
630,12,206,1.9702992079806216e+53
633,12,207,2.8197069910810802e+53
636,12,208,4.0328312740720985e+53
639,12,209,5.7643744729825872e+53
642,12,210,8.2344036430603216e+53
645,12,211,1.1755786707455459e+54
648,12,212,1.6773069727685169e+54
651,12,213,2.3917535342211465e+54
654,12,214,3.4085133784962717e+54
657,12,215,4.8546727324766926e+54
660,12,216,6.9103960950295096e+54
663,12,217,9.8309522105130673e+54
666,12,218,1.3977821933039344e+55
669,12,219,1.9862609008233705e+55
672,12,220,2.8208989814346944e+55
675,12,221,4.004006612033157e+55
678,12,222,5.6801472434426298e+55
681,12,223,8.0534781547991817e+55
684,12,224,1.1412163109080342e+56
687,12,225,1.6162723520241974e+56
690,12,226,2.2878349202403161e+56
693,12,227,3.236680672367531e+56
696,12,228,4.5765846602099842e+56
699,12,229,6.4677176800079168e+56
702,12,230,9.1354497328082086e+56
705,12,231,1.2896727857310448e+57
708,12,232,1.8197061006262815e+57
711,12,233,2.5662351600640201e+57
714,12,234,3.6171497858624824e+57
717,12,235,5.0958040752575148e+57
720,12,236,7.1752405716082851e+57
723,12,237,1.0098085518730876e+58
726,12,238,1.4204362845714612e+58
729,12,239,1.9970360118532561e+58
732,12,240,2.8062912179900304e+58
735,12,241,3.9415182676208069e+58
738,12,242,5.5332407548127156e+58
741,12,243,7.7639377698155676e+58
744,12,244,1.0888604060366897e+59
747,12,245,1.5263399157279878e+59
750,12,246,2.1385549558180211e+59
753,12,247,2.994889865580591e+59
756,12,248,4.1921205579443836e+59
759,12,249,5.8651659485986092e+59
762,12,250,8.2020353062409971e+59
765,12,251,1.1464599763946093e+60
768,12,252,1.6017444517568686e+60
771,12,253,2.2367927603418507e+60
774,12,254,3.1221773586119734e+60
777,12,255,4.3560192899329022e+60
780,12,256,6.0746814951810007e+60
783,12,257,8.4675896627197547e+60
786,12,258,1.1797764977269845e+61
789,12,259,1.643025793412003e+61
792,12,260,2.2871506805732795e+61
795,12,261,3.1823795080231884e+61
798,12,262,4.4260568494533507e+61
801,12,263,6.1530558137949176e+61
804,12,264,8.5501666888138799e+61
807,12,265,1.1875972181664776e+62
810,12,266,1.6488290043465046e+62
813,12,267,2.2882048757118734e+62
816,12,268,3.1741541346613232e+62
819,12,269,4.4012486135556811e+62
822,12,270,6.1001362146875764e+62
825,12,271,8.451228736607319e+62
828,12,272,1.1703555332869881e+63
831,12,273,1.6200720711310336e+63
834,12,274,2.2416631260529162e+63
837,12,275,3.1004645330256505e+63
840,12,276,4.2865165280561871e+63
843,12,277,5.9238554575720009e+63
846,12,278,8.1832818951346402e+63
849,12,279,1.1299899047525474e+64
852,12,280,1.5597194406337963e+64
855,12,281,2.1520093145054449e+64
858,12,282,2.9680308445919134e+64
861,12,283,4.0918540017452748e+64
864,12,284,5.6389747916016188e+64
867,12,285,7.7680018575385276e+64
870,12,286,1.0696666744892263e+65
873,12,287,1.4723749281087198e+65
876,12,288,2.0259092340881065e+65
879,12,289,2.786467544170912e+65
882,12,290,3.8310801141619051e+65
885,12,291,5.2652926857877299e+65
888,12,292,7.2336689996804871e+65
891,12,293,9.9341419971437274e+65
894,12,294,1.363761702014868e+66
897,12,295,1.8714739449579167e+66
900,12,296,2.5672432155565176e+66
903,12,297,3.5203750900783649e+66
906,12,298,4.8255888072830585e+66
909,12,299,6.6122898462151125e+66
912,12,300,9.0572090258443575e+66
915,12,301,1.2401624378558066e+67
918,12,302,1.6974819310116181e+67
921,12,303,2.322602425802038e+67
924,12,304,3.1767894897984379e+67
927,12,305,4.3435673360216851e+67
930,12,306,5.936766203527288e+67
933,12,307,8.1114650606416682e+67
936,12,308,1.1078866297213497e+68
939,12,309,1.5126508469308764e+68
942,12,310,2.0645723557504116e+68
945,12,311,2.8168922835469991e+68
948,12,312,3.8420212798393316e+68
951,12,313,5.238408407361955e+68
954,12,314,7.1398595807061021e+68
957,12,315,9.7281749564433587e+68
960,12,316,1.3250281797137615e+69
963,12,317,1.8041454432470693e+69
966,12,318,2.4556773812932131e+69
969,12,319,3.3413736748603974e+69
972,12,320,4.5449947928495014e+69
975,12,321,6.1801208773152987e+69
978,12,322,8.4007180758659666e+69
981,12,323,1.141543149587759e+70
984,12,324,1.5506913022340021e+70
987,12,325,2.1057949386306556e+70
990,12,326,2.8586772026701112e+70
993,12,327,3.8794760511748682e+70
996,12,328,5.2630869611342325e+70
999,12,329,7.1378616063128381e+70
1002,12,330,9.6773488397855459e+70
1005,12,331,1.311613715766145e+71
1008,12,332,1.7771224898147079e+71
1011,12,333,2.407083815431115e+71
1014,12,334,3.2593280246514255e+71
1017,12,335,4.4119288982134754e+71
1020,12,336,5.9702577135004521e+71
1023,12,337,8.0764842625387301e+71
1026,12,338,1.0922369859087375e+72
1029,12,339,1.4766487864907717e+72
1032,12,340,1.9957397209254801e+72
1035,12,341,2.6964817634571022e+72
1038,12,342,3.6421557353322775e+72
1041,12,343,4.9179885200758145e+72
1044,12,344,6.6387301540294652e+72
1047,12,345,8.9588353940967954e+72
1050,12,346,1.2086141058016359e+73
1053,12,347,1.6300234112692897e+73
1056,12,348,2.1977112184738952e+73
1059,12,349,2.9622282680642135e+73
1062,12,350,3.9915175530233136e+73
1065,12,351,5.3768719824813956e+73
1068,12,352,7.2409239277467772e+73
1071,12,353,9.7483566262836419e+73
1074,12,354,1.3120260707529289e+74
1077,12,355,1.7653370930895908e+74
1080,12,356,2.3745834920527943e+74
1083,12,357,3.1931722357871734e+74
1086,12,358,4.2927226580518256e+74
1089,12,359,5.7692503255454017e+74
1092,12,360,7.7514415943918484e+74
1095,12,361,1.0411722680228868e+75
1098,12,362,1.3981063002631533e+75
1101,12,363,1.8768767258258079e+75
1104,12,364,2.5188930307385064e+75
1107,12,365,3.3795788371552962e+75
1110,12,366,4.533094560313451e+75
1113,12,367,6.0786448487432414e+75
1116,12,368,8.148900381592594e+75
1119,12,369,1.0921239821248985e+76
1122,12,370,1.4632752341946148e+76
1125,12,371,1.960025344761339e+76
1128,12,372,2.6246982361403223e+76
1131,12,373,3.5138202128407249e+76
1134,12,374,4.7028658891798825e+76
1137,12,375,6.2925834551157047e+76
1140,12,376,8.4174226791241963e+76
1143,12,377,1.1256761791072998e+77
1146,12,378,1.5049858912235862e+77
1149,12,379,2.0115758591301504e+77
1152,12,380,2.6879788912320839e+77
1155,12,381,3.590882223834424e+77
1158,12,382,4.7958186251335773e+77
1161,12,383,6.4034058931529376e+77
1164,12,384,8.5476437509664027e+77
1167,12,385,1.1406943791196844e+78
1170,12,386,1.5218789112083843e+78
1173,12,387,2.0299213268798514e+78
1176,12,388,2.7068676494363556e+78
1179,12,389,3.6086431732558986e+78
1182,12,390,4.8096154756210588e+78
1185,12,391,6.4086515593574141e+78
1188,12,392,8.5371564152457615e+78
1191,12,393,1.1369738583406346e+79
1194,12,394,1.5138357798517701e+79
1197,12,395,2.0151087030412338e+79
1200,12,396,2.6816987983590705e+79
1203,12,397,3.5679084193667777e+79
1206,12,398,4.7458057280378176e+79
1209,12,399,6.3110139880360887e+79
1212,12,400,8.3903799539232501e+79
1215,12,401,1.1152128880702017e+80
1218,12,402,1.4819309327230744e+80
1221,12,403,1.9687589339164953e+80
1224,12,404,2.614880682711542e+80
1227,12,405,3.4722127444907589e+80
1230,12,406,4.60952578678279e+80
1233,12,407,6.1178946995658164e+80
1236,12,408,8.1179042754655411e+80
1239,12,409,1.0769173753508427e+81
1242,12,410,1.4282943580987026e+81
1245,12,411,1.8938705128414642e+81
1248,12,412,2.5106166988434839e+81
1251,12,413,3.3274263830527068e+81
1254,12,414,4.4089457056732736e+81
1257,12,415,5.8406292127898652e+81
1260,12,416,7.7354119872246282e+81
1263,12,417,1.0242512997360116e+82
1266,12,418,1.3559047830931484e+82
1269,12,419,1.7945343961308806e+82
1272,12,420,2.3745134566958778e+82
1275,12,421,3.1412179050978495e+82
1278,12,422,4.1545347843924404e+82
1281,12,423,5.4934852660783766e+82
1284,12,424,7.2623149494973984e+82
1287,12,425,9.5985153757467202e+82
1290,12,426,1.2683386843557749e+83
1293,12,427,1.6755944627727312e+83
1296,12,428,2.2131222921832016e+83
1299,12,429,2.9224362065659184e+83
1302,12,430,3.8582299537469089e+83
1305,12,431,5.0925456125313874e+83
1308,12,432,6.7202558022039213e+83
1311,12,433,8.8662718849743003e+83
1314,12,434,1.1695019557856601e+84
1317,12,435,1.5422892427204558e+84
1320,12,436,2.0334616039893206e+84
1323,12,437,2.6804745753955337e+84
1326,12,438,3.5325903166604094e+84
1329,12,439,4.6545855583086396e+84
1332,12,440,6.1316197855396675e+84
1335,12,441,8.0756253791947574e+84
1338,12,442,1.0633693795758758e+85
1341,12,443,1.3999079006970612e+85
1344,12,444,1.8425632060735589e+85
1347,12,445,2.4246732788187807e+85
1350,12,446,3.1900114694370553e+85
1353,12,447,4.1960410877503361e+85
1356,12,448,5.5181813713615847e+85
1359,12,449,7.2553979889516876e+85
1362,12,450,9.5375278543046452e+85
1365,12,451,1.2534874347557799e+86
1368,12,452,1.6470774162577872e+86
1371,12,453,2.163805280018793e+86
1374,12,454,2.8420567705165442e+86
1377,12,455,3.7321406422800569e+86
1380,12,456,4.8999788307940573e+86
1383,12,457,6.431934666271494e+86
1386,12,458,8.441128857333583e+86
1389,12,459,1.1075700065636772e+87
1392,12,460,1.4529606665879795e+87
1395,12,461,1.9056748675376532e+87
1398,12,462,2.4989426791789192e+87
1401,12,463,3.2762465865962392e+87
1404,12,464,4.2944734929584325e+87
1407,12,465,5.6280323710841366e+87
1410,12,466,7.3742323660330277e+87
1413,12,467,9.6603058375823536e+87
1416,12,468,1.2652577708655086e+88
1419,12,469,1.6568434768434451e+88
1422,12,470,2.1691946955319917e+88
1425,12,471,2.8394251019265949e+88
1428,12,472,3.7160143419011445e+88
1431,12,473,4.8622767362706749e+88
1434,12,474,6.3608849123834672e+88
1437,12,475,8.3197680902462125e+88
1440,12,476,1.0879801320285359e+89
1443,12,477,1.4224827608790405e+89
1446,12,478,1.8594718294135582e+89
1449,12,479,2.4302389580008944e+89
1452,12,480,3.1755969501105727e+89
1455,12,481,4.148766889550947e+89
1458,12,482,5.4191376984724178e+89
1461,12,483,7.0771609110104354e+89
1464,12,484,9.2407222820671329e+89
1467,12,485,1.2063434306384022e+90
1470,12,486,1.5745426802816632e+90
1473,12,487,2.0547385545952549e+90
1476,12,488,2.6808813332296992e+90
1479,12,489,3.4971779195097253e+90
1482,12,490,4.5611799617547206e+90
1485,12,491,5.9477986323385582e+90
1488,12,492,7.7545231957770221e+90
1491,12,493,1.0108203100773354e+91
1494,12,494,1.3173860474339457e+91
1497,12,495,1.7166138844700531e+91
1500,12,496,2.2364174084180762e+91
1503,12,497,2.9130907128613441e+91
1506,12,498,3.7938160772146364e+91
1509,12,499,4.9399195177403819e+91
1512,12,500,6.4310965109476858e+91
1515,12,501,8.3708960500725445e+91
1518,12,502,1.0893836503030219e+92
1521,12,503,1.4174637219552749e+92
1524,12,504,1.8440192889824951e+92
1527,12,505,2.3985102860001733e+92
1530,12,506,3.1191807338854296e+92
1533,12,507,4.0556692687541094e+92
1536,12,508,5.2723929449289229e+92
1539,12,509,6.8529326178578247e+92
1542,12,510,8.9057153999016017e+92
1545,12,511,1.1571376577052622e+93
1548,12,512,1.5032295740245292e+93
1551,12,513,1.952494716251201e+93
1554,12,514,2.5355892252411166e+93
1557,12,515,3.2922484639568734e+93
1560,12,516,4.2739672114081672e+93
1563,12,517,5.5474684913970273e+93
1566,12,518,7.1991923402326187e+93
1569,12,519,9.341103440614287e+93
1572,12,520,1.2118203878568098e+94
1575,12,521,1.5718250041554364e+94
1578,12,522,2.0384318250594144e+94
1581,12,523,2.6431051626524371e+94
1584,12,524,3.426566320083286e+94
1587,12,525,4.4415083211885798e+94
1590,12,526,5.7561042261317825e+94
1593,12,527,7.4585402809076845e+94
1596,12,528,9.6628723197076365e+94
1599,12,529,1.2516590460200453e+95
1602,12,530,1.6210388816727526e+95
1605,12,531,2.0990780934707131e+95
1608,12,532,2.717638722996412e+95
1611,12,533,3.517895988138898e+95
1614,12,534,4.5530518798800756e+95
1617,12,535,5.8918369319901315e+95
1620,12,536,7.6230283720667106e+95
1623,12,537,9.8612787314082731e+95
1626,12,538,1.2754633813252102e+96
1629,12,539,1.6494228130179371e+96
1632,12,540,2.1326786513432295e+96
1635,12,541,2.7570741558423298e+96
1638,12,542,3.563700945696311e+96
1641,12,543,4.6055766432603008e+96
1644,12,544,5.9510953528794441e+96
1647,12,545,7.6884733430966909e+96
1650,12,546,9.9314760847508329e+96
1653,12,547,1.2826794821774104e+97
1656,12,548,1.6563546314962176e+97
1659,12,549,2.138550498026681e+97
1662,12,550,2.760685091573906e+97
1665,12,551,3.5632441283043116e+97
1668,12,552,4.5983900311487259e+97
1671,12,553,5.9333192959808837e+97
1674,12,554,7.6545822275298753e+97
1677,12,555,9.8736400592692526e+97
1680,12,556,1.2734012822483473e+98
1683,12,557,1.6420471934425355e+98
1686,12,558,2.1170860636926315e+98
1689,12,559,2.7291291214597985e+98
1692,12,560,3.5175680717634564e+98
1695,12,561,4.53308599901754e+98
1698,12,562,5.8408841185582892e+98
1701,12,563,7.5248278452533041e+98
1704,12,564,9.6927733060707486e+98
1707,12,565,1.2483409371675085e+99
1710,12,566,1.6075045109390968e+99
1713,12,567,2.0696894142720868e+99
1716,12,568,2.6643563268110771e+99
1719,12,569,3.4293652466537481e+99
1722,12,570,4.4133629493022421e+99
1725,12,571,5.6788470330180381e+99
1728,12,572,7.3060977166742243e+99
1731,12,573,9.3982224084429413e+99
1734,12,574,1.2087627041402932e+100
1737,12,575,1.5544316510672567e+100
1740,12,576,1.9986539665000282e+100
1743,12,577,2.5694439133462373e+100
1746,12,578,3.3027551668589783e+100
1749,12,579,4.2447241992279679e+100
1752,12,580,5.4545456831579057e+100
1755,12,581,7.0081574445445987e+100
1758,12,582,9.0029622149411491e+100
1761,12,583,1.1563877038969127e+101
1764,12,584,1.485108254681746e+101
1767,12,585,1.9069948345567186e+101
1770,12,586,2.4483743825458132e+101
1773,12,587,3.1429913776697889e+101
1776,12,588,4.0340915660836317e+101
1779,12,589,5.1770893320109445e+101
1782,12,590,6.642981711743775e+101
1785,12,591,8.5227174397941957e+101
1788,12,592,1.0932787409052471e+102
1791,12,593,1.4022377011826799e+102
1794,12,594,1.7982515458079502e+102
1797,12,595,2.3057778022461238e+102
1800,12,596,2.9561251499014433e+102
1803,12,597,3.7893670187881862e+102
1806,12,598,4.8567881288586609e+102
1809,12,599,6.2240119667534831e+102
1812,12,600,7.9749981770340986e+102
1815,12,601,1.0217151140242007e+103
1818,12,602,1.3087847735390571e+103
1821,12,603,1.6762777410950512e+103
1824,12,604,2.1466596274346973e+103
1827,12,605,2.7486535404824285e+103
1830,12,606,3.5189780209673207e+103
1833,12,607,4.5045662846235137e+103
1836,12,608,5.7653996844311432e+103
1839,12,609,7.3781249064853232e+103
1842,12,610,9.4406710628411842e+103
1845,12,611,1.2078142296109862e+104
1848,12,612,1.5450337266935704e+104
1851,12,613,1.9761343415375475e+104
1854,12,614,2.5271776846295983e+104
1857,12,615,3.2314395308441158e+104
1860,12,616,4.1314011206308887e+104
1863,12,617,5.2812885593368959e+104
1866,12,618,6.7503107516550519e+104
1869,12,619,8.6267874826834604e+104
1872,12,620,1.102341166983775e+105
1875,12,621,1.4083956519101319e+105
1878,12,622,1.7991823213787631e+105
1881,12,623,2.2980932788225976e+105
1884,12,624,2.9349603276092003e+105
1887,12,625,3.7478228059876333e+105
1890,12,626,4.7851793734987128e+105
1893,12,627,6.1088558631213495e+105
1896,12,628,7.7976572794667437e+105
1899,12,629,9.9520177530340136e+105
1902,12,630,1.2699920398051484e+106
1905,12,631,1.6204432922927107e+106
1908,12,632,2.067329877206429e+106
1911,12,633,2.6371142946564854e+106
1914,12,634,3.3635003332609877e+106
1917,12,635,4.2894091080163635e+106
1920,12,636,5.4694928392434872e+106
1923,12,637,6.9733323058171071e+106
1926,12,638,8.8895034006117883e+106
1929,12,639,1.1330748370829723e+107
1932,12,640,1.4440551008858501e+107
1935,12,641,1.8401495910745157e+107
1938,12,642,2.3445894554093861e+107
1941,12,643,2.9869291219180768e+107
1944,12,644,3.8047627107530755e+107
1947,12,645,4.8459050810494586e+107
1950,12,646,6.1711629474983974e+107
1953,12,647,7.8578552722814721e+107
1956,12,648,1.0004284976434831e+108
1959,12,649,1.2735418349055592e+108
1962,12,650,1.6210097439035501e+108
1965,12,651,2.0630198090401413e+108
1968,12,652,2.6252257066244715e+108
1971,12,653,3.3402232150953681e+108
1974,12,654,4.2494237147265874e+108
1977,12,655,5.405431932124674e+108
1980,12,656,6.8750632795800461e+108
1983,12,657,8.7431723726250697e+108
1986,12,658,1.1117510216259009e+109
1989,12,659,1.4134885707062239e+109
1992,12,660,1.7968980764469596e+109
1995,12,661,2.2840261705917895e+109
1998,12,662,2.9028547635047924e+109
2001,12,663,3.6888946225435842e+109
2004,12,664,4.6872056704805537e+109
2007,12,665,5.9549579643664723e+109
2010,12,666,7.5646776686842165e+109
2013,12,667,9.6083607537438306e+109
2016,12,668,1.220268576655103e+110
2019,12,669,1.5495618538683368e+110
2022,12,670,1.9674779527444701e+110
2025,12,671,2.4978042948595554e+110
2028,12,672,3.1706961404702965e+110
2031,12,673,4.0243767235244329e+110
2034,12,674,5.1072901020130496e+110
2037,12,675,6.4808269559862835e+110
2040,12,676,8.2227754130358684e+110
13,13,0,1128
16,13,1,17364
19,13,2,154494
22,13,3,1028094
25,13,4,5647062
28,13,5,26977293
31,13,6,115710126
34,13,7,455144235
37,13,8,1666649862
40,13,9,5744802744
43,13,10,18798573000
46,13,11,58787897877
49,13,12,176639401169.99976
52,13,13,512180619135
55,13,14,1438370971668
58,13,15,3924247932231
61,13,16,10428143669022
64,13,17,27051469434855
67,13,18,68635204144661.125
70,13,19,170611294907355
73,13,20,416119016580972
76,13,21,997117336775016
79,13,22,2350179963890024
82,13,23,5454260133557960
85,13,24,12475508169380016
88,13,25,28147279220946752
91,13,26,62690826322076288
94,13,27,1.3793181287526784e+17
97,13,28,2.9998171668859597e+17
100,13,29,6.452807139404503e+17
103,13,30,1.3735963177897165e+18
106,13,31,2.8949472543124808e+18
109,13,32,6.0435404362468147e+18
112,13,33,1.2502442175546098e+19
115,13,34,2.564018091307316e+19
118,13,35,5.2146881589496513e+19
121,13,36,1.0521170063110885e+20
124,13,37,2.106520997778644e+20
127,13,38,4.1866079914043323e+20
130,13,39,8.2617895857736909e+20
133,13,40,1.6192519693277709e+21
136,13,41,3.1527501318369942e+21
139,13,42,6.0995751182778751e+21
142,13,43,1.1728403089858606e+22
145,13,44,2.2417981842732641e+22
148,13,45,4.2604615236586276e+22
151,13,46,8.0519105674078421e+22
154,13,47,1.5135572969025236e+23
157,13,48,2.8302708652683577e+23
160,13,49,5.2656782318917765e+23
163,13,50,9.7486039085853874e+23
166,13,51,1.7961963119088057e+24
169,13,52,3.2941774832053846e+24
172,13,53,6.0141994271225959e+24
175,13,54,1.0931998209980713e+25
178,13,55,1.9786229312338624e+25
181,13,56,3.566291985191401e+25
184,13,57,6.4018815299193453e+25
187,13,58,1.1446685789020868e+26
190,13,59,2.0388061349485302e+26
193,13,60,3.6177373308648762e+26
196,13,61,6.3959091736737466e+26
199,13,62,1.1267027683757573e+27
202,13,63,1.9778549161637128e+27
205,13,64,3.4601288813635349e+27
208,13,65,6.0330419792185458e+27
211,13,66,1.0484768434076348e+28
214,13,67,1.8163133249079943e+28
217,13,68,3.1366206769228019e+28
220,13,69,5.4000942784125114e+28
223,13,70,9.2690788246435754e+28
226,13,71,1.5863335688321401e+29
229,13,72,2.7070797487623882e+29
232,13,73,4.6066073194061338e+29
235,13,74,7.8173421112369108e+29
238,13,75,1.3229949930076851e+30
241,13,76,2.2330633951381969e+30
244,13,77,3.7593222887773088e+30
247,13,78,6.31255116981437e+30
250,13,79,1.0573228880276903e+31
253,13,80,1.7665975142767063e+31
256,13,81,2.9445174807913042e+31
259,13,82,4.8961633390745997e+31
262,13,83,8.122337615054378e+31
265,13,84,1.3443339346057936e+32
268,13,85,2.2199917565952443e+32
271,13,86,3.6578866040321789e+32
274,13,87,6.0139514437466003e+32
277,13,88,9.8663398934276422e+32
280,13,89,1.6152283971360643e+33
283,13,90,2.6388113329724222e+33
286,13,91,4.3022306015891914e+33
289,13,92,7.000096082433934e+33
292,13,93,1.1367185355319636e+34
295,13,94,1.842272206823663e+34
298,13,95,2.9800223654083308e+34
301,13,96,4.8113031821597891e+34
304,13,97,7.7534625717736595e+34
307,13,98,1.2471836666265306e+35
310,13,99,2.0025278531200056e+35
313,13,100,3.2096046404341654e+35
316,13,101,5.1352364956447528e+35
319,13,102,8.2019315143681489e+35
322,13,103,1.3077634357198001e+36
325,13,104,2.0816606668496273e+36
328,13,105,3.3080225661755194e+36
331,13,106,5.2482513329574273e+36
334,13,107,8.3130050577728944e+36
337,13,108,1.314643891442874e+37
340,13,109,2.0757453078996433e+37
343,13,110,3.272388369670004e+37
346,13,111,5.1509725893836528e+37
349,13,112,8.095726918823732e+37
352,13,113,1.2704953431553603e+38
355,13,114,1.9908985980500628e+38
358,13,115,3.1152441112548511e+38
361,13,116,4.8675427984261001e+38
364,13,117,7.5946879100911608e+38
367,13,118,1.1833142327889359e+39
370,13,119,1.8411434848814623e+39
373,13,120,2.8607493630044298e+39
376,13,121,4.4389852290705072e+39
379,13,122,6.8786981198447934e+39
382,13,123,1.0645210818629013e+40
385,13,124,1.6452595444421015e+40
388,13,125,2.5395294015727404e+40
391,13,126,3.9148682943463301e+40
394,13,127,6.0274336232385795e+40
397,13,128,9.268410300259193e+40
400,13,129,1.4234481313864638e+41
403,13,130,2.1834716351423325e+41
406,13,131,3.3452516589552343e+41
409,13,132,5.1190701215394201e+41
412,13,133,7.8242012274112028e+41
415,13,134,1.1944860858338733e+42
418,13,135,1.8214603909873215e+42
421,13,136,2.7743498435807894e+42
424,13,137,4.2209555799152104e+42
427,13,138,6.4146581798506003e+42
430,13,139,9.7376567183623381e+42
433,13,140,1.4765853047243572e+43
436,13,141,2.2366118088018491e+43
439,13,142,3.3841954773913569e+43
442,13,143,5.1151421465694173e+43
445,13,144,7.7232841889853041e+43
448,13,145,1.1649113902441151e+44
451,13,146,1.7552330350811817e+44
454,13,147,2.6419954604100172e+44
457,13,148,3.9727299269838449e+44
460,13,149,5.9677406256270475e+44
463,13,150,8.9556872714776091e+44
466,13,151,1.3426415308742678e+45
469,13,152,2.0109322396913157e+45
472,13,153,3.008949938429851e+45
475,13,154,4.497969968311399e+45
478,13,155,6.7174747307053818e+45
481,13,156,1.0022757168380558e+46
484,13,157,1.4940453132040619e+46
487,13,158,2.2250479983324002e+46
490,13,159,3.3106834239037635e+46
493,13,160,4.9215525657152088e+46
496,13,161,7.3096452097010665e+46
499,13,162,1.0846849247998704e+47
502,13,163,1.608153258390666e+47
505,13,164,2.3821610952456933e+47
508,13,165,3.5256400391786763e+47
511,13,166,5.2135218745088671e+47
514,13,167,7.7028955721023686e+47
517,13,168,1.1371285003889493e+48
520,13,169,1.6772619785491554e+48
523,13,170,2.4719013630941662e+48
526,13,171,3.6400157205475878e+48
529,13,172,5.3557492575265458e+48
532,13,173,7.8738111280128775e+48
535,13,174,1.1566458749163356e+49
538,13,175,1.6977328049400415e+49
541,13,176,2.4899726585338855e+49
544,13,177,3.6490422465400746e+49
547,13,178,5.3434900679783195e+49
550,13,179,7.8187191382134841e+49
553,13,180,1.1431766966966883e+50
556,13,181,1.6701707495566643e+50
559,13,182,2.4382639951406261e+50
562,13,183,3.5569312115566463e+50
565,13,184,5.1849862400498623e+50
568,13,185,7.5526547181826492e+50
571,13,186,1.0993449367150381e+51
574,13,187,1.5990169681322465e+51
577,13,188,2.3241239670015231e+51
580,13,189,3.3756311320479641e+51
583,13,190,4.8993952523803823e+51
586,13,191,7.1059813237090764e+51
589,13,192,1.0299164633284138e+52
592,13,193,1.491689824553646e+52
595,13,194,2.1590159357927396e+52
598,13,195,3.1227422594454393e+52
601,13,196,4.5135842769942161e+52
604,13,197,6.5194989288749686e+52
607,13,198,9.4105764111602923e+52
610,13,199,1.3574681518066156e+53
613,13,200,1.95684549286967e+53
616,13,201,2.8190248771408345e+53
619,13,202,4.0584365697063659e+53
622,13,203,5.8389945796264352e+53
625,13,204,8.3953496057936415e+53
628,13,205,1.206320840299397e+54
631,13,206,1.7322561393212245e+54
634,13,207,2.4859277492425942e+54
637,13,208,3.5652818498321695e+54
640,13,209,5.1101075919732813e+54
643,13,210,7.3197937707393763e+54
646,13,211,1.047857113575376e+55
649,13,212,1.4991375413093674e+55
652,13,213,2.1434770607571506e+55
655,13,214,3.0629215954913001e+55
658,13,215,4.3741564539325069e+55
661,13,216,6.2430359051319415e+55
664,13,217,8.9051679511687477e+55
667,13,218,1.2695061668562185e+56
670,13,219,1.8087376176162001e+56
673,13,220,2.5755263800247506e+56
676,13,221,3.6652846747030063e+56
679,13,222,5.2131747167917108e+56
682,13,223,7.4105642512804536e+56
685,13,224,1.0528251495292381e+57
688,13,225,1.4949226903562904e+57
691,13,226,2.1214863532135828e+57
694,13,227,3.0090006141788918e+57
697,13,228,4.2654643766005713e+57
700,13,229,6.0432956162553796e+57
703,13,230,8.5574877773894655e+57
706,13,231,1.2111142162907894e+58
709,13,232,1.7131354579779279e+58
712,13,233,2.4219629799697369e+58
715,13,234,3.4222669544635205e+58
718,13,235,4.8331717809997566e+58
721,13,236,6.8221915048635818e+58
724,13,237,9.6247677478078725e+58
727,13,238,1.3571649133291919e+59
730,13,239,1.9127240682264493e+59
733,13,240,2.6943292450268581e+59
736,13,241,3.7934026708265899e+59
739,13,242,5.3381214021380723e+59
742,13,243,7.5081067180501232e+59
745,13,244,1.0554949833382342e+60
748,13,245,1.4830879292706937e+60
751,13,246,2.0828780767555467e+60
754,13,247,2.9238038854383862e+60
757,13,248,4.102242011013398e+60
760,13,249,5.7528647199518142e+60
763,13,250,8.0637689224251702e+60
766,13,251,1.1297547804871168e+61
769,13,252,1.5820625996593564e+61
772,13,253,2.2144080543784791e+61
775,13,254,3.0980419375976805e+61
778,13,255,4.3322520101746577e+61
781,13,256,6.055332957722716e+61
784,13,257,8.4598243902258394e+61
787,13,258,1.1813668161187942e+62
790,13,259,1.6489571607130467e+62
793,13,260,2.3005741725303639e+62
796,13,261,3.2082369322695913e+62
799,13,262,4.4719919298845433e+62
802,13,263,6.230759917353549e+62
805,13,264,8.6773574745952097e+62
808,13,265,1.2079291256968624e+63
811,13,266,1.6807531230533773e+63
814,13,267,2.3376307880957909e+63
817,13,268,3.2498134153102066e+63
820,13,269,4.5159844987781008e+63
823,13,270,6.2727639624814013e+63
826,13,271,8.7092129393798373e+63
829,13,272,1.2086854552426126e+64
832,13,273,1.6767297167338807e+64
835,13,274,2.3250331623441676e+64
838,13,275,3.2226452799957225e+64
841,13,276,4.4649237930340129e+64
844,13,277,6.1835049242452426e+64
847,13,278,8.5600322125277546e+64
850,13,279,1.184505332967328e+65
853,13,280,1.638402012775433e+65
856,13,281,2.265304805352458e+65
859,13,282,3.1308079134807168e+65
862,13,283,4.3252446474637684e+65
865,13,284,5.9729692214209002e+65
868,13,285,8.2451029192372109e+65
871,13,286,1.1377031027853599e+66
874,13,287,1.5692412160987066e+66
877,13,288,2.1636111488982764e+66
880,13,289,2.9819357825003752e+66
883,13,290,4.1081638608913948e+66
886,13,291,5.6575505349228763e+66
889,13,292,7.7882726901613315e+66
892,13,293,1.0717331961563987e+67
895,13,294,1.4742320222604803e+67
898,13,295,2.0271197832130974e+67
901,13,296,2.7863019683523427e+67
904,13,297,3.8283613845375282e+67
907,13,298,5.2581675292531359e+67
910,13,299,7.2192722912001831e+67
913,13,300,9.9081071923502649e+67
916,13,301,1.3593365462429646e+68
919,13,302,1.8642453110822339e+68
922,13,303,2.5557574510371753e+68
925,13,304,3.502494454602232e+68
928,13,305,4.7981878914685885e+68
931,13,306,6.5708225791403325e+68
934,13,307,8.9950927292370554e+68
937,13,308,1.2309365687338984e+69
940,13,309,1.6838776562764373e+69
943,13,310,2.3026658820582895e+69
946,13,311,3.1477305190443666e+69
949,13,312,4.3014123696252125e+69
952,13,313,5.8758704912849301e+69
955,13,314,8.023828357279613e+69
958,13,315,1.0953174276953061e+70
961,13,316,1.4946791883069051e+70
964,13,317,2.0389485275836506e+70
967,13,318,2.7804525029422315e+70
970,13,319,3.7903236543536207e+70
973,13,320,5.1652263298786243e+70
976,13,321,7.0364775324926325e+70
979,13,322,9.5824107240966575e+70
982,13,323,1.3045130242832796e+71
985,13,324,1.7753208247987141e+71
988,13,325,2.4152422105406671e+71
991,13,326,3.2847367334337555e+71
994,13,327,4.46577763081577e+71
997,13,328,6.0694715621331057e+71
1000,13,329,8.2463646306813432e+71
1003,13,330,1.1200377367202943e+72
1006,13,331,1.5207640646143054e+72
1009,13,332,2.0641948304738537e+72
1012,13,333,2.8009140177108165e+72
1015,13,334,3.7993534636397303e+72
1018,13,335,5.1520614198594081e+72
1021,13,336,6.9841627555052294e+72
1024,13,337,9.4647735902192835e+72
1027,13,338,1.2822397432638803e+73
1030,13,339,1.7365685350300793e+73
1033,13,340,2.351142061192522e+73
1036,13,341,3.1822230629919527e+73
1039,13,342,4.305739224063518e+73
1042,13,343,5.8241255966501065e+73
1045,13,344,7.8755372231033889e+73
1048,13,345,1.064624933555664e+74
1051,13,346,1.4387343153761385e+74
1054,13,347,1.943715186803628e+74
1057,13,348,2.6251446539209546e+74
1060,13,349,3.5444019082540278e+74
1063,13,350,4.7841227733823852e+74
1066,13,351,6.4555287715278535e+74
1069,13,352,8.7082720955745685e+74
1072,13,353,1.1743656374468362e+75
1075,13,354,1.5832385738282042e+75
1078,13,355,2.1338386455763513e+75
1081,13,356,2.8750769781654179e+75
1084,13,357,3.8726706301689643e+75
1087,13,358,5.2148920682278118e+75
1090,13,359,7.020277101203791e+75
1093,13,360,9.4479555237626217e+75
1096,13,361,1.2711493051106338e+76
1099,13,362,1.7097432897240571e+76
1102,13,363,2.2990125821902822e+76
1105,13,364,3.0904972331301657e+76
1108,13,365,4.1532914872194429e+76
1111,13,366,5.5799971158726345e+76
1114,13,367,7.4946871960874931e+76
1117,13,368,1.0063556399119533e+77
1120,13,369,1.3509160241494676e+77
1123,13,370,1.8129447632625331e+77
1126,13,371,2.4323193497207643e+77
1129,13,372,3.2623974616925654e+77
1132,13,373,4.3745546506553931e+77
1135,13,374,5.8642431141993138e+77
1138,13,375,7.8590793184329029e+77
1141,13,376,1.0529637033354749e+78
1144,13,377,1.4103847027591836e+78
1147,13,378,1.8886203661173531e+78
1150,13,379,2.5283376392603971e+78
1153,13,380,3.3838353284611805e+78
1156,13,381,4.5275947108559057e+78
1159,13,382,6.0563429896204588e+78
1162,13,383,8.0991304794352021e+78
1165,13,384,1.0828087569978453e+79
1168,13,385,1.4472746917742897e+79
1171,13,386,1.9339107700205047e+79
1174,13,387,2.5835005651448869e+79
1177,13,388,3.4503866160799846e+79
1180,13,389,4.606959926617009e+79
1183,13,390,6.1496299642838806e+79
1186,13,391,8.206761416443279e+79
1189,13,392,1.0949223028953788e+80
1192,13,393,1.4604404747693113e+80
1195,13,394,1.9474838926001243e+80
1198,13,395,2.5962931807460007e+80
1201,13,396,3.4603802287701805e+80
1204,13,397,4.6108875045203075e+80
1207,13,398,6.142373600446918e+80
1210,13,399,8.1804897835007246e+80
1213,13,400,1.0892163177623733e+81
1216,13,401,1.4499101841047715e+81
1219,13,402,1.9295701116615404e+81
1222,13,403,2.5672779978951017e+81
1225,13,404,3.4149038073810543e+81
1228,13,405,4.5412734911745554e+81
1231,13,406,6.0376899978498533e+81
1234,13,407,8.0252449355832312e+81
1237,13,408,1.066449939197987e+82
1240,13,409,1.4168298592393633e+82
1243,13,410,1.8818730934677762e+82
1246,13,411,2.4989566538106176e+82
1249,13,412,3.317593890988468e+82
1252,13,413,4.4033598771425083e+82
1255,13,414,5.8430815120637662e+82
1258,13,415,7.7516982694213091e+82
1261,13,416,1.0281329281042391e+83
1264,13,417,1.3633253575245897e+83
1267,13,418,1.8073735855786664e+83
1270,13,419,2.39549274930812e+83
1273,13,420,3.1742464113083311e+83
1276,13,421,4.2051897192103466e+83
1279,13,422,5.5696776699310726e+83
1282,13,423,7.3752096751058334e+83
1285,13,424,9.7637994397463779e+83
1288,13,425,1.2923014235228802e+84
1291,13,426,1.7100531706337681e+84
1294,13,427,2.2623330819082943e+84
1297,13,428,2.9922986685287689e+84
1300,13,429,3.9569003391539779e+84
1303,13,430,5.2312729539191872e+84
1306,13,431,6.9145203818305718e+84
1309,13,432,9.1373332766296219e+84
1312,13,433,1.2072018886420493e+85
1315,13,434,1.594570378951999e+85
1318,13,435,2.1057709590198149e+85
1321,13,436,2.7802415633585839e+85
1324,13,437,3.6699335070255038e+85
1327,13,438,4.8432671744009004e+85
1330,13,439,6.3903335528129713e+85
1333,13,440,8.429732548671292e+85
1336,13,441,1.1117561248822622e+86
1339,13,442,1.4659225589008515e+86
1342,13,443,1.9324959081648036e+86
1345,13,444,2.547020780949025e+86
1348,13,445,3.3562402061756362e+86
1351,13,446,4.4216108282095859e+86
1354,13,447,5.8239175093701676e+86
1357,13,448,7.6693299438962285e+86
1360,13,449,1.0097350266258037e+87
1363,13,450,1.3291239928112776e+87
1366,13,451,1.7491696468468606e+87
1369,13,452,2.3014789473200891e+87
1372,13,453,3.0275477347600521e+87
1375,13,454,3.9818435158092523e+87
1378,13,455,5.2358458327576141e+87
1381,13,456,6.8833406041051546e+87
1384,13,457,9.047356230967706e+87
1387,13,458,1.1889248765103898e+88
1390,13,459,1.5620599629750805e+88
1393,13,460,2.0518793503033604e+88
1396,13,461,2.6947410665617788e+88
1399,13,462,3.5382916496774064e+88
1402,13,463,4.6449585808206725e+88
1405,13,464,6.0965193854470005e+88
1408,13,465,8.000078155010268e+88
1411,13,466,1.0495881494077161e+89
1414,13,467,1.3767538036338736e+89
1417,13,468,1.8055378089276574e+89
1420,13,469,2.3673914894314684e+89
1423,13,470,3.103466236570325e+89
1426,13,471,4.0675946754257985e+89
1429,13,472,5.3301848503793437e+89
1432,13,473,6.9833060822207938e+89
1435,13,474,9.1473298990623492e+89
1438,13,475,1.1979599880973761e+90
1441,13,476,1.5685748142148763e+90
1444,13,477,2.0534463599629585e+90
1447,13,478,2.687676127505644e+90
1450,13,479,3.5171119723011622e+90
1453,13,480,4.6016267483246106e+90
1456,13,481,6.0193938084311742e+90
1459,13,482,7.8724614108781123e+90
1462,13,483,1.0294019293725768e+91
1465,13,484,1.3457869339086675e+91
1468,13,485,1.7590766591560654e+91
1471,13,486,2.2988497614217403e+91
1474,13,487,3.0036824148480412e+91
1477,13,488,3.9238759324683666e+91
1480,13,489,5.1250084658453462e+91
1483,13,490,6.6925589153091193e+91
1486,13,491,8.7379256443555541e+91
1489,13,492,1.1406259323661237e+92
1492,13,493,1.4886654870591283e+92
1495,13,494,1.9425410609630948e+92
1498,13,495,2.5343274625276887e+92
1501,13,496,3.3057873289641399e+92
1504,13,497,4.311287389596108e+92
1507,13,498,5.6215896545453137e+92
1510,13,499,7.3287791453470811e+92
1513,13,500,9.5526677518578147e+92
1516,13,501,1.2449114927266892e+93
1519,13,502,1.6220837076050963e+93
1522,13,503,2.1131447529138904e+93
1525,13,504,2.752368943385423e+93
1528,13,505,3.5843109600207502e+93
1531,13,506,4.6668791608812307e+93
1534,13,507,6.0753246238083368e+93
1537,13,508,7.907417877983792e+93
1540,13,509,1.0290165783392474e+94
1543,13,510,1.3388525271160917e+94
1546,13,511,1.7416705648690365e+94
1549,13,512,2.2652825933860906e+94
1552,13,513,2.9457919891104844e+94
1555,13,514,3.830057419600766e+94
1558,13,515,4.9788863966415519e+94
1561,13,516,6.471173998393045e+94
1564,13,517,8.4092655869241507e+94
1567,13,518,1.0925904336125339e+95
1570,13,519,1.4193230404357826e+95
1573,13,520,1.843443565802874e+95
1576,13,521,2.3938855041448878e+95
1579,13,522,3.1081504699461038e+95
1582,13,523,4.0348372900009279e+95
1585,13,524,5.236915217232093e+95
1588,13,525,6.795959503191409e+95
1591,13,526,8.8176313670936098e+95
1594,13,527,1.1438766792191913e+96
1597,13,528,1.4836544966937226e+96
1600,13,529,1.9240344533453412e+96
1603,13,530,2.494707308940882e+96
1606,13,531,3.2340984190117768e+96
1609,13,532,4.1919291335655528e+96
1612,13,533,5.4325269338713114e+96
1615,13,534,7.0391024829716085e+96
1618,13,535,9.1192751397619508e+96
1621,13,536,1.1812210211290104e+97
1624,13,537,1.5297836590373971e+97
1627,13,538,1.9808749267307164e+97
1630,13,539,2.5645576297466971e+97
1633,13,540,3.3196815458573091e+97
1636,13,541,4.2964436594558981e+97
1639,13,542,5.5596920248085258e+97
1642,13,543,7.1931885730505384e+97
1645,13,544,9.3051083274781873e+97
1648,13,545,1.2035132524777512e+98
1651,13,546,1.5563596186976586e+98
1654,13,547,2.0123283346548242e+98
1657,13,548,2.6014633878713154e+98
1660,13,549,3.362534564530238e+98
1663,13,550,4.3455638420824961e+98
1666,13,551,5.6150809869813736e+98
1669,13,552,7.2543181824157284e+98
1672,13,553,9.3706137013227074e+98
1675,13,554,1.2102372043960622e+99
1678,13,555,1.5628027484180757e+99
1681,13,556,2.0177585917571967e+99
1684,13,557,2.6047484370114509e+99
1687,13,558,3.3619718899500514e+99
1690,13,559,4.338646323856226e+99
1693,13,560,5.5981749512712081e+99
1696,13,561,7.222223067804196e+99
1699,13,562,9.3159620161092792e+99
1702,13,563,1.2014814370231381e+100
1705,13,564,1.5493128799416528e+100
1708,13,565,1.9975334986405042e+100
1711,13,566,2.5750285477013079e+100
1714,13,567,3.3189692207399626e+100
1717,13,568,4.2771823234860977e+100
1720,13,569,5.5111955959791247e+100
1723,13,570,7.1001507474468137e+100
1726,13,571,9.145830700760213e+100
1729,13,572,1.1779117357594182e+101
1732,13,573,1.5168285724037166e+101
1735,13,574,1.9529655029529954e+101
1738,13,575,2.5141264638218016e+101
1741,13,576,3.2360431193465979e+101
1744,13,577,4.1646285208183292e+101
1747,13,578,5.3588695134253215e+101
1750,13,579,6.8945383912266084e+101
1753,13,580,8.8689551555521912e+101
1756,13,581,1.1407096873665552e+102
1759,13,582,1.4669434063389241e+102
1762,13,583,1.8861980864233869e+102
1765,13,584,2.4249182544668484e+102
1768,13,585,3.1170439010528517e+102
1771,13,586,4.0061287131119318e+102
1774,13,587,5.1480551575181024e+102
1777,13,588,6.6145140951338423e+102
1780,13,589,8.497463574845092e+102
1783,13,590,1.0914841545772492e+103
1786,13,591,1.4017884086700263e+103
1789,13,592,1.8000499052824771e+103
1792,13,593,2.3111270744074214e+103
1795,13,594,2.9668831923963848e+103
1798,13,595,3.8081544991726311e+103
1801,13,596,4.8872696754519686e+103
1804,13,597,6.2712746926511971e+103
1807,13,598,8.0460599440957017e+103
1810,13,599,1.0321641375610471e+104
1813,13,600,1.3238917354777115e+104
1816,13,601,1.6978312461848413e+104
1819,13,602,2.1770833622463989e+104
1822,13,603,2.7912209886772607e+104
1825,13,604,3.5780973433260769e+104
1828,13,605,4.5861577187618242e+104
1831,13,606,5.8773948019178208e+104
1834,13,607,7.53112619385962e+104
1837,13,608,9.6488222187645982e+104
1840,13,609,1.236027520572897e+105
1843,13,610,1.5831481924664343e+105
1846,13,611,2.0274713546203562e+105
1849,13,612,2.5961378473998846e+105
1852,13,613,3.3238450439064442e+105
1855,13,614,4.2549447249087302e+105
1858,13,615,5.446121716544304e+105
1861,13,616,6.9698136094553297e+105
1864,13,617,8.9185760088944127e+105
1867,13,618,1.141065400938081e+106
1870,13,619,1.4597092261350811e+106
1873,13,620,1.8670807320639564e+106
1876,13,621,2.387816231803395e+106
1879,13,622,3.0533732191340565e+106
1882,13,623,3.903913648683515e+106
1885,13,624,4.9907057128745163e+106
1888,13,625,6.3791864656425226e+106
1891,13,626,8.1528666148166179e+106
1894,13,627,1.0418308417099324e+107
1897,13,628,1.331147075780706e+107
1900,13,629,1.7005795866441105e+107
1903,13,630,2.1722514389476225e+107
1906,13,631,2.7743775668407882e+107
1909,13,632,3.5429375617662067e+107
1912,13,633,4.5238065179931582e+107
1915,13,634,5.7754690173222743e+107
1918,13,635,7.3724753958616452e+107
1921,13,636,9.4098427470259855e+107
1924,13,637,1.2008658181009183e+108
1927,13,638,1.5323211863752436e+108
1930,13,639,1.9550076337469372e+108
1933,13,640,2.4939661711623078e+108
1936,13,641,3.1810920019912308e+108
1939,13,642,4.0570054634459969e+108
1942,13,643,5.1734322609607785e+108
1945,13,644,6.5962312510116808e+108
1948,13,645,8.4092454570904453e+108
1951,13,646,1.071919953798299e+109
1954,13,647,1.3661927288072632e+109
1957,13,648,1.7410289388040455e+109
1960,13,649,2.2184238918549902e+109
1963,13,650,2.8263615650862753e+109
1966,13,651,3.6004406879029599e+109
1969,13,652,4.5859411481977721e+109
1972,13,653,5.8404496320465322e+109
1975,13,654,7.4371954326342324e+109
1978,13,655,9.469287991372625e+109
1981,13,656,1.2055099267352405e+110
1984,13,657,1.5345099390578494e+110
1987,13,658,1.9530536939225807e+110
1990,13,659,2.4854460277398275e+110
1993,13,660,3.1625709635947367e+110
1996,13,661,4.0236678531315716e+110
1999,13,662,5.1185857221926459e+110
2002,13,663,6.5106442251113677e+110
2005,13,664,8.2802639992950728e+110
2008,13,665,1.0529572782188319e+111
2011,13,666,1.3388248853990191e+111
2014,13,667,1.7020933297362003e+111
2017,13,668,2.1636631138883711e+111
2020,13,669,2.750063361396436e+111
2023,13,670,3.494963585121329e+111
2026,13,671,4.4410904140492674e+111
2029,13,672,5.6426574669494896e+111
2032,13,673,7.1684453884766452e+111
2035,13,674,9.1057055512508599e+111
2038,13,675,1.1565107106701142e+112
14,14,0,1758
17,14,1,28464
20,14,2,264846
23,14,3,1836744
26,14,4,10470993
29,14,5,51783582
32,14,6,229374666
35,14,7,929956746
38,14,8,3503839404
41,14,9,12408244716
44,14,10,41659291146
47,14,11,133508013552
50,14,12,410647691643
53,14,13,1217704289778
56,14,14,3494120054820
59,14,15,9732302864352
62,14,16,26383390533600
65,14,17,69771175320797.5
68,14,18,180348606372474.5
71,14,19,456449838042874
74,14,20,1132865844156632
77,14,21,2760926225137728
80,14,22,6615206807967632
83,14,23,15599509456311808
86,14,24,36239051440564672
89,14,25,83007976829368960
92,14,26,1.8762181109417472e+17
95,14,27,4.1877401594902118e+17
98,14,28,9.2362200996800307e+17
101,14,29,2.0141333121447199e+18
104,14,30,4.3451175262374298e+18
107,14,31,9.2780195521550418e+18
110,14,32,1.961795084133666e+19
113,14,33,4.109468126370562e+19
116,14,34,8.5315235679722144e+19
119,14,35,1.756061310388053e+20
122,14,36,3.5848982372648747e+20
125,14,37,7.2607244310417087e+20
128,14,38,1.4594248930653645e+21
131,14,39,2.9121018349777249e+21
134,14,40,5.7699369625101523e+21
137,14,41,1.13549430898492e+22
140,14,42,2.2199923883576641e+22
143,14,43,4.3128858854550984e+22
146,14,44,8.3277231899343667e+22
149,14,45,1.5985022893431108e+23
152,14,46,3.0507813935638261e+23
155,14,47,5.7902540602518597e+23
158,14,48,1.0930668107390263e+24
161,14,49,2.0527141773457523e+24
164,14,50,3.8353906366558913e+24
167,14,51,7.1310503586931328e+24
170,14,52,1.3195340280268967e+25
173,14,53,2.4303480287800658e+25
176,14,54,4.4560708101358301e+25
179,14,55,8.1343698938713672e+25
182,14,56,1.4785435864676158e+26
185,14,57,2.6762748279046396e+26
188,14,58,4.8245807867521212e+26
191,14,59,8.662929052187889e+26
194,14,60,1.5494887270526675e+27
197,14,61,2.7610295019386708e+27
200,14,62,4.9017537805711131e+27
203,14,63,8.6709580391315459e+27
206,14,64,1.5284586897097516e+28
209,14,65,2.6850097569503312e+28
212,14,66,4.7008542915708227e+28
215,14,67,8.203108541932127e+28
218,14,68,1.4268610854908349e+29
221,14,69,2.4740940793860578e+29
224,14,70,4.2767185220169952e+29
227,14,71,7.3704282971790797e+29
230,14,72,1.2664530389473112e+30
233,14,73,2.1698292592095145e+30
236,14,74,3.7070382891516856e+30
239,14,75,6.3156453069982208e+30
242,14,76,1.0730522338703168e+31
245,14,77,1.8182727783562223e+31
248,14,78,3.0729401816226677e+31
251,14,79,5.1799699214638481e+31
254,14,80,8.7096146844411537e+31
257,14,81,1.4607944190593407e+32
260,14,82,2.4440888794545059e+32
263,14,83,4.0794473125146513e+32
266,14,84,6.7929787037889311e+32
269,14,85,1.1285255366473577e+33
272,14,86,1.8705609147003714e+33
275,14,87,3.0935580699038701e+33
278,14,88,5.1048948299551561e+33
281,14,89,8.4056855996779191e+33
284,14,90,1.3811236891409237e+34
287,14,91,2.2645397794209509e+34
290,14,92,3.7053542722670529e+34
293,14,93,6.0505659130995574e+34
296,14,94,9.8603522598438064e+34
299,14,95,1.603734166861835e+35
302,14,96,2.6033277532751661e+35
305,14,97,4.2178826752769288e+35
308,14,98,6.8208997643395598e+35
311,14,99,1.1009875313692733e+36
314,14,100,1.77389713376696e+36
317,14,101,2.8529306226670056e+36
320,14,102,4.5801732654146266e+36
323,14,103,7.3402596780894775e+36
326,14,104,1.1743306698480593e+37
329,14,105,1.8755525447696286e+37
332,14,106,2.9904604906975777e+37
335,14,107,4.7602177149367596e+37
338,14,108,7.5649343380902186e+37
341,14,109,1.2002800120327251e+38
344,14,110,1.9013772869834693e+38
347,14,111,3.0072628656609887e+38
350,14,112,4.7489838087936477e+38
353,14,113,7.487982922018291e+38
356,14,114,1.178887394790736e+39
359,14,115,1.8532388956438979e+39
362,14,116,2.9090433776380079e+39
365,14,117,4.5597037698168555e+39
368,14,118,7.1367168711775924e+39
371,14,119,1.1154325629701298e+40
374,14,120,1.7409192593522512e+40
377,14,121,2.7133867275418525e+40
380,14,122,4.2232779583578896e+40
383,14,123,6.5644680940850836e+40
386,14,124,1.0189859320139995e+41
389,14,125,1.5796553145615012e+41
392,14,126,2.4456177162021895e+41
395,14,127,3.7814065488201402e+41
398,14,128,5.8393307596108129e+41
401,14,129,9.005833304573009e+41
404,14,130,1.387209194777545e+42
407,14,131,2.1341415786554203e+42
410,14,132,3.2792428769785568e+42
413,14,133,5.0326739487321092e+42
416,14,134,7.7144420119340285e+42
419,14,135,1.181126223538092e+43
422,14,136,1.8062573541149844e+43
425,14,137,2.7590516098055392e+43
428,14,138,4.209612884900445e+43
431,14,139,6.4155190985686438e+43
434,14,140,9.7663846756580156e+43
437,14,141,1.4850915207519978e+44
440,14,142,2.2557703231435688e+44
443,14,143,3.4226589191196159e+44
446,14,144,5.1875725216670551e+44
449,14,145,7.8541864622378416e+44
452,14,146,1.1878983364240778e+45
455,14,147,1.7947455184160204e+45
458,14,148,2.708796869822342e+45
461,14,149,4.0841746575679995e+45
464,14,150,6.1516377840862774e+45
467,14,151,9.2563548243766045e+45
470,14,152,1.3914133289864007e+46
473,14,153,2.0895045582235023e+46
476,14,154,3.1347686210530714e+46
479,14,155,4.6983634089487487e+46
482,14,156,7.0351044044280111e+46
485,14,157,1.0524007140602982e+47
488,14,158,1.5728312385824213e+47
491,14,159,2.3484278633061637e+47
494,14,160,3.5032414661777382e+47
497,14,161,5.2211270230440388e+47
500,14,162,7.7743361905584964e+47
503,14,163,1.1565668144544389e+48
506,14,164,1.7190555702633491e+48
509,14,165,2.552843907377208e+48
512,14,166,3.7877132044267658e+48
515,14,167,5.615024744428638e+48
518,14,168,8.3167040908815705e+48
521,14,169,1.2307759325770488e+49
524,14,170,1.8198602845080625e+49
527,14,171,2.688632825997256e+49
530,14,172,3.9688290214426902e+49
533,14,173,5.8537440520501946e+49
536,14,174,8.6267751074939221e+49
539,14,175,1.2703095106402692e+50
542,14,176,1.8690452970717154e+50
545,14,177,2.7477811889753709e+50
548,14,178,4.0364474802230586e+50
551,14,179,5.9248050794100323e+50
554,14,180,8.689787400015786e+50
557,14,181,1.2735243243843776e+51
560,14,182,1.8649663293857912e+51
563,14,183,2.7289967441667032e+51
566,14,184,3.9903031358450371e+51
569,14,185,5.830182578098792e+51
572,14,186,8.5120531288117166e+51
575,14,187,1.2418378079301039e+52
578,14,188,1.8104071537638652e+52
581,14,189,2.6373688742480511e+52
584,14,190,3.8392917702013611e+52
587,14,191,5.58495055996079e+52
590,14,192,8.1185382759172151e+52
593,14,193,1.1793125993845245e+53
596,14,194,1.7118861688409897e+53
599,14,195,2.4832355130553834e+53
602,14,196,3.5996495949268298e+53
605,14,197,5.214396003640153e+53
608,14,198,7.5483392802076632e+53
611,14,199,1.0919545396210881e+54
614,14,200,1.5785761831568682e+54
617,14,201,2.2805334638053651e+54
620,14,202,3.2924509653393682e+54
623,14,203,4.7502467370091055e+54
626,14,204,6.849029011162673e+54
629,14,205,9.8686967263490432e+54
632,14,206,1.421053769206299e+55
635,14,207,2.0449517135909584e+55
638,14,208,2.9408938463204055e+55
641,14,209,4.2266984690987675e+55
644,14,210,6.0708663547763761e+55
647,14,211,8.7142377619444732e+55
650,14,212,1.2500842486458151e+56
653,14,213,1.7921819653557274e+56
656,14,214,2.5677908128956074e+56
659,14,215,3.6768308673265065e+56
662,14,216,5.2616974899142297e+56
665,14,217,7.5251996246130027e+56
668,14,218,1.0756024893806664e+57
671,14,219,1.5364869442231168e+57
674,14,220,2.1935670381298906e+57
677,14,221,3.129821367804852e+57
680,14,222,4.4630979299074823e+57
683,14,223,6.3606736226338518e+57
686,14,224,9.0598545405075404e+57
689,14,225,1.2897107687896566e+58
692,14,226,1.8349235232653017e+58
695,14,227,2.6091538467395532e+58
698,14,228,3.7079938419345404e+58
701,14,229,5.2666859376030048e+58
704,14,230,7.4764670995259264e+58
707,14,231,1.0607608715962788e+59
710,14,232,1.5041878361786987e+59
713,14,233,2.1318252902079587e+59
716,14,234,3.0197259433408624e+59
719,14,235,4.2751488821093853e+59
722,14,236,6.049286404169475e+59
725,14,237,8.5551498544038519e+59
728,14,238,1.2092693196971068e+60
731,14,239,1.7084085663583227e+60
734,14,240,2.412320894248611e+60
737,14,241,3.4045081241231516e+60
740,14,242,4.8023183036623589e+60
743,14,243,6.7705832132078773e+60
746,14,244,9.5407183401655708e+60
749,14,245,1.3437460481531874e+61
752,14,246,1.8916279246563152e+61
755,14,247,2.6615698777480928e+61
758,14,248,3.7430437624117652e+61
761,14,249,5.261360214968019e+61
764,14,250,7.3919407942595106e+61
767,14,251,1.0380240952957706e+62
770,14,252,1.4569548380678723e+62
773,14,253,2.0439752007270953e+62
776,14,254,2.8661386610617705e+62
779,14,255,4.0170937708834966e+62
782,14,256,5.6275722885277867e+62
785,14,257,7.8799900359504753e+62
788,14,258,1.1028764142571849e+63
791,14,259,1.5428572158499266e+63
794,14,260,2.1573640114908536e+63
797,14,261,3.0152339927288983e+63
800,14,262,4.2123028594195658e+63
803,14,263,5.8819347824000326e+63
806,14,264,8.2096365099757443e+63
809,14,265,1.1453330974909798e+64
812,14,266,1.5971470092348309e+64
815,14,267,2.2262001347570187e+64
818,14,268,3.101635575282548e+64
821,14,269,4.3194216330101755e+64
824,14,270,6.0127022398064942e+64
827,14,271,8.3661194012769198e+64
830,14,272,1.1635623716948151e+65
833,14,273,1.6175864598002813e+65
836,14,274,2.2478044709930199e+65
839,14,275,3.1222215059784087e+65
842,14,276,4.3349490173349739e+65
845,14,277,6.016173095863921e+65
848,14,278,8.345908749910838e+65
851,14,279,1.1572970517723748e+66
854,14,280,1.6041127297146735e+66
857,14,281,2.2225147785539169e+66
860,14,282,3.0780457138845453e+66
863,14,283,4.2611517780324495e+66
866,14,284,5.8965957950665008e+66
869,14,285,8.1564092570949571e+66
872,14,286,1.1277707500760908e+67
875,14,287,1.5587184478016279e+67
878,14,288,2.1534778660201174e+67
881,14,289,2.973992622191141e+67
884,14,290,4.1055083634748884e+67
887,14,291,5.6652934564363624e+67
890,14,292,7.8146066746134903e+67
893,14,293,1.0775114705895575e+68
896,14,294,1.4851405627299828e+68
899,14,295,2.0461850397740734e+68
902,14,296,2.818089222365579e+68
905,14,297,3.8796974220655667e+68
908,14,298,5.3391859312569134e+68
911,14,299,7.3449202863448114e+68
914,14,300,1.0100311249905604e+69
917,14,301,1.38841349124643e+69
920,14,302,1.9078316682643558e+69
923,14,303,2.6205907205818655e+69
926,14,304,3.5982970444219078e+69
929,14,305,4.9389455442830637e+69
932,14,306,6.7765963031856123e+69
935,14,307,9.294582256931125e+69
938,14,308,1.2743530039616659e+70
941,14,309,1.746593948447945e+70
944,14,310,2.3929697195230098e+70
947,14,311,3.2773755776941276e+70
950,14,312,4.4870373600535589e+70
953,14,313,6.1409890005782046e+70
956,14,314,8.4016156214097191e+70
959,14,315,1.1490365423987894e+71
962,14,316,1.5709128742575443e+71
965,14,317,2.1469318607080725e+71
968,14,318,2.9331413968568564e+71
971,14,319,4.0058711987304248e+71
974,14,320,5.4690370935030211e+71
977,14,321,7.4640634006872864e+71
980,14,322,1.0183357387714958e+72
983,14,323,1.3888601413096889e+72
986,14,324,1.893557720298458e+72
989,14,325,2.5807843972853423e+72
992,14,326,3.516241347023264e+72
995,14,327,4.7891675614232805e+72
998,14,328,6.5207329623421295e+72
1001,14,329,8.8754104112876082e+72
1004,14,330,1.2076379002127955e+73
1007,14,331,1.6426381100964644e+73
1010,14,332,2.2335955220891478e+73
1013,14,333,3.0361641129492253e+73
1016,14,334,4.1257663383075736e+73
1019,14,335,5.6045826630351224e+73
1022,14,336,7.6110010726896934e+73
1025,14,337,1.0332388424218447e+74
1028,14,338,1.4022346081904175e+74
1031,14,339,1.9024017236033796e+74
1034,14,340,2.5801558689771027e+74
1037,14,341,3.4982624210335681e+74
1040,14,342,4.7415694925048529e+74
1043,14,343,6.4247422221651388e+74
1046,14,344,8.7026937719163416e+74
1049,14,345,1.1784649090911069e+75
1052,14,346,1.5953100981924477e+75
1055,14,347,2.1589352770213569e+75
1058,14,348,2.9207926051285867e+75
1061,14,349,3.9502896701462687e+75
1064,14,350,5.3410276111567866e+75
1067,14,351,7.2191969306309206e+75
1070,14,352,9.7548740323576858e+75
1073,14,353,1.3177216282102813e+76
1076,14,354,1.7794895114694271e+76
1079,14,355,2.4023564965737928e+76
1082,14,356,3.2422780152033651e+76
1085,14,357,4.3745595201466854e+76
1088,14,358,5.9005187358193556e+76
1091,14,359,7.956431776702494e+76
1094,14,360,1.0725542679648769e+77
1097,14,361,1.4454180833141653e+77
1100,14,362,1.9473385381180947e+77
1103,14,363,2.6227910142994977e+77
1106,14,364,3.5315117271913792e+77
1109,14,365,4.753711665157325e+77
1112,14,366,6.3970642808337964e+77
1115,14,367,8.6060677874354416e+77
1118,14,368,1.1574585589708796e+78
1121,14,369,1.5562639133299451e+78
1124,14,370,2.0918889059368546e+78
1127,14,371,2.8110723359598232e+78
1130,14,372,3.7764515697605248e+78
1133,14,373,5.0719477101647323e+78
1136,14,374,6.8099671645760867e+78
1139,14,375,9.1410297148149784e+78
1142,14,376,1.2266637263915263e+79
1145,14,377,1.6456469485054934e+79
1148,14,378,2.2071355175020787e+79
1151,14,379,2.9593951220475501e+79
1154,14,380,3.9669704620032176e+79
1157,14,381,5.3161530027947153e+79
1160,14,382,7.1222776327199067e+79
1163,14,383,9.5394574545755223e+79
1166,14,384,1.27735680550855e+80
1169,14,385,1.7099561485915698e+80
1172,14,386,2.2884547831220549e+80
1175,14,387,3.061855780574528e+80
1178,14,388,4.095553205089148e+80
1181,14,389,5.4767923069584272e+80
1184,14,390,7.3219412254436144e+80
1187,14,391,9.7861727665061904e+80
1190,14,392,1.3076351804808567e+81
1193,14,393,1.7468185409328219e+81
1196,14,394,2.3329039986879435e+81
1199,14,395,3.1148290510728286e+81
1202,14,396,4.157767825976095e+81
1205,14,397,5.5484964454633628e+81
1208,14,398,7.4025242652236373e+81
1211,14,399,9.8735698684589685e+81
1214,14,400,1.3166149705040068e+82
1217,14,401,1.7552297750670497e+82
1220,14,402,2.3393766430017222e+82
1223,14,403,3.1171498642612152e+82
1226,14,404,4.1524742880335137e+82
1229,14,405,5.530295418113991e+82
1232,14,406,7.3634643889963239e+82
1235,14,407,9.8018691329428065e+82
1238,14,408,1.3044541678016128e+83
1241,14,409,1.7355707800270491e+83
1244,14,410,2.3086057724723289e+83
1247,14,411,3.0700929701961721e+83
1250,14,412,4.0817644382752239e+83
1253,14,413,5.4254949598876511e+83
1256,14,414,7.209848868008e+83
1259,14,415,9.5787464980572031e+83
1262,14,416,1.2722933869623741e+84
1265,14,417,1.6895158832652021e+84
1268,14,418,2.2430246832320899e+84
1271,14,419,2.9771652068251707e+84
1274,14,420,3.9506564678099499e+84
1277,14,421,5.2412320562238247e+84
1280,14,422,6.9517738820587081e+84
1283,14,423,9.2184169956266664e+84
1286,14,424,1.2221256482925083e+85
1289,14,425,1.6198488670939682e+85
1292,14,426,2.1465084051246736e+85
1295,14,427,2.8437438677592503e+85
1298,14,428,3.7665910933818223e+85
1301,14,429,4.9877756510479273e+85
1304,14,430,6.6033772194683009e+85
1307,14,431,8.7403009173878639e+85
1310,14,432,1.1566129848877197e+86
1313,14,433,1.5302114952493942e+86
1316,14,434,2.0240297425078152e+86
1319,14,435,2.6766073555492064e+86
1322,14,436,3.5387925421887567e+86
1325,14,437,4.6776584654088425e+86
1328,14,438,6.1816611130999296e+86
1331,14,439,8.1674307599256339e+86
1334,14,440,1.0788712500117513e+87
1337,14,441,1.4248133390891714e+87
1340,14,442,1.8812686571488288e+87
1343,14,443,2.4834102155180414e+87
1346,14,444,3.2775641501426834e+87
1349,14,445,4.3247332886323101e+87
1352,14,446,5.7052298275967814e+87
1355,14,447,7.5247649609139896e+87
1358,14,448,9.9224519937230287e+87
1361,14,449,1.3081322013723247e+88
1364,14,450,1.7242138068840003e+88
1367,14,451,2.2721538764518047e+88
1370,14,452,2.9935863232857845e+88
1373,14,453,3.9432430082045713e+88
1376,14,454,5.1930594007179509e+88
1379,14,455,6.8375625523637169e+88
1382,14,456,9.0009404459534664e+88
1385,14,457,1.1846315531761251e+89
1388,14,458,1.5587907245477346e+89
1391,14,459,2.0506980296303013e+89
1394,14,460,2.6972752901759679e+89
1397,14,461,3.5469802029184914e+89
1400,14,462,4.6633977342830987e+89
1403,14,463,6.129945624150736e+89
1406,14,464,8.0560383891924456e+89
1409,14,465,1.0585160297643882e+90
1412,14,466,1.3905436430418357e+90
1415,14,467,1.8263472106918033e+90
1418,14,468,2.3982467633755845e+90
1421,14,469,3.1485924483730022e+90
1424,14,470,4.1328662743132592e+90
1427,14,471,5.4237396813961625e+90
1430,14,472,7.1163804520362208e+90
1433,14,473,9.3353922957829906e+90
1436,14,474,1.2243887651424334e+91
1439,14,475,1.6055347172684225e+91
1442,14,476,2.104911884595935e+91
1445,14,477,2.7590669856721226e+91
1448,14,478,3.6158043572187443e+91
1451,14,479,4.737641629968691e+91
1454,14,480,6.2063225001132051e+91
1457,14,481,8.1287088491891862e+91
1460,14,482,1.0644472366136894e+92
1463,14,483,1.3936133367048926e+92
1466,14,484,1.8242160634438558e+92
1469,14,485,2.3874062441610187e+92
1472,14,486,3.1238680618069071e+92
1475,14,487,4.086726621881496e+92
1478,14,488,5.3453392657301003e+92
1481,14,489,6.9902383285921924e+92
1484,14,490,9.139573855509699e+92
1487,14,491,1.1947509917546886e+93
1490,14,492,1.561516490555688e+93
1493,14,493,2.0404863989206314e+93
1496,14,494,2.6658703112483991e+93
1499,14,495,3.4822724421089567e+93
1502,14,496,4.5478393611120362e+93
1505,14,497,5.938357725495844e+93
1508,14,498,7.7525877616046341e+93
1511,14,499,1.0119203910797175e+94
1514,14,500,1.3205825315349351e+94
1517,14,501,1.7230763297914621e+94
1520,14,502,2.2478300569148755e+94
1523,14,503,2.931856039791079e+94
1526,14,504,3.8233340014229168e+94
1529,14,505,4.9849692618696402e+94
1532,14,506,6.4983574457689328e+94
1535,14,507,8.4696563645605936e+94
1538,14,508,1.1036955262885043e+95
1541,14,509,1.43798477060602e+95
1544,14,510,1.8731864898429547e+95
1547,14,511,2.4396621334369496e+95
1550,14,512,3.1768777569648842e+95
1553,14,513,4.1361252608991092e+95
1556,14,514,5.3840543005500319e+95
1559,14,515,7.0072555810696624e+95
1562,14,516,9.1182074943801159e+95
1565,14,517,1.1862990314765835e+96
1568,14,518,1.543129162708338e+96
1571,14,519,2.006938130755809e+96
1574,14,520,2.6096934543873651e+96
1577,14,521,3.3928840425791217e+96
1580,14,522,4.4103468821983693e+96
1583,14,523,5.7319301890231807e+96
1586,14,524,7.4482397472689807e+96
1589,14,525,9.6767877033897879e+96
1592,14,526,1.2569956880801863e+97
1595,14,527,1.6325314953382745e+97
1598,14,528,2.1198969577152849e+97
1601,14,529,2.752285818487829e+97
1604,14,530,3.5727127960447607e+97
1607,14,531,4.6369099777789377e+97
1610,14,532,6.0170746866898889e+97
1613,14,533,7.8067183373037209e+97
1616,14,534,1.0126938684288764e+98
1619,14,535,1.3134531977938918e+98
1622,14,536,1.7032483035952549e+98
1625,14,537,2.2083528064564655e+98
1628,14,538,2.8627687453601292e+98
1631,14,539,3.7104926930405211e+98
1634,14,540,4.8084442395039534e+98
1637,14,541,6.2302498397567831e+98
1640,14,542,8.0711310790585654e+98
1643,14,543,1.0454218698464128e+99
1646,14,544,1.3538706928998185e+99
1649,14,545,1.7530382839413062e+99
1652,14,546,2.2695220277750948e+99
1655,14,547,2.9376927581486364e+99
1658,14,548,3.8019595419152975e+99
1661,14,549,4.9196922472640105e+99
1664,14,550,6.3649923492868453e+99
1667,14,551,8.2335573990626522e+99
1670,14,552,1.0648955373469128e+100
1673,14,553,1.3770716270698349e+100
1676,14,554,1.7804765655975206e+100
1679,14,555,2.3016875896674064e+100
1682,14,556,2.9750005202592879e+100
1685,14,557,3.8446644705084848e+100
1688,14,558,4.9677615603731481e+100
1691,14,559,6.417917235962321e+100
1694,14,560,8.2900800333273277e+100
1697,14,561,1.0706678094942137e+101
1700,14,562,1.3825547783890954e+101
1703,14,563,1.7850142921842018e+101
1706,14,564,2.3042678660647784e+101
1709,14,565,2.9741050977952489e+101
1712,14,566,3.8380613061897034e+101
1715,14,567,4.9522198566077245e+101
1718,14,568,6.388817830872636e+101
1721,14,569,8.2408846397441925e+101
1724,14,570,1.0628208598191843e+102
1727,14,571,1.3705010490863096e+102
1730,14,572,1.7669811012212869e+102
1733,14,573,2.2778117422273192e+102
1736,14,574,2.935873247147661e+102
1739,14,575,3.783471671255677e+102
1742,14,576,4.8750327958191968e+102
1745,14,577,6.2805637090577088e+102
1748,14,578,8.0901001044594315e+102
1751,14,579,1.0419419150414182e+103
1754,14,580,1.3417377001499816e+103
1757,14,581,1.7275331595513414e+103
1760,14,582,2.2239241601437922e+103
1763,14,583,2.8625199308950215e+103
1766,14,584,3.6839369194635906e+103
1769,14,585,4.740357806721382e+103
1772,14,586,6.098815399038796e+103
1775,14,587,7.8454061234824573e+103
1778,14,588,1.009069550092926e+104
1781,14,589,1.2976651808109852e+104
1784,14,590,1.6685538693156104e+104
1787,14,591,2.1451318576630395e+104
1790,14,592,2.7574273664521155e+104
1793,14,593,3.5439749799946138e+104
1796,14,594,4.5542182309078705e+104
1799,14,595,5.8515887946615469e+104
1802,14,596,7.5174522827738125e+104
1805,14,597,9.6561638158936751e+104
1808,14,598,1.2401544600077263e+105
1811,14,599,1.5925177754824485e+105
1814,14,600,2.0447032930439342e+105
1817,14,601,2.6249071550457138e+105
1820,14,602,3.3692666438967301e+105
1823,14,603,4.3240902142263946e+105
1826,14,604,5.5487119482570294e+105
1829,14,605,7.1191447718908325e+105
1832,14,606,9.1327553037104899e+105
1835,14,607,1.1714245216567935e+106
1838,14,608,1.5023303201738385e+106
1841,14,609,1.9264392796288893e+106
1844,14,610,2.4699270538441307e+106
1847,14,611,3.1662993896715137e+106
1850,14,612,4.0584389056836242e+106
1853,14,613,5.2012217544182109e+106
1856,14,614,6.6648623875428221e+106
1859,14,615,8.5391884453212204e+106
1862,14,616,1.0939103686307881e+107
1865,14,617,1.4011568187513558e+107
1868,14,618,1.7944516023698165e+107
1871,14,619,2.2978246681796924e+107
1874,14,620,2.9419974471474859e+107
1877,14,621,3.766240893235601e+107
1880,14,622,4.8207479891401708e+107
1883,14,623,6.1696627627614692e+107
1886,14,624,7.8949469693788608e+107
1889,14,625,1.0101315440807156e+108
1892,14,626,1.2922534627177246e+108
1895,14,627,1.6529459800571727e+108
1898,14,628,2.114028951731766e+108
1901,14,629,2.7033647309053215e+108
1904,14,630,3.45652679079432e+108
1907,14,631,4.4189278422815663e+108
1910,14,632,5.648533626267629e+108
1913,14,633,7.2193231133778084e+108
1916,14,634,9.2256998325793199e+108
1919,14,635,1.1788115044566051e+109
1922,14,636,1.5060234742678633e+109
1925,14,637,1.9238073158828813e+109
1928,14,638,2.4571630854042278e+109
1931,14,639,3.1379722297150062e+109
1934,14,640,4.0068864612666773e+109
1937,14,641,5.1157336749118642e+109
1940,14,642,6.5305820463402417e+109
1943,14,643,8.3356418730803583e+109
1946,14,644,1.0638233571354692e+110
1949,14,645,1.3575112348636591e+110
1952,14,646,1.732051901957398e+110
1955,14,647,2.2096426775555979e+110
1958,14,648,2.8185581238814098e+110
1961,14,649,3.5948093170426105e+110
1964,14,650,4.584254907704794e+110
1967,14,651,5.8452866501487135e+110
1970,14,652,7.4522452994195097e+110
1973,14,653,9.4997649695953926e+110
1976,14,654,1.2108297627761275e+111
1979,14,655,1.5431137433792843e+111
1982,14,656,1.9663351014004643e+111
1985,14,657,2.5053129408902806e+111
1988,14,658,3.1916216615935098e+111
1991,14,659,4.0654246287749604e+111
1994,14,660,5.177804229967549e+111
1997,14,661,6.59372233131237e+111
2000,14,662,8.3957812290369131e+111
2003,14,663,1.0689000963871919e+112
2006,14,664,1.3606886922453584e+112
2009,14,665,1.7319135278341943e+112
2012,14,666,2.2041417191565072e+112
2015,14,667,2.8047801066804098e+112
2018,14,668,3.5686522251108947e+112
2021,14,669,4.5399999796389675e+112
2024,14,670,5.775024104380282e+112
2027,14,671,7.3451080375234295e+112
2030,14,672,9.3409085713239029e+112
2033,14,673,1.1877545698770544e+113
2036,14,674,1.5101186235893536e+113
2039,14,675,1.9197394535652455e+113
15,15,0,2686
18,15,1,45642
21,15,2,443372
24,15,3,3192573
27,15,4,18853182
30,15,5,96321765
33,15,6,439900900
36,15,7,1835491376
39,15,8,7106298910
42,15,9,25823436077
45,15,10,88855997830
48,15,11,291521627614
51,15,12,917036573674
54,15,13,2778538142813
57,15,14,8139683469538
60,15,15,23128502205980
63,15,16,63917202887660.375
66,15,17,172200408031267
69,15,18,453187488334272
72,15,19,1167129757180110
75,15,20,2946020010756432
78,15,21,7298402651887984
81,15,22,17767653964384832
84,15,23,42552100019368448
87,15,24,1.003531204682441e+17
90,15,25,2.3326437158437376e+17
93,15,26,5.3484264441924096e+17
96,15,27,1.2105549073167462e+18
99,15,28,2.706554179452543e+18
102,15,29,5.9812377510523617e+18
105,15,30,1.3072361925998576e+19
108,15,31,2.8270459640596136e+19
111,15,32,6.0525349322688037e+19
114,15,33,1.2833988611259446e+20
117,15,34,2.6964117255799282e+20
120,15,35,5.6153737386798665e+20
123,15,36,1.1595655474529278e+21
126,15,37,2.3751007338139778e+21
129,15,38,4.8269783480911612e+21
132,15,39,9.7365063377333026e+21
135,15,40,1.949779378461674e+22
138,15,41,3.8773513345755295e+22
141,15,42,7.6587593765036862e+22
144,15,43,1.5029877040155754e+23
147,15,44,2.9310329510455442e+23
150,15,45,5.6812461302249773e+23
153,15,46,1.0947342582613278e+24
156,15,47,2.0974718654052759e+24
159,15,48,3.996519353788184e+24
162,15,49,7.5742252791000544e+24
165,15,50,1.4280179003871035e+25
168,15,51,2.6787581791280961e+25
171,15,52,5.000345123954471e+25
174,15,53,9.2895001744224104e+25
177,15,54,1.7177785682489209e+26
180,15,55,3.1621211378216675e+26
183,15,56,5.7953271104924646e+26
186,15,57,1.0575841347868187e+27
189,15,58,1.9219262027751792e+27
192,15,59,3.4784726809046359e+27
195,15,60,6.2706711326368698e+27
198,15,61,1.1260421762245273e+28
201,15,62,2.0144221861582222e+28
204,15,63,3.5903762890299122e+28
207,15,64,6.3761717885144947e+28
210,15,65,1.1283560246745333e+29
213,15,66,1.9899061281382829e+29
216,15,67,3.4974559238608823e+29
219,15,68,6.1268445438479873e+29
222,15,69,1.0698355106954351e+30
225,15,70,1.8621823094884038e+30
228,15,71,3.2313268891792185e+30
231,15,72,5.5901130786173682e+30
234,15,73,9.6420159869243269e+30
237,15,74,1.658243569082302e+31
240,15,75,2.8437199945820164e+31
243,15,76,4.8630348442664201e+31
246,15,77,8.2934112514835467e+31
249,15,78,1.4105444725358087e+32
252,15,79,2.392709153619821e+32
255,15,80,4.0482161447235121e+32
258,15,81,6.8316968851233134e+32
261,15,82,1.1500174799245112e+33
264,15,83,1.9311254976359704e+33
267,15,84,3.2349340949418382e+33
270,15,85,5.4061412911408136e+33
273,15,86,9.0135105507774436e+33
276,15,87,1.4993474396411338e+34
279,15,88,2.488450169632494e+34
282,15,89,4.1208815362292022e+34
285,15,90,6.8092854507604194e+34
288,15,91,1.1227381124164404e+35
291,15,92,1.8472929685771866e+35
294,15,93,3.0331085345437094e+35
297,15,94,4.969916361100991e+35
300,15,95,8.1270491934621389e+35
303,15,96,1.3263335217044644e+36
306,15,97,2.1603378753524039e+36
309,15,98,3.5119828525088878e+36
312,15,99,5.6984566069416903e+36
315,15,100,9.2288657249125592e+36
318,15,101,1.4918920732466027e+37
321,15,102,2.4073319002789594e+37
324,15,103,3.8775305778086144e+37
327,15,104,6.2345646255007827e+37
330,15,105,1.0006895269857927e+38
333,15,106,1.6034127624670661e+38
336,15,107,2.564804504142237e+38
339,15,108,4.0957751555438814e+38
342,15,109,6.5298106214054181e+38
345,15,110,1.0393389790693556e+39
348,15,111,1.6516396261098363e+39
351,15,112,2.6204984957325472e+39
354,15,113,4.1511838756469215e+39
357,15,114,6.5658077385481064e+39
360,15,115,1.0369098465499607e+40
363,15,116,1.6350792673405366e+40
366,15,117,2.5744813733971383e+40
369,15,118,4.0476393275796143e+40
372,15,119,6.3545205090722894e+40
375,15,120,9.9618579336492061e+40
378,15,121,1.5594877884660406e+41
381,15,122,2.4378952055295778e+41
384,15,123,3.8058065112573502e+41
387,15,124,5.9331324735360684e+41
390,15,125,9.237064304125613e+41
393,15,126,1.4361613879070007e+42
396,15,127,2.2299674666763289e+42
399,15,128,3.4580106365785797e+42
402,15,129,5.3554137513334809e+42
405,15,130,8.2833289621945522e+42
408,15,131,1.2795819748992502e+43
411,15,132,1.9741887695960398e+43
414,15,133,3.0420932394772263e+43
417,15,134,4.681935835595978e+43
420,15,135,7.1970279991203542e+43
423,15,136,1.1049975792650955e+44
426,15,137,1.6945537963226085e+44
429,15,138,2.5956175155414349e+44
432,15,139,3.9712080298947964e+44
435,15,140,6.0688499166844788e+44
438,15,141,9.263969027565428e+44
441,15,142,1.4125367613755237e+45
444,15,143,2.1513909388126836e+45
447,15,144,3.2731105998439153e+45
450,15,145,4.9742610200734103e+45
453,15,146,7.5514039035427806e+45
456,15,147,1.1451508078930464e+46
459,15,148,1.7347546488504504e+46
462,15,149,2.6251751908783023e+46
465,15,150,3.9685126299471168e+46
468,15,151,5.9930900532740305e+46
471,15,152,9.0413159983071551e+46
474,15,153,1.3626191220338958e+47
477,15,154,2.0515561471153589e+47
480,15,155,3.0857623637604558e+47
483,15,156,4.6367712598312849e+47
486,15,157,6.9606037019604617e+47
489,15,158,1.0439027546703607e+48
492,15,159,1.564079685505971e+48
495,15,160,2.3412465039358386e+48
498,15,161,3.5012935527097727e+48
501,15,162,5.2312641102957725e+48
504,15,163,7.8088140246549629e+48
507,15,164,1.164574668036367e+49
510,15,165,1.7352293625239989e+49
513,15,166,2.5831946833988632e+49
516,15,167,3.8421246534818296e+49
519,15,168,5.7095665328358855e+49
522,15,169,8.4772592122060226e+49
525,15,170,1.2575684736998922e+50
528,15,171,1.8639525089395087e+50
531,15,172,2.7603756732796127e+50
534,15,173,4.0844611178737204e+50
537,15,174,6.0386186329043611e+50
540,15,175,8.9203047956023841e+50
543,15,176,1.3166307396232496e+51
546,15,177,1.9417503933659893e+51
549,15,178,2.8613487702532757e+51
552,15,179,4.2130732149772498e+51
555,15,180,6.1984174257659501e+51
558,15,181,9.1121107752358615e+51
561,15,182,1.3384934003834673e+52
564,15,183,1.9646049272458604e+52
567,15,184,2.881367264777434e+52
570,15,185,4.2226881402550138e+52
573,15,186,6.1837080031768202e+52
576,15,187,9.0485929703708529e+52
579,15,188,1.3230850171101645e+53
582,15,189,1.9331766564640357e+53
585,15,190,2.8225059519782538e+53
588,15,191,4.1179411250079326e+53
591,15,192,6.0035719640145831e+53
594,15,193,8.7463323804960595e+53
597,15,194,1.2733014137680551e+54
600,15,195,1.8523700095133566e+54
603,15,196,2.6928849348699532e+54
606,15,197,3.9120430030206576e+54
609,15,198,5.6792032956659786e+54
612,15,199,8.2389403502308065e+54
615,15,200,1.1944214666790182e+55
618,15,201,1.7304069999113077e+55
621,15,202,2.5052175506330934e+55
624,15,203,3.6245259968585387e+55
627,15,204,5.2404385273342147e+55
630,15,205,7.5717576226021977e+55
633,15,206,1.0933027361434391e+56
636,15,207,1.5776141758387918e+56
639,15,208,2.2749913494873503e+56
642,15,209,3.2785303765248406e+56
645,15,210,4.7217293787591841e+56
648,15,211,6.7959046067140357e+56
651,15,212,9.7750642056264136e+56
654,15,213,1.4051411933364151e+57
657,15,214,2.0185993740172477e+57
660,15,215,2.8980903567347962e+57
663,15,216,4.1582165808069353e+57
666,15,217,5.9626242705849425e+57
669,15,218,8.544854504443154e+57
672,15,219,1.2238001719090508e+58
675,15,220,1.7516875970706905e+58
678,15,221,2.5057906659846138e+58
681,15,222,3.5824205511519912e+58
684,15,223,5.1186288378332812e+58
687,15,224,7.309330951509417e+58
690,15,225,1.0431581035029768e+59
693,15,226,1.4878966228215218e+59
696,15,227,2.1210312356740961e+59
699,15,228,3.0218618793074247e+59
702,15,229,4.3028572079010275e+59
705,15,230,6.123441290583561e+59
708,15,231,8.7094752384350103e+59
711,15,232,1.2380771700260277e+60
714,15,233,1.7589934094995889e+60
717,15,234,2.4977153237943144e+60
720,15,235,3.5447477614043295e+60
723,15,236,5.0279718386017933e+60
726,15,237,7.1279862106047412e+60
729,15,238,1.0099707095667695e+61
732,15,239,1.4302765070986831e+61
735,15,240,2.0244259721196137e+61
738,15,241,2.8638866229092442e+61
741,15,242,4.0493294257217654e+61
744,15,243,5.7224906950635354e+61
747,15,244,8.08282347062514e+61
750,15,245,1.1410860817335402e+62
753,15,246,1.610098062972852e+62
756,15,247,2.2707332995493813e+62
759,15,248,3.2008187028758937e+62
762,15,249,4.5096041439179318e+62
765,15,250,6.350375451453059e+62
768,15,251,8.9381008125487067e+62
771,15,252,1.2574107652882901e+63
774,15,253,1.7680574910792322e+63
777,15,254,2.4848722486647424e+63
780,15,255,3.4906106082865992e+63
783,15,256,4.901054893396235e+63
786,15,257,6.8781194127311032e+63
789,15,258,9.6481264126763462e+63
792,15,259,1.3527281376270713e+64
795,15,260,1.8957167729098657e+64
798,15,261,2.6554179494253656e+64
801,15,262,3.7178334433862425e+64
804,15,263,5.2029023644971035e+64
807,15,264,7.2778183167604816e+64
810,15,265,1.0175543237001082e+65
813,15,266,1.4220534589161396e+65
816,15,267,1.9864480916334375e+65
819,15,268,2.7735917829983796e+65
822,15,269,3.8709086401107709e+65
825,15,270,5.3999455974080369e+65
828,15,271,7.5296180677366853e+65
831,15,272,1.0494569255285852e+66
834,15,273,1.4620606657413538e+66
837,15,274,2.0359929182596497e+66
840,15,275,2.8339893082781801e+66
843,15,276,3.9430492182461733e+66
846,15,277,5.4837695786838806e+66
849,15,278,7.6232499859751656e+66
852,15,279,1.0592928361393321e+67
855,15,280,1.4713220940055618e+67
858,15,281,2.0427548739905425e+67
861,15,282,2.8349307409487506e+67
864,15,283,3.9326678145327046e+67
867,15,284,5.4532020953649003e+67
870,15,285,7.5585125475774432e+67
873,15,286,1.0472307609000361e+68
876,15,287,1.4503426954950081e+68
879,15,288,2.0078068799704723e+68
882,15,289,2.7784153930202019e+68
885,15,290,3.8432373595484266e+68
888,15,291,5.3140163271548114e+68
891,15,292,7.3447167759967943e+68
894,15,293,1.0147394697412512e+69
897,15,294,1.4014003317116984e+69
900,15,295,1.934634225945206e+69
903,15,296,2.6697175943477308e+69
906,15,297,3.6826665607691233e+69
909,15,298,5.0779789434203689e+69
912,15,299,6.9992517386445924e+69
915,15,300,9.6437367039572734e+69
918,15,301,1.3282287404535938e+70
921,15,302,1.8286684788830868e+70
924,15,303,2.5167057077114204e+70
927,15,304,3.4623104391585126e+70
930,15,305,4.7614195696266636e+70
933,15,306,6.5455256713079439e+70
936,15,307,8.9947891449100106e+70
939,15,308,1.2355962020666835e+71
942,15,309,1.696688044689874e+71
945,15,310,2.3289921389051103e+71
948,15,311,3.1957688438687409e+71
951,15,312,4.3835374997613935e+71
954,15,313,6.0105863315062581e+71
957,15,314,8.2385808143961389e+71
960,15,315,1.1288393212115071e+72
963,15,316,1.5461680854899065e+72
966,15,317,2.1170290881275554e+72
969,15,318,2.8976316519719508e+72
972,15,319,3.9646644885980286e+72
975,15,320,5.422721404492467e+72
978,15,321,7.4144066867600742e+72
981,15,322,1.0134082587786787e+73
984,15,323,1.3846565356739565e+73
987,15,324,1.8912542695116723e+73
990,15,325,2.5823117689810974e+73
993,15,326,3.5246740824734932e+73
996,15,327,4.8092951856011112e+73
999,15,328,6.5598924293426579e+73
1002,15,329,8.9446931730198051e+73
1005,15,330,1.2192373285595043e+74
1008,15,331,1.6613676474955932e+74
1011,15,332,2.263072984700287e+74
1014,15,333,3.0816782816454651e+74
1017,15,334,4.1950058397680044e+74
1020,15,335,5.7086705545748937e+74
1023,15,336,7.765959663573747e+74
1026,15,337,1.0561208448043941e+75
1029,15,338,1.4357903290345885e+75
1032,15,339,1.9513175265255514e+75
1035,15,340,2.6510929934825923e+75
1038,15,341,3.6006644594322049e+75
1041,15,342,4.888792336960785e+75
1044,15,343,6.6356328143474586e+75
1047,15,344,9.003792687056503e+75
1050,15,345,1.2213259199824126e+76
1053,15,346,1.6561557110066698e+76
1056,15,347,2.2450954944280254e+76
1059,15,348,3.042517465386074e+76
1062,15,349,4.1218909530337102e+76
1065,15,350,5.5824599439788274e+76
1068,15,351,7.5582451033633276e+76
1071,15,352,1.0230175894146265e+77
1074,15,353,1.3842436365112887e+77
1077,15,354,1.8724481641492877e+77
1080,15,355,2.5320683772036937e+77
1083,15,356,3.4230239150085244e+77
1086,15,357,4.6260873916517108e+77
1089,15,358,6.2501097195118189e+77
1092,15,359,8.4417380020189201e+77
1095,15,360,1.1398482141899373e+78
1098,15,361,1.5386279109989597e+78
1101,15,362,2.0763096324978273e+78
1104,15,363,2.8010641613158756e+78
1107,15,364,3.777695197233329e+78
1110,15,365,5.0933577329310153e+78
1113,15,366,6.8652339505356037e+78
1116,15,367,9.2508338747392327e+78
1119,15,368,1.2461814483451356e+79
1122,15,369,1.6782513980740671e+79
1125,15,370,2.2594803239136545e+79
1128,15,371,3.0411398409869536e+79
1131,15,372,4.092050328845594e+79
1134,15,373,5.5045618465872617e+79
1137,15,374,7.4025648320594168e+79
1140,15,375,9.9522165511789857e+79
1143,15,376,1.3376300116438114e+80
1146,15,377,1.7973441113964082e+80
1149,15,378,2.414381828749678e+80
1152,15,379,3.2423553729080643e+80
1155,15,380,4.3530700447002269e+80
1158,15,381,5.8426722049601158e+80
1161,15,382,7.8398661848093044e+80
1164,15,383,1.051689350885363e+81
1167,15,384,1.4104199218170705e+81
1170,15,385,1.8910018415580609e+81
1173,15,386,2.5346526874857914e+81
1176,15,387,3.3964746515799589e+81
1179,15,388,4.5501124759006332e+81
1182,15,389,6.0939676058035427e+81
1185,15,390,8.1594863744168532e+81
1188,15,391,1.0922211629647017e+82
1191,15,392,1.4616515448858591e+82
1194,15,393,1.9555234073961113e+82
1197,15,394,2.6155829655096394e+82
1200,15,395,3.4975239610154661e+82
1203,15,396,4.6756286906450947e+82
1206,15,397,6.2489471066493999e+82
1209,15,398,8.3495216740175523e+82
1212,15,399,1.1153332574919882e+83
1215,15,400,1.4894859411889456e+83
1218,15,401,1.9886449602189824e+83
1221,15,402,2.6544073794965685e+83
1224,15,403,3.5421566161338856e+83
1227,15,404,4.7256133734097061e+83
1230,15,405,6.302882895119056e+83
1233,15,406,8.4044885785573667e+83
1236,15,407,1.1204041838768492e+84
1239,15,408,1.4932409913238391e+84
1242,15,409,1.9896523846147808e+84
1245,15,410,2.650434042783346e+84
1248,15,411,3.5297963780349608e+84
1251,15,412,4.6997583428810806e+84
1254,15,413,6.2559747421170824e+84
1257,15,414,8.3254629196686553e+84
1260,15,415,1.1076845505673035e+85
1263,15,416,1.4733925359620312e+85
1266,15,417,1.959367255502577e+85
1269,15,418,2.6050051842876283e+85
1272,15,419,3.4625579723460536e+85
1275,15,420,4.6013108960057208e+85
1278,15,421,6.113114245599132e+85
1281,15,422,8.1197040366660551e+85
1284,15,423,1.0782388650654573e+86
1287,15,424,1.4314863114108352e+86
1290,15,425,1.9000157024763984e+86
1293,15,426,2.5213044489380442e+86
1296,15,427,3.3449669697474271e+86
1299,15,428,4.4366702642807932e+86
1302,15,429,5.8833079114410945e+86
1305,15,430,7.7998354146163151e+86
1308,15,431,1.0338298331644416e+87
1311,15,432,1.3699753990460977e+87
1314,15,433,1.8150010723659927e+87
1317,15,434,2.4040402467992148e+87
1320,15,435,3.1835203635711191e+87
1323,15,436,4.2147798786915206e+87
1326,15,437,5.5788392478130317e+87
1329,15,438,7.3826927552304212e+87
1332,15,439,9.7676041841600051e+87
1335,15,440,1.2920042150713906e+88
1338,15,441,1.7086091926593111e+88
1341,15,442,2.2590444887655813e+88
1344,15,443,2.9861414214319851e+88
1347,15,444,3.9463882215627684e+88
1350,15,445,5.2142684876672441e+88
1353,15,446,6.8879727852225349e+88
1356,15,447,9.0969164059892748e+88
1359,15,448,1.2011632354204136e+89
1362,15,449,1.5856787269622343e+89
1365,15,450,2.092830251730624e+89
1368,15,451,2.7615870485110478e+89
1371,15,452,3.6432560054627693e+89
1374,15,453,4.8053735151950619e+89
1377,15,454,6.3368205416440047e+89
1380,15,455,8.3545439654661138e+89
1383,15,456,1.101238680599952e+90
1386,15,457,1.4512686614011363e+90
1389,15,458,1.9121506704288043e+90
1392,15,459,2.518863401931148e+90
1395,15,460,3.3173830001785081e+90
1398,15,461,4.3681282696537126e+90
1401,15,462,5.7504813139416427e+90
1404,15,463,7.5687181035397445e+90
1407,15,464,9.959787146203905e+90
1410,15,465,1.3103510125201747e+91
1413,15,466,1.7235955934744277e+91
1416,15,467,2.266697185384164e+91
1419,15,468,2.9803159480495949e+91
1422,15,469,3.9177980469088222e+91
1425,15,470,5.149119676807662e+91
1428,15,471,6.7660529405188043e+91
1431,15,472,8.8889307819802376e+91
1434,15,473,1.1675504212900591e+92
1437,15,474,1.5332536682511464e+92
1440,15,475,2.013097849220859e+92
1443,15,476,2.6425822824248689e+92
1446,15,477,3.4682082725608737e+92
1449,15,478,4.5508769372736119e+92
1452,15,479,5.970332756782093e+92
1455,15,480,7.830973565306168e+92
1458,15,481,1.0269445726276567e+93
1461,15,482,1.346457111335826e+93
1464,15,483,1.7650319318729478e+93
1467,15,484,2.3132756033026161e+93
1470,15,485,3.0312182160871822e+93
1473,15,486,3.9712047966537759e+93
1476,15,487,5.2016708443259302e+93
1479,15,488,6.8120714079335239e+93
1482,15,489,8.919314938748764e+93
1485,15,490,1.1676159739181358e+94
1488,15,491,1.528216964225186e+94
1491,15,492,1.9998006320531198e+94
1494,15,493,2.6164070968201377e+94
1497,15,494,3.4224814451342577e+94
1500,15,495,4.4760433731358148e+94
1503,15,496,5.8528191185005707e+94
1506,15,497,7.6516268433171007e+94
1509,15,498,1.0001394429948947e+95
1512,15,499,1.3070302841292703e+95
1515,15,500,1.7077696678251339e+95
1518,15,501,2.2309596606325183e+95
1521,15,502,2.913889924445472e+95
1524,15,503,3.8051676213379577e+95
1527,15,504,4.9681407778278071e+95
1530,15,505,6.4853537026173609e+95
1533,15,506,8.4643445591463575e+95
1536,15,507,1.1045188061801225e+96
1539,15,508,1.4410306851589316e+96
1542,15,509,1.8797231660583439e+96
1545,15,510,2.451519358621004e+96
1548,15,511,3.1966695527337409e+96
1551,15,512,4.1675552047201853e+96
1554,15,513,5.4323330904999951e+96
1557,15,514,7.0796705396357071e+96
1560,15,515,9.2248973540774662e+96
1563,15,516,1.2017996865189172e+97
1566,15,517,1.5653984146801448e+97
1569,15,518,2.0386382165230902e+97
1572,15,519,2.654471759499509e+97
1575,15,520,3.4557231379750032e+97
1578,15,521,4.4980353271278942e+97
1581,15,522,5.8536948345586157e+97
1584,15,523,7.6165937673354535e+97
1587,15,524,9.9086664755579012e+97
1590,15,525,1.2888237554933925e+98
1593,15,526,1.6760846952622299e+98
1596,15,527,2.1793284837387394e+98
1599,15,528,2.8331784900075628e+98
1602,15,529,3.6825604235802665e+98
1605,15,530,4.7857579519981796e+98
1608,15,531,6.2183716852206007e+98
1611,15,532,8.0784477444480423e+98
1614,15,533,1.0493120335749684e+99
1617,15,534,1.3627213851172568e+99
1620,15,535,1.7694380706275439e+99
1623,15,536,2.2971520021818694e+99
1626,15,537,2.9817440508129996e+99
1629,15,538,3.8697012887130281e+99
1632,15,539,5.0212421438224717e+99
1635,15,540,6.5143594711034075e+99
1638,15,541,8.4500502979098292e+99
1641,15,542,1.0959079442820414e+100
1644,15,543,1.4210725472292815e+100
1647,15,544,1.8424088166936561e+100
1650,15,545,2.3882705353390673e+100
1653,15,546,3.0953444617599023e+100
1656,15,547,4.0110916226212254e+100
1659,15,548,5.1969015811682933e+100
1662,15,549,6.7321672552885832e+100
1665,15,550,8.7195481024833083e+100
1668,15,551,1.1291767163392513e+101
1671,15,552,1.4620387587918103e+101
1674,15,553,1.8927143331671244e+101
1677,15,554,2.4498565038478154e+101
1680,15,555,3.1704856443745859e+101
1683,15,556,4.1024252747513936e+101
1686,15,557,5.3074448078411958e+101
1689,15,558,6.8653137252799563e+101
1692,15,559,8.8790306925868902e+101
1695,15,560,1.1481567074484241e+102
1698,15,561,1.4844562086931004e+102
1701,15,562,1.9189532674744986e+102
1704,15,563,2.4802323170167224e+102
1707,15,564,3.2051728199904491e+102
1710,15,565,4.1413490445810875e+102
1713,15,566,5.3501219788854263e+102
1716,15,567,6.910622400321451e+102
1719,15,568,8.9248811679861143e+102
1722,15,569,1.1524436162328724e+103
1725,15,570,1.4878839604064541e+103
1728,15,571,1.9206610708685943e+103
1731,15,572,2.4789334433776574e+103
1734,15,573,3.1989807285554154e+103
1737,15,574,4.1275388390290349e+103
1740,15,575,5.3248044498038834e+103
1743,15,576,6.8683002057130572e+103
1746,15,577,8.8578464634356445e+103
1749,15,578,1.1421955396416837e+104
1752,15,579,1.4726053165299566e+104
1755,15,580,1.8983051229796914e+104
1758,15,581,2.4466935963608414e+104
1761,15,582,3.1530235778657885e+104
1764,15,583,4.062646882367892e+104
1767,15,584,5.2338987186547139e+104
1770,15,585,6.741803487006615e+104
1773,15,586,8.6828351573377284e+104
1776,15,587,1.1181031445462428e+105
1779,15,588,1.4395845651457682e+105
1782,15,589,1.8532228545826325e+105
1785,15,590,2.3853571800390188e+105
1788,15,591,3.0698322759436868e+105
1791,15,592,3.9501308838368554e+105
1794,15,593,5.0821102611449344e+105
1797,15,594,6.5375133738302798e+105
1800,15,595,8.4084734357426487e+105
1803,15,596,1.0813291996647197e+106
1806,15,597,1.390384958924774e+106
1809,15,598,1.7875108853747934e+106
1812,15,599,2.2977299248022039e+106
1815,15,600,2.95315378231904e+106
1818,15,601,3.7949852204852384e+106
1821,15,602,4.876084278701777e+106
1824,15,603,6.2642567733185118e+106
1827,15,604,8.0464677792545587e+106
1830,15,605,1.0334239515462512e+107
1833,15,606,1.3270565604294384e+107
1836,15,607,1.7038766452496052e+107
1839,15,608,2.1873829133904354e+107
1842,15,609,2.8076926824442179e+107
1845,15,610,3.6034006725350391e+107
1848,15,611,4.6239583224181518e+107
1851,15,612,5.9327189744388393e+107
1854,15,613,7.6108347416412441e+107
1857,15,614,9.7622425740469603e+107
1860,15,615,1.2520043090481603e+108
1863,15,616,1.6054660106585922e+108
1866,15,617,2.0584276533616557e+108
1869,15,618,2.6388179905097293e+108
1872,15,619,3.3823826452212202e+108
1875,15,620,4.3348656902509558e+108
1878,15,621,5.5547983422974731e+108
1881,15,622,7.1170632458121176e+108
1884,15,623,9.1174494410368348e+108
1887,15,624,1.1678472595036213e+109
1890,15,625,1.4956810961991943e+109
1893,15,626,1.9152804341428363e+109
1896,15,627,2.4522586768283365e+109
1899,15,628,3.1393581119724902e+109
1902,15,629,4.018428458956264e+109
1905,15,630,5.1429529945942856e+109
1908,15,631,6.581273378231039e+109
1911,15,632,8.4207058870885806e+109
1914,15,633,1.077279477654108e+110
1917,15,634,1.3780016021423273e+110
1920,15,635,1.7624330750014179e+110
1923,15,636,2.2538097312837266e+110
1926,15,637,2.8817990573939241e+110
1929,15,638,3.6842754868380102e+110
1932,15,639,4.7095843562934239e+110
1935,15,640,6.0194286549695489e+110
1938,15,641,7.6925494167112668e+110
1941,15,642,9.8294173433922284e+110
1944,15,643,1.2558212738603337e+111
1947,15,644,1.6042446541102069e+111
1950,15,645,2.04906715890679e+111
1953,15,646,2.6168855824799623e+111
1956,15,647,3.3416145090718204e+111
1959,15,648,4.26649415276737e+111
1962,15,649,5.4466475872447973e+111
1965,15,650,6.952337278263743e+111
1968,15,651,8.8731116266967409e+111
1971,15,652,1.132308409625114e+112
1974,15,653,1.4447653433159878e+112
1977,15,654,1.8432057291784762e+112
1980,15,655,2.3512258089747665e+112
1983,15,656,2.9988795264913087e+112
1986,15,657,3.8244410080013131e+112
1989,15,658,4.8766467604007625e+112
1992,15,659,6.2175478035154824e+112
1995,15,660,7.9261372038602609e+112
1998,15,661,1.0102963245229436e+113
2001,15,662,1.2875995318270032e+113
2004,15,663,1.6408081788980697e+113
2007,15,664,2.0906430736331839e+113
2010,15,665,2.6634660761047452e+113
2013,15,666,3.3928116692981035e+113
2016,15,667,4.3213332368360271e+113
2019,15,668,5.5032760370570552e+113
2022,15,669,7.0076190240087473e+113
2025,15,670,8.9220659281370183e+113
2028,15,671,1.1358114543866817e+114
2031,15,672,1.4457494726484529e+114
2034,15,673,1.8400343662968757e+114
2037,15,674,2.3415585963222901e+114
2040,15,675,2.9794111612987573e+114
16,16,0,4083
19,16,1,71724
22,16,2,725172
25,16,3,5410860
28,16,4,33032577
31,16,5,174059112
34,16,6,818356971
37,16,7,3509428374
40,16,8,13944555678
43,16,9,51939433866
46,16,10,182977595082
49,16,11,613992411671.99902
52,16,12,1973582318679
55,16,13,6105084665208
58,16,14,18245299000626
61,16,15,52850274488034.25
64,16,16,148794063633635.25
67,16,17,408134032423916.5
70,16,18,1092945834292120
73,16,19,2862594754066900
76,16,20,7344788070769968
79,16,21,18487174896471584
82,16,22,45706764080762560
85,16,23,1.1112163632047616e+17
88,16,24,2.6592884310961459e+17
91,16,25,6.2701631323405824e+17
94,16,26,1.4578060160372163e+18
97,16,27,3.3446963657577103e+18
100,16,28,7.5779168113693327e+18
103,16,29,1.6965010519631921e+19
106,16,30,3.7551069244092449e+19
109,16,31,8.2221846942206132e+19
112,16,32,1.7818208457855232e+20
115,16,33,3.8234196745903093e+20
118,16,34,8.127106801046158e+20
121,16,35,1.7119380526955548e+21
124,16,36,3.5749382014435307e+21
127,16,37,7.4033310631660932e+21
130,16,38,1.5209117359724705e+22
133,16,39,3.1004899144186481e+22
136,16,40,6.2737804471282851e+22
139,16,41,1.2604244574998601e+23
142,16,42,2.5147909712886227e+23
145,16,43,4.9841068697066816e+23
148,16,44,9.8145467969245179e+23
151,16,45,1.920624049666784e+24
154,16,46,3.7358594423180671e+24
157,16,47,7.2243210297055439e+24
160,16,48,1.3891206011096273e+25
163,16,49,2.6563996104038598e+25
166,16,50,5.0527507862192303e+25
169,16,51,9.561156479598568e+25
172,16,52,1.8001343865234409e+26
175,16,53,3.3726578360332498e+26
178,16,54,6.288840833651891e+26
181,16,55,1.1672271652129276e+27
184,16,56,2.156650053294158e+27
187,16,57,3.9672925770772397e+27
190,16,58,7.2668737199147465e+27
193,16,59,1.3255202654153825e+28
196,16,60,2.4079924735353595e+28
199,16,61,4.3570915051405936e+28
202,16,62,7.853299059136177e+28
205,16,63,1.4101359059013663e+29
208,16,64,2.5226740352958207e+29
211,16,65,4.4966505482883406e+29
214,16,66,7.9869341921903485e+29
217,16,67,1.4137345522588978e+30
220,16,68,2.4939344513276826e+30
223,16,69,4.384933564114709e+30
226,16,70,7.684792281179319e+30
229,16,71,1.3425226827513507e+31
232,16,72,2.3380821052404014e+31
235,16,73,4.0595116619876492e+31
238,16,74,7.0273260710652504e+31
241,16,75,1.2129256730610685e+32
244,16,76,2.087520282091032e+32
247,16,77,3.5826428567593858e+32
250,16,78,6.1316270765811267e+32
253,16,79,1.0465734968570409e+33
256,16,80,1.781587671131207e+33
259,16,81,3.0248869659134606e+33
262,16,82,5.1226651721519364e+33
265,16,83,8.6534129691995947e+33
268,16,84,1.4581517275916294e+34
271,16,85,2.4510967612953109e+34
274,16,86,4.1103493566667298e+34
277,16,87,6.8766216065895224e+34
280,16,88,1.1478012810813382e+35
283,16,89,1.9114813578303048e+35
286,16,90,3.1761525397526754e+35
289,16,91,5.2659442750090199e+35
292,16,92,8.7118434462239817e+35
295,16,93,1.4381945155656839e+36
298,16,94,2.3692638574544036e+36
301,16,95,3.8950367540806637e+36
304,16,96,6.3903662492772807e+36
307,16,97,1.0463316804016719e+37
310,16,98,1.7098400064463097e+37
313,16,99,2.7886676488440708e+37
316,16,100,4.5394749280286652e+37
319,16,101,7.3755456235288239e+37
322,16,102,1.1961183398465986e+38
325,16,103,1.9362307752483575e+38
328,16,104,3.1286306584755043e+38
331,16,105,5.0463416811018213e+38
334,16,106,8.1252156846075484e+38
337,16,107,1.305988931582497e+39
340,16,108,2.0955627452491498e+39
343,16,109,3.3568227156951209e+39
346,16,110,5.36824673677263e+39
349,16,111,8.5708205802233709e+39
352,16,112,1.3661788044914705e+40
355,16,113,2.1741876008195005e+40
358,16,114,3.4546157343378792e+40
361,16,115,5.4805541734310352e+40
364,16,116,8.681199722452501e+40
367,16,117,1.3730107333101213e+41
370,16,118,2.1682792760594759e+41
373,16,119,3.4190986180892557e+41
376,16,120,5.3835780215982724e+41
379,16,121,8.4644952035462387e+41
382,16,122,1.3289520715199943e+42
385,16,123,2.0835463234908442e+42
388,16,124,3.262044078071069e+42
391,16,125,5.1000731334410935e+42
394,16,126,7.9628740874710806e+42
397,16,127,1.2415864813354054e+43
400,16,128,1.9333232227129211e+43
403,16,129,3.0064838874183327e+43
406,16,130,4.6692448037274921e+43
409,16,131,7.2422592292169051e+43
412,16,132,1.1218824005195957e+44
415,16,133,1.735691455174061e+44
418,16,134,2.6819803894607639e+44
421,16,135,4.1390665017935671e+44
424,16,136,6.3799707662773213e+44
427,16,137,9.8222298340004709e+44
430,16,138,1.5103658359727072e+45
433,16,139,2.3197453501060252e+45
436,16,140,3.558688001473659e+45
439,16,141,5.4530089022057401e+45
442,16,142,8.3461146951456368e+45
445,16,143,1.2759668995388101e+46
448,16,144,1.9485267247860389e+46
451,16,145,2.9722827404082782e+46
454,16,146,4.5289286596728386e+46
457,16,147,6.8932999778156999e+46
460,16,148,1.0480689802875691e+47
463,16,149,1.5917986119184151e+47
466,16,150,2.4150517432461086e+47
469,16,151,3.6602373445045075e+47
472,16,152,5.5416730228166677e+47
475,16,153,8.3815756924465542e+47
478,16,154,1.2663909057892492e+48
481,16,155,1.9114871307667792e+48
484,16,156,2.88230899749655e+48
487,16,157,4.3418945903159927e+48
490,16,158,6.5341867987361687e+48
493,16,159,9.8238390581640478e+48
496,16,160,1.4755440713150636e+49
499,16,161,2.214155699943881e+49
502,16,162,3.3193486287356947e+49
505,16,163,4.9715289920847493e+49
508,16,164,7.4391460218151652e+49
511,16,165,1.1121304654759397e+50
514,16,166,1.6610833872881022e+50
517,16,167,2.4787550822135364e+50
520,16,168,3.6956061314640936e+50
523,16,169,5.5049193623623104e+50
526,16,170,8.192807673667865e+50
529,16,171,1.2182441093806857e+51
532,16,172,1.8099177614335532e+51
535,16,173,2.6866400181630473e+51
538,16,174,3.9846423034455065e+51
541,16,175,5.9047497030160103e+51
544,16,176,8.7427680420692631e+51
547,16,177,1.2934055207412514e+52
550,16,178,1.9118846832574322e+52
553,16,179,2.823792656218816e+52
556,16,180,4.167262899130763e+52
559,16,181,6.1449562888831573e+52
562,16,182,9.0539747699153038e+52
565,16,183,1.3329537728705551e+53
568,16,184,1.9608705713712368e+53
571,16,185,2.8823284665993412e+53
574,16,186,4.2335174007274263e+53
577,16,187,6.2133406196737837e+53
580,16,188,9.1120790001881364e+53
583,16,189,1.3353060661075362e+54
586,16,190,1.95531934930135e+54
589,16,191,2.8610837491596268e+54
592,16,192,4.18332758462792e+54
595,16,193,6.1121501195040967e+54
598,16,194,8.9237903222706779e+54
601,16,195,1.3019378465117286e+55
604,16,196,1.8980996490231896e+55
607,16,197,2.7652723578627513e+55
610,16,198,4.0257723976947491e+55
613,16,199,5.85672931943586e+55
616,16,200,8.5144758276952133e+55
619,16,201,1.2369714706962208e+56
622,16,202,1.7958191487700995e+56
625,16,203,2.6053662420356956e+56
628,16,204,3.7772899951636123e+56
631,16,205,5.47267058359321e+56
634,16,206,7.923695239553637e+56
637,16,207,1.1464832555733797e+57
640,16,208,1.6577581129674741e+57
643,16,209,2.3954663424787884e+57
646,16,210,3.4592057887025761e+57
649,16,211,4.9920860869795653e+57
652,16,212,7.1996101099603119e+57
655,16,213,1.0376694177390622e+58
658,16,214,1.4946312004599066e+58
661,16,215,2.1514729822941666e+58
664,16,216,3.0950409074710531e+58
667,16,217,4.4496651630390089e+58
670,16,218,6.3932323412869087e+58
673,16,219,9.180104370269791e+58
676,16,220,1.3173781678787261e+59
679,16,221,1.8893426769504325e+59
682,16,222,2.7080092017615687e+59
685,16,223,3.8790943684323085e+59
688,16,224,5.5533241444987879e+59
691,16,225,7.9454740773596498e+59
694,16,226,1.1361412920643363e+60
697,16,227,1.6236492586406681e+60
700,16,228,2.3190014937002063e+60
703,16,229,3.3102465880311701e+60
706,16,230,4.7224974205046929e+60
709,16,231,6.733435684517654e+60
712,16,232,9.5952618378392907e+60
715,16,233,1.3665753375686402e+61
718,16,234,1.9452187751243513e+61
721,16,235,2.7673425937325009e+61
724,16,236,3.9347619557763595e+61
727,16,237,5.5916052729625879e+61
730,16,238,7.9417915509012494e+61
733,16,239,1.127368285459056e+62
736,16,240,1.599483980044702e+62
739,16,241,2.2680995602661527e+62
742,16,242,3.2145030686990153e+62
745,16,243,4.5534067179019562e+62
748,16,244,6.446607910879069e+62
751,16,245,9.1222005170663378e+62
754,16,246,1.2901578058880988e+63
757,16,247,1.8237370518681303e+63
760,16,248,2.5766715809876478e+63
763,16,249,3.6386028154689678e+63
766,16,250,5.1355887522314473e+63
769,16,251,7.2448114089708106e+63
772,16,252,1.0215189559826875e+64
775,16,253,1.4396254135839543e+64
778,16,254,2.0278579323925376e+64
781,16,255,2.8550367310617207e+64
784,16,256,4.0176603682659328e+64
787,16,257,5.6509735157942148e+64
790,16,258,7.9444351498130031e+64
793,16,259,1.1163326795939995e+65
796,16,260,1.5678924328628715e+65
799,16,261,2.2010608019593883e+65
802,16,262,3.0884607975123023e+65
805,16,263,4.3315919894352115e+65
808,16,264,6.0722478939131478e+65
811,16,265,8.508422412362501e+65
814,16,266,1.1916460518308921e+66
817,16,267,1.6681890877549248e+66
820,16,268,2.3342324502184115e+66
823,16,269,3.2647115387728446e+66
826,16,270,4.5640296702168356e+66
829,16,271,6.3775823427397403e+66
832,16,272,8.907763730580938e+66
835,16,273,1.2436189245779569e+67
838,16,274,1.7354535072469144e+67
841,16,275,2.4207317916773829e+67
844,16,276,3.3751212985091135e+67
847,16,277,4.7037269356913845e+67
850,16,278,6.5524814050285811e+67
853,16,279,9.1239193471355829e+67
856,16,280,1.2699013374236507e+68
859,16,281,1.7667389156745332e+68
862,16,282,2.456911779593443e+68
865,16,283,3.415249803605308e+68
868,16,284,4.7453913839959079e+68
871,16,285,6.5908156803288224e+68
874,16,286,9.1500774564275398e+68
877,16,287,1.2697837089916512e+69
880,16,288,1.7613878689408794e+69
883,16,289,2.4423134789963648e+69
886,16,290,3.3850870802293228e+69
889,16,291,4.6898741467297982e+69
892,16,292,6.4949572917429825e+69
895,16,293,8.9911663929554538e+69
898,16,294,1.2441743491622178e+70
901,16,295,1.7209678890144973e+70
904,16,296,2.3795314052292622e+70
907,16,297,3.2888047683797152e+70
910,16,298,4.5437407664082485e+70
913,16,299,6.2750705399325687e+70
916,16,300,8.6627164870829781e+70
919,16,301,1.1954208147820897e+71
922,16,302,1.6489957809028363e+71
925,16,303,2.2737938224122374e+71
928,16,304,3.1341242435518701e+71
931,16,305,4.3183287343909736e+71
934,16,306,5.9477174023159743e+71
937,16,307,8.1888110124708136e+71
940,16,308,1.1270106650452291e+72
943,16,309,1.5505029950622179e+72
946,16,310,2.1323345534672089e+72
949,16,311,2.9314127357780349e+72
952,16,312,4.0284522539954459e+72
955,16,313,5.5340085189611185e+72
958,16,314,7.5994559262303321e+72
961,16,315,1.0431985362972833e+73
964,16,316,1.4315085281230993e+73
967,16,317,1.9636501630726905e+73
970,16,318,2.6926394484743133e+73
973,16,319,3.6909392133697117e+73
976,16,320,5.0575580164779701e+73
979,16,321,6.9277280339222353e+73
982,16,322,9.4860943860306433e+73
985,16,323,1.2984683906518931e+74
988,16,324,1.776737707751039e+74
991,16,325,2.4303225590222423e+74
994,16,326,3.3231797783900686e+74
997,16,327,4.542487367369173e+74
1000,16,328,6.2070356834822314e+74
1003,16,329,8.4786366126086392e+74
1006,16,330,1.1577631104082346e+75
1009,16,331,1.5803960404382621e+75
1012,16,332,2.1565787815413072e+75
1015,16,333,2.9418364028144522e+75
1018,16,334,4.011678518276666e+75
1021,16,335,5.4687586789528339e+75
1024,16,336,7.4525867371445482e+75
1027,16,337,1.0152700364631518e+76
1030,16,338,1.3826522087203413e+76
1033,16,339,1.8823560993492989e+76
1036,16,340,2.5618203117150056e+76
1039,16,341,3.4854124551666181e+76
1042,16,342,4.7404428324399241e+76
1045,16,343,6.4453046546544223e+76
1048,16,344,8.7604893546840729e+76
1051,16,345,1.1903487893139315e+77
1054,16,346,1.6168942790336169e+77
1057,16,347,2.1955892756570779e+77
1060,16,348,2.9804595007269574e+77
1063,16,349,4.0446277187559465e+77
1066,16,350,5.487033869531314e+77
1069,16,351,7.4415094160276512e+77
1072,16,352,1.0089026981072775e+78
1075,16,353,1.367423144448369e+78
1078,16,354,1.8527742330148596e+78
1081,16,355,2.509623345212487e+78
1084,16,356,3.3982989959321518e+78
1087,16,357,4.6002576259654425e+78
1090,16,358,6.2254502863647792e+78
1093,16,359,8.4222466036044049e+78
1096,16,360,1.1390799890752955e+79
1099,16,361,1.5401041431990574e+79
1102,16,362,2.0816900348464982e+79
1105,16,363,2.8128893609067259e+79
1108,16,364,3.7997966315964943e+79
1111,16,365,5.131444917074238e+79
1114,16,366,6.9277323441749736e+79
1117,16,367,9.3500758160546012e+79
1120,16,368,1.2615726271104076e+80
1123,16,369,1.7016998518887499e+80
1126,16,370,2.2947095675275268e+80
1129,16,371,3.0934780086752126e+80
1132,16,372,4.1690908339072979e+80
1135,16,373,5.6170872912475339e+80
1138,16,374,7.5658364695468145e+80
1141,16,375,1.0187770566320157e+81
1144,16,376,1.3714445550758859e+81
1147,16,377,1.8456727804952672e+81
1150,16,378,2.4831844074156153e+81
1153,16,379,3.3399618425207342e+81
1156,16,380,4.4911003364838381e+81
1159,16,381,6.0373058772449805e+81
1162,16,382,8.1135929814343003e+81
1165,16,383,1.0900924077520596e+82
1168,16,384,1.4641781201768073e+82
1171,16,385,1.9660993024274969e+82
1174,16,386,2.6393583515635788e+82
1177,16,387,3.5421999780993289e+82
1180,16,388,4.7525864885778458e+82
1183,16,389,6.3748452307053883e+82
1186,16,390,8.5485479028990032e+82
1189,16,391,1.1460368008674238e+83
1192,16,392,1.535991125890473e+83
1195,16,393,2.058084467486266e+83
1198,16,394,2.7569090749518254e+83
1201,16,395,3.6920439471658684e+83
1204,16,396,4.9430711385317797e+83
1207,16,397,6.6162643016941095e+83
1210,16,398,8.8535046770994294e+83
1213,16,399,1.1844163338834923e+84
1216,16,400,1.5840932576921771e+84
1219,16,401,2.118091367562396e+84
1222,16,402,2.831369935672291e+84
1225,16,403,3.7838761706563342e+84
1228,16,404,5.055521679618375e+84
1231,16,405,6.7528046815440463e+84
1234,16,406,9.0176200739464877e+84
1237,16,407,1.2038977314742826e+85
1240,16,408,1.6068582067042185e+85
1243,16,409,2.1441550587227867e+85
1246,16,410,2.8603940972536833e+85
1249,16,411,3.8149335798162598e+85
1252,16,412,5.086744027560108e+85
1255,16,413,6.7808626961445615e+85
1258,16,414,9.0369639121156398e+85
1261,16,415,1.2040736179133862e+86
1264,16,416,1.6038981687420215e+86
1267,16,417,2.135965140253325e+86
1270,16,418,2.8438422769756374e+86
1273,16,419,3.7853948304216537e+86
1276,16,420,5.0374592982256421e+86
1279,16,421,6.7020390608970453e+86
1282,16,422,8.9145155798513579e+86
1285,16,423,1.1854528338166362e+87
1288,16,424,1.5760387571924948e+87
1291,16,425,2.0948162521162945e+87
1294,16,426,2.7836956151848822e+87
1297,16,427,3.6982363725407839e+87
1300,16,428,4.9120755020849115e+87
1303,16,429,6.5227868289498317e+87
1306,16,430,8.6596323855432438e+87
1309,16,431,1.14938143268459e+88
1312,16,432,1.5252031020110701e+88
1315,16,433,2.0234398220112314e+88
1318,16,434,2.6838135601376081e+88
1321,16,435,3.5588866426302385e+88
1324,16,436,4.7181968119025441e+88
1327,16,437,6.2537189186430538e+88
1330,16,438,8.2870772761538745e+88
1333,16,439,1.0979067730294544e+89
1336,16,440,1.4542226362129049e+89
1339,16,441,1.9257415982310318e+89
1342,16,442,2.5495710001185699e+89
1345,16,443,3.3747259273385138e+89
1348,16,444,4.4659361885680092e+89
1351,16,445,5.9086659011546566e+89
1354,16,446,7.8157305010162109e+89
1357,16,447,1.0336017667639196e+90
1360,16,448,1.3665978657707755e+90
1363,16,449,1.8064766905397538e+90
1366,16,450,2.3874177266863246e+90
1369,16,451,3.1544902690480866e+90
1372,16,452,4.167110258291611e+90
1375,16,453,5.5035904400998245e+90
1378,16,454,7.2671283838272259e+90
1381,16,455,9.5936850776202721e+90
1384,16,456,1.2662348842290643e+91
1387,16,457,1.67089657263087e+91
1390,16,458,2.2044062188014585e+91
1393,16,459,2.907640685696018e+91
1396,16,460,3.8343979232454272e+91
1399,16,461,5.0554665417005097e+91
1402,16,462,6.6639725114075919e+91
1405,16,463,8.7824023455859181e+91
1408,16,464,1.1571826556057289e+92
1411,16,465,1.5244010238898016e+92
1414,16,466,2.0077311300682714e+92
1417,16,467,2.6437546713136925e+92
1420,16,468,3.4805373740030161e+92
1423,16,469,4.5812213063235341e+92
1426,16,470,6.0287369123794757e+92
1429,16,471,7.9319825509633522e+92
1432,16,472,1.0433926962809115e+93
1435,16,473,1.3722230929543298e+93
1438,16,474,1.804316862872293e+93
1441,16,475,2.3719870161420464e+93
1444,16,476,3.1176221838479656e+93
1447,16,477,4.0968172789923457e+93
1450,16,478,5.3824734983142466e+93
1453,16,479,7.0701667535366835e+93
1456,16,480,9.2851755833377498e+93
1459,16,481,1.2191679738891764e+94
1462,16,482,1.6004797560255602e+94
1465,16,483,2.100633519214339e+94
1468,16,484,2.7565388260188973e+94
1471,16,485,3.6165285926110889e+94
1474,16,486,4.7438823137198445e+94
1477,16,487,6.2214321802852166e+94
1480,16,488,8.1575837819692595e+94
1483,16,489,1.0694184336621002e+95
1486,16,490,1.4016803440746853e+95
1489,16,491,1.8368163526401898e+95
1492,16,492,2.4065681702182425e+95
1495,16,493,3.1524377278935038e+95
1498,16,494,4.1286780643337275e+95
1501,16,495,5.4061976064144317e+95
1504,16,496,7.0776558392541308e+95
1507,16,497,9.2641126856824763e+95
1510,16,498,1.2123703730106712e+96
1513,16,499,1.5862956409083773e+96
1516,16,500,2.0751548436368824e+96
1519,16,501,2.7141552017974744e+96
1522,16,502,3.5492522717990683e+96
1525,16,503,4.6404202091618453e+96
1528,16,504,6.0659136903836739e+96
1531,16,505,7.9278211926331739e+96
1534,16,506,1.0359299603476408e+97
1537,16,507,1.3533997507499901e+97
1540,16,508,1.7678327080983781e+97
1543,16,509,2.3087442848641709e+97
1546,16,510,3.014604328223151e+97
1549,16,511,3.9355446082971062e+97
1552,16,512,5.1368823001900932e+97
1555,16,513,6.7037045064609325e+97
1558,16,514,8.7468322805242402e+97
1561,16,515,1.1410577879869645e+98
1564,16,516,1.4882832652788492e+98
1567,16,517,1.9408183485935044e+98
1570,16,518,2.5304964056013895e+98
1573,16,519,3.2987417419768654e+98
1576,16,520,4.2994497120054917e+98
1579,16,521,5.6027288792684473e+98
1582,16,522,7.299762407094053e+98
1585,16,523,9.5091223349248586e+98
1588,16,524,1.2384969540875646e+99
1591,16,525,1.6127700700071443e+99
1594,16,526,2.0997770092085129e+99
1597,16,527,2.7333629909491251e+99
1600,16,528,3.5575012294545864e+99
1603,16,529,4.6293138468202084e+99
1606,16,530,6.0229909320478447e+99
1609,16,531,7.8348739140480964e+99
1612,16,532,1.0190048042723487e+100
1615,16,533,1.3250890551080877e+100
1618,16,534,1.7228152798076728e+100
1621,16,535,2.2395325149916636e+100
1624,16,536,2.9107253901074256e+100
1627,16,537,3.7824264831878774e+100
1630,16,538,4.914341700126586e+100
1633,16,539,6.3838987562461291e+100
1636,16,540,8.2914905383291483e+100
1639,16,541,1.0767264888408221e+101
1642,16,542,1.3979915449655462e+101
1645,16,543,1.8148061454130969e+101
1648,16,544,2.3554976498226961e+101
1651,16,545,3.0567648777995596e+101
1654,16,546,3.9661442573562405e+101
1657,16,547,5.1452001847267258e+101
1660,16,548,6.6736516000082503e+101
1663,16,549,8.6547086505612182e+101
1666,16,550,1.1221973179640341e+102
1669,16,551,1.4548359861063085e+102
1672,16,552,1.8857627829940636e+102
1675,16,553,2.4439284307696709e+102
1678,16,554,3.1667843163316308e+102
1681,16,555,4.1027706992239572e+102
1684,16,556,5.3145309683481521e+102
1687,16,557,6.8830631482995159e+102
1690,16,558,8.9130811024538803e+102
1693,16,559,1.1539936832738986e+103
1696,16,560,1.4938557037891902e+103
1699,16,561,1.9334978233149145e+103
1702,16,562,2.5021233709454952e+103
1705,16,563,3.2374563302712802e+103
1708,16,564,4.1882197354690833e+103
1711,16,565,5.4173327392027188e+103
1714,16,566,7.0060341103185978e+103
1717,16,567,9.0591997958072765e+103
1720,16,568,1.1712199262190452e+104
1723,16,569,1.5139734544528477e+104
1726,16,570,1.9567233612433231e+104
1729,16,571,2.5285533955184499e+104
1732,16,572,3.2669803659986607e+104
1735,16,573,4.2203919157411841e+104
1738,16,574,5.4511868515905384e+104
1741,16,575,7.0398198886911718e+104
1744,16,576,9.0900104940831194e+104
1747,16,577,1.1735449851766154e+105
1750,16,578,1.5148435526603588e+105
1753,16,579,1.9550986212859965e+105
1756,16,580,2.5229146765816856e+105
1759,16,581,3.255139647802126e+105
1762,16,582,4.1992334042031479e+105
1765,16,583,5.4163147218314327e+105
1768,16,584,6.9850804915222277e+105
1771,16,585,9.0068461147891106e+105
1774,16,586,1.1612026874566796e+106
1777,16,587,1.4968471006851129e+106
1780,16,588,1.929217192258075e+106
1783,16,589,2.4861036824944487e+106
1786,16,590,3.2032581180606846e+106
1789,16,591,4.1266665108039074e+106
1792,16,592,5.3154704089399209e+106
1795,16,593,6.8457192159230221e+106
1798,16,594,8.8151896062689668e+106
1801,16,595,1.1349574608104567e+107
1804,16,596,1.4610430462465643e+107
1807,16,597,1.880537902128811e+107
1810,16,598,2.4201203988625989e+107
1813,16,599,3.1140659416414264e+107
1816,16,600,4.0064039646431351e+107
1819,16,601,5.1536855555859503e+107
1822,16,602,6.6285340708391224e+107
1825,16,603,8.5241996109746731e+107
1828,16,604,1.0960400349622444e+108
1831,16,605,1.4090813253629356e+108
1834,16,606,1.8112678572261201e+108
1837,16,607,2.3279112837449728e+108
1840,16,608,2.9914891972876864e+108
1843,16,609,3.8436679642293882e+108
1846,16,610,4.9378949196538421e+108
1849,16,611,6.3427197145542646e+108
1852,16,612,8.146049325435054e+108
1855,16,613,1.046059843133711e+109
1858,16,614,1.3430870008517557e+109
1861,16,615,1.7242094523152038e+109
1864,16,616,2.2131675683433091e+109
1867,16,617,2.8403843576899764e+109
1870,16,618,3.6448411409456321e+109
1873,16,619,4.6764781769530132e+109
1876,16,620,5.9992667426181117e+109
1879,16,621,7.6951399353720548e+109
1882,16,622,9.8690215485008043e+109
1885,16,623,1.2655258894025004e+110
1888,16,624,1.6225850408920961e+110
1891,16,625,2.0800967375106085e+110
1894,16,626,2.6662407609566752e+110
1897,16,627,3.4170795830553697e+110
1900,16,628,4.3787571147979939e+110
1903,16,629,5.6103090244170589e+110
1906,16,630,7.1872542487530087e+110
1909,16,631,9.2061842368416513e+110
1912,16,632,1.179062631827782e+111
1915,16,633,1.5098533940904028e+111
1918,16,634,1.9331853906552406e+111
1921,16,635,2.4748744928640866e+111
1924,16,636,3.1679180201884012e+111
1927,16,637,4.0544868585893819e+111
1930,16,638,5.1884686406522989e+111
1933,16,639,6.6387139972113445e+111
1936,16,640,8.4931797053492936e+111
1939,16,641,1.0864215843238814e+112
1942,16,642,1.3895311957008622e+112
1945,16,643,1.7769703741093693e+112
1948,16,644,2.2721351916596257e+112
1951,16,645,2.9048945327618631e+112
1954,16,646,3.7133758994080468e+112
1957,16,647,4.7462425430501792e+112
1960,16,648,6.0655967279003507e+112
1963,16,649,7.7506808149891277e+112
1966,16,650,9.9025948052840289e+112
1969,16,651,1.2650308732133585e+113
1972,16,652,1.615832433057471e+113
1975,16,653,2.0636437159381883e+113
1978,16,654,2.6352173437849798e+113
1981,16,655,3.3646632432687438e+113
1984,16,656,4.2954664378063968e+113
1987,16,657,5.48305671777255e+113
1990,16,658,6.9980807189866164e+113
1993,16,659,8.9305678863347357e+113
1996,16,660,1.1395233854275485e+114
1999,16,661,1.4538230944276638e+114
2002,16,662,1.8545739576643678e+114
2005,16,663,2.3654901266653442e+114
2008,16,664,3.0167729672773971e+114
2011,16,665,3.8468808696316071e+114
2014,16,666,4.9047805806017182e+114
2017,16,667,6.2528107156212259e+114
2020,16,668,7.9703234637225644e+114
2023,16,669,1.015831539912475e+115
2026,16,670,1.2945315322930016e+115
2029,16,671,1.6494869437356016e+115
2032,16,672,2.1015056034562026e+115
2035,16,673,2.6770578502199676e+115
2038,16,674,3.409813345332254e+115
17,17,0,5970
20,17,1,110616
23,17,2,1160214
26,17,3,8958495
29,17,4,56432058
32,17,5,306239289
35,17,6,1480172826
38,17,7,6515840169
41,17,8,26541469140
44,17,9,101226781941
47,17,10,364766014980
50,17,11,1250787523332
53,17,12,4104895892550
56,17,13,12954478447818
59,17,14,39467832261384.062
62,17,15,116469169483123.25
65,17,16,333848729797116
68,17,17,931784598699844
71,17,18,2537612183347844
74,17,19,6755866293218320
77,17,20,17611221751642784
80,17,21,45017024513019264
83,17,22,1.1297986194452582e+17
86,17,23,2.7871616048483328e+17
89,17,24,6.7656570513082573e+17
92,17,25,1.6175252883245629e+18
95,17,26,3.8120123898657833e+18
98,17,27,8.8624851502941798e+18
101,17,28,2.0340498381017383e+19
104,17,29,4.6116224628174619e+19
107,17,30,1.0334524298427446e+20
110,17,31,2.290393374075325e+20
113,17,32,5.0226470916992795e+20
116,17,33,1.0903405530841361e+21
119,17,34,2.3441634276268961e+21
122,17,35,4.9932802280425301e+21
125,17,36,1.0541938924777026e+22
128,17,37,2.2067080566909193e+22
131,17,38,4.5814457885506419e+22
134,17,39,9.4368697963377825e+22
137,17,40,1.9290670879822254e+23
140,17,41,3.9145273137633111e+23
143,17,42,7.8874331026249068e+23
146,17,43,1.578417079864668e+24
149,17,44,3.1378851955994219e+24
152,17,45,6.1983423997585754e+24
155,17,46,1.2168199476151839e+25
158,17,47,2.3745081824941282e+25
161,17,48,4.6067817027072358e+25
164,17,49,8.8873893154183818e+25
167,17,50,1.7052012205449362e+26
170,17,51,3.2543980977302075e+26
173,17,52,6.1790943209003078e+26
176,17,53,1.1673484676279509e+27
179,17,54,2.1946099386461538e+27
182,17,55,4.1063144683838962e+27
185,17,56,7.6478525315541589e+27
188,17,57,1.4179838287959805e+28
191,17,58,2.6175641960875006e+28
194,17,59,4.811333090024395e+28
197,17,60,8.8068639131315038e+28
200,17,61,1.6054945198602352e+29
203,17,62,2.9152123739612911e+29
206,17,63,5.2728557477413563e+29
209,17,64,9.5011204872488191e+29
212,17,65,1.7056677723723919e+30
215,17,66,3.0509899546511329e+30
218,17,67,5.4381167437971326e+30
221,17,68,9.6594216488538877e+30
224,17,69,1.7099397241321812e+31
227,17,70,3.0169537209746459e+31
230,17,71,5.3057241445163363e+31
233,17,72,9.3011751766798718e+31
236,17,73,1.6254593150529192e+32
239,17,74,2.8319563140383426e+32
242,17,75,4.9192094026952978e+32
245,17,76,8.5197662424611576e+32
248,17,77,1.4713233742054438e+33
251,17,78,2.5337302370048773e+33
254,17,79,4.3511830229255631e+33
257,17,80,7.4519735635585812e+33
260,17,81,1.2728399397295383e+34
263,17,82,2.1683816416443123e+34
266,17,83,3.6844898597473718e+34
269,17,84,6.2447981290029982e+34
272,17,85,1.0557909585465534e+35
275,17,86,1.7806334176350395e+35
278,17,87,2.995892093858214e+35
281,17,88,5.0286382062312809e+35
284,17,89,8.4210105661793746e+35
287,17,90,1.4069678781969169e+36
290,17,91,2.3454511894217864e+36
293,17,92,3.9012746560483444e+36
296,17,93,6.4750005202403599e+36
299,17,94,1.0723611796632839e+37
302,17,95,1.7722492732136725e+37
305,17,96,2.9228400836814174e+37
308,17,97,4.8105589756475884e+37
311,17,98,7.9015017612215878e+37
314,17,99,1.2952702201329094e+38
317,17,100,2.1191440033836827e+38
320,17,101,3.4603681246712788e+38
323,17,102,5.6397255876591262e+38
326,17,103,9.1744339944178045e+38
329,17,104,1.4896963143515321e+39
332,17,105,2.4144855271395006e+39
335,17,106,3.9063472904243189e+39
338,17,107,6.3088064423040508e+39
341,17,108,1.0171011398088403e+40
344,17,109,1.6369367690239769e+40
347,17,110,2.6300287734616581e+40
350,17,111,4.2185161105501741e+40
353,17,112,6.7552139189960847e+40
356,17,113,1.0799609160860729e+41
359,17,114,1.7237554787091576e+41
362,17,115,2.7469510622865818e+41
365,17,116,4.3706153665804963e+41
368,17,117,6.9431929135016468e+41
371,17,118,1.1013091504275951e+42
374,17,119,1.7442183592232797e+42
377,17,120,2.7583037989735471e+42
380,17,121,4.3555285273103714e+42
383,17,122,6.8675980759952048e+42
386,17,123,1.0812887545851919e+43
389,17,124,1.70003837413691e+43
392,17,125,2.669090204041151e+43
395,17,126,4.1846813114584009e+43
398,17,127,6.551837572363396e+43
401,17,128,1.0244064334698448e+44
404,17,129,1.5995456170859824e+44
407,17,130,2.4942656622692917e+44
410,17,131,3.8843378144469404e+44
413,17,132,6.041236320631627e+44
416,17,133,9.3837283245608492e+44
419,17,134,1.4557000663819246e+45
422,17,135,2.2553879036152522e+45
425,17,136,3.4900314852651062e+45
428,17,137,5.3938886099416867e+45
431,17,138,8.3261610264011906e+45
434,17,139,1.2836996227923928e+46
437,17,140,1.976802445722843e+46
440,17,141,3.0405332042606622e+46
443,17,142,4.6711965145475952e+46
446,17,143,7.1680928656430701e+46
449,17,144,1.0987055193360485e+47
452,17,145,1.6821557353347825e+47
455,17,146,2.5725465056963244e+47
458,17,147,3.9298615699649856e+47
461,17,148,5.996709600494279e+47
464,17,149,9.1406107443419696e+47
467,17,150,1.3917731349934271e+48
470,17,151,2.1168849323427344e+48
473,17,152,3.2163705633341698e+48
476,17,153,4.8817924837860639e+48
479,17,154,7.4018669106809275e+48
482,17,155,1.1211305727007078e+49
485,17,156,1.696399993955546e+49
488,17,157,2.5642571907271678e+49
491,17,158,3.8722215809101689e+49
494,17,159,5.8415500496554086e+49
497,17,160,8.8037804966071126e+49
500,17,161,1.3255233204593678e+50
503,17,162,1.9938220947973176e+50
506,17,163,2.9961947847014329e+50
509,17,164,4.4982333132867963e+50
512,17,165,6.7469242944083969e+50
515,17,166,1.0110326926555436e+51
518,17,167,1.5136434553044108e+51
521,17,168,2.2640419712883299e+51
524,17,169,3.3833839001607159e+51
527,17,170,5.0515815965076927e+51
530,17,171,7.535569461688051e+51
533,17,172,1.1231057931516763e+52
536,17,173,1.6724162132436392e+52
539,17,174,2.4882290927133085e+52
542,17,175,3.6988079849331104e+52
545,17,176,5.493659390292665e+52
548,17,177,8.1525456750771993e+52
551,17,178,1.2088135677229514e+53
554,17,179,1.7908654140136648e+53
557,17,180,2.6509835571838192e+53
560,17,181,3.9209785220622084e+53
563,17,182,5.7946616316770847e+53
566,17,183,8.5567864390861236e+53
569,17,184,1.2625397666978388e+54
572,17,185,1.8613752339757502e+54
575,17,186,2.7420791232330644e+54
578,17,187,4.0363226749982653e+54
581,17,188,5.9368249082842416e+54
584,17,189,8.725446504686686e+54
587,17,190,1.2814117187636838e+55
590,17,191,1.8804416252994153e+55
593,17,192,2.7574245878758596e+55
596,17,193,4.0403827849159918e+55
599,17,194,5.9158736062139629e+55
602,17,195,8.6555598347165459e+55
605,17,196,1.2654753961569658e+56
608,17,197,1.8488294508105623e+56
611,17,198,2.6991492716658811e+56
614,17,199,3.9377318705534044e+56
617,17,200,5.740593730509437e+56
620,17,201,8.3629815659656185e+56
623,17,202,1.2174785438888217e+57
626,17,203,1.7711669914616047e+57
629,17,204,2.5748851431234127e+57
632,17,205,3.7407482901330923e+57
635,17,206,5.430795802301675e+57
638,17,207,7.8790687283630812e+57
641,17,208,1.1423383889239737e+58
644,17,209,1.6551034291915981e+58
647,17,210,2.3964478427092016e+58
650,17,211,3.4675702554460404e+58
653,17,212,5.0141687678277241e+58
656,17,213,7.2458767072040161e+58
659,17,214,1.0464130511488216e+59
662,17,215,1.5102103752690176e+59
665,17,216,2.1781897167322998e+59
668,17,217,3.1396392196996739e+59
671,17,218,4.5226334619807672e+59
674,17,219,6.5107712459497782e+59
677,17,220,9.3670891998538075e+59
680,17,221,1.3468207661269924e+60
683,17,222,1.9353058820040123e+60
686,17,223,2.7792384525459495e+60
689,17,224,3.9887799783687426e+60
692,17,225,5.7212919425482298e+60
695,17,226,8.2014294655106078e+60
698,17,227,1.174973463528553e+61
701,17,228,1.6823302184283767e+61
704,17,229,2.4073582469032283e+61
707,17,230,3.442849843494349e+61
710,17,231,4.9209039952427162e+61
713,17,232,7.0294720903543223e+61
716,17,233,1.0035824945555164e+62
719,17,234,1.4319818531151334e+62
722,17,235,2.0421024630785689e+62
725,17,236,2.9105469741923573e+62
728,17,237,4.1460090076009977e+62
731,17,238,5.9026342676643697e+62
734,17,239,8.3989106017414481e+62
737,17,240,1.1944361067862445e+63
740,17,241,1.6977243764221518e+63
743,17,242,2.4117769680293967e+63
746,17,243,3.4243187773483829e+63
749,17,244,4.8593668776050296e+63
752,17,245,6.8921545580713775e+63
755,17,246,9.7701558072304966e+63
758,17,247,1.3842689128319591e+64
761,17,248,1.9602580936380003e+64
764,17,249,2.7744772291103414e+64
767,17,250,3.9248718932528273e+64
770,17,251,5.5494187809045742e+64
773,17,252,7.8423906718909671e+64
776,17,253,1.1077191445478989e+65
779,17,254,1.5638399675833271e+65
782,17,255,2.2066712879167259e+65
785,17,256,3.1121956289212862e+65
788,17,257,4.3871375223908598e+65
791,17,258,6.1813298599559062e+65
794,17,259,8.705026298954207e+65
797,17,260,1.2253126708282494e+66
800,17,261,1.7239060470817214e+66
803,17,262,2.4242156153839557e+66
806,17,263,3.4073835221297269e+66
809,17,264,4.7870068207226527e+66
812,17,265,6.7220454711000074e+66
815,17,266,9.4348353731484719e+66
818,17,267,1.3236214212160944e+67
821,17,268,1.8560553177916078e+67
824,17,269,2.6014578356977616e+67
827,17,270,3.6445379956402944e+67
830,17,271,5.1035109127817911e+67
833,17,272,7.1432777518644422e+67
836,17,273,9.99376171644827e+67
839,17,274,1.3975406137255911e+68
842,17,275,1.9534617002218451e+68
845,17,276,2.7293007325715835e+68
848,17,277,3.8115788966966903e+68
851,17,278,5.3206716813172695e+68
854,17,279,7.4239838632527934e+68
857,17,280,1.035422421333865e+69
860,17,281,1.4434743362930739e+69
863,17,282,2.0114650203308318e+69
866,17,283,2.8017460569806555e+69
869,17,284,3.9008465339363404e+69
872,17,285,5.4287982915422928e+69
875,17,286,7.5520389126682913e+69
878,17,287,1.0501257890795721e+70
881,17,288,1.459606981027749e+70
884,17,289,2.0279112563066236e+70
887,17,290,2.816315217671709e+70
890,17,291,3.9096129808867163e+70
893,17,292,5.4250949670960691e+70
896,17,293,7.5249369619709311e+70
899,17,294,1.0433288037238494e+71
902,17,295,1.4459830344090243e+71
905,17,296,2.0032249378682542e+71
908,17,297,2.7740967506548431e+71
911,17,298,3.8400748698465856e+71
914,17,299,5.3135505113663892e+71
917,17,300,7.3494999635633339e+71
920,17,301,1.0161537987949448e+72
923,17,302,1.4043992304737301e+72
926,17,303,1.9402246115134363e+72
929,17,304,2.6794429941545674e+72
932,17,305,3.6988686657016843e+72
935,17,306,5.1041797758112274e+72
938,17,307,7.0407099504187753e+72
941,17,308,9.7082545849801378e+72
944,17,309,1.3381377960456474e+73
947,17,310,1.8437254755738512e+73
950,17,311,2.5393827623792015e+73
953,17,312,3.4962084452010448e+73
956,17,313,4.8117654508058165e+73
959,17,314,6.6198827818395604e+73
962,17,315,9.1040701996898063e+73
965,17,316,1.2515870745134933e+74
968,17,317,1.719995986198065e+74
971,17,318,2.3628459258213637e+74
974,17,319,3.2447832224015576e+74
977,17,320,4.4542951298142572e+74
980,17,321,6.1124596344932781e+74
983,17,322,8.3848910822641743e+74
986,17,323,1.1498043303510045e+75
989,17,324,1.5761452179905095e+75
992,17,325,2.1598071182589032e+75
995,17,326,2.9585630550282735e+75
998,17,327,4.051300704011313e+75
1001,17,328,5.5457026360368043e+75
1004,17,329,7.5887069774227597e+75
1007,17,330,1.038075033223219e+76
1010,17,331,1.4195154111953442e+76
1013,17,332,1.9404502979721786e+76
1016,17,333,2.6516525512796551e+76
1019,17,334,3.6222884112971925e+76
1022,17,335,4.946549713708921e+76
1025,17,336,6.7526664127592096e+76
1028,17,337,9.2151497648291649e+76
1031,17,338,1.257141891005731e+77
1034,17,339,1.7144373014859383e+77
1037,17,340,2.3373025319251917e+77
1040,17,341,3.1854065317209984e+77
1043,17,342,4.3398229683421416e+77
1046,17,343,5.9106734321525898e+77
1049,17,344,8.0474874385682959e+77
1052,17,345,1.0953240542197063e+78
1055,17,346,1.490337049661507e+78
1058,17,347,2.0271528754393634e+78
1061,17,348,2.7564442158524832e+78
1064,17,349,3.7469093288365669e+78
1067,17,350,5.0916552843100027e+78
1070,17,351,6.9168315022597525e+78
1073,17,352,9.3933033547673331e+78
1076,17,353,1.275243154153967e+79
1079,17,354,1.7307394883724234e+79
1082,17,355,2.3481995350995878e+79
1085,17,356,3.1849559249407972e+79
1088,17,357,4.3185457659248551e+79
1091,17,358,5.8537993210584893e+79
1094,17,359,7.9324047668529344e+79
1097,17,360,1.0745810138825032e+80
1100,17,361,1.4552621730787656e+80
1103,17,362,1.9702059166978056e+80
1106,17,363,2.6665566394217067e+80
1109,17,364,3.6079402290067377e+80
1112,17,365,4.8802007961030275e+80
1115,17,366,6.5991255280710456e+80
1118,17,367,8.920843697546474e+80
1121,17,368,1.2055821564578062e+81
1124,17,369,1.628769125846928e+81
1127,17,370,2.199857618225795e+81
1130,17,371,2.9703144838562134e+81
1133,17,372,4.0094388485796687e+81
1136,17,373,5.4105141625507919e+81
1139,17,374,7.2990736218946636e+81
1142,17,375,9.8440018750860269e+81
1145,17,376,1.3272442164976201e+82
1148,17,377,1.7889807818022237e+82
1151,17,378,2.4106638486632667e+82
1154,17,379,3.2474632478043379e+82
1157,17,380,4.3734977234421668e+82
1160,17,381,5.888315783825023e+82
1163,17,382,7.9255838141263796e+82
1166,17,383,1.0664730068057985e+83
1169,17,384,1.4346546001324439e+83
1172,17,385,1.9294084303194039e+83
1175,17,386,2.5940644410662418e+83
1178,17,387,3.4867239244935986e+83
1181,17,388,4.6852742045547041e+83
1184,17,389,6.2940987010771105e+83
1187,17,390,8.4530531957403312e+83
1190,17,391,1.1349470525348077e+84
1193,17,392,1.5234211250735694e+84
1196,17,393,2.0443118350418692e+84
1199,17,394,2.7425687968028757e+84
1202,17,395,3.6783373367688674e+84
1205,17,396,4.9320745640847889e+84
1208,17,397,6.6113809032749592e+84
1211,17,398,8.860119968440232e+84
1214,17,399,1.1870590201142775e+85
1217,17,400,1.5899765357780435e+85
1220,17,401,2.1290958544096995e+85
1223,17,402,2.850271372517917e+85
1226,17,403,3.8147326246027016e+85
1229,17,404,5.1042188691363737e+85
1232,17,405,6.8278215201786721e+85
1235,17,406,9.131100216872505e+85
1238,17,407,1.2208225020493257e+86
1241,17,408,1.6318145288994614e+86
1244,17,409,2.1806115289901732e+86
1247,17,410,2.9132344215188312e+86
1250,17,411,3.891011927400183e+86
1253,17,412,5.1956521775621044e+86
1256,17,413,6.9359879613569509e+86
1259,17,414,9.2569457510340241e+86
1262,17,415,1.235146876476482e+87
1265,17,416,1.647636320526885e+87
1268,17,417,2.1973353519966543e+87
1271,17,418,2.929705233524138e+87
1274,17,419,3.9052107053954177e+87
1277,17,420,5.2042522202532474e+87
1280,17,421,6.9337132978333495e+87
1283,17,422,9.2356498448978987e+87
1286,17,423,1.229881947861298e+88
1289,17,424,1.6373975499031539e+88
1292,17,425,2.1794150046946018e+88
1295,17,426,2.9001547766521753e+88
1298,17,427,3.8583196153327762e+88
1301,17,428,5.1318192895123049e+88
1304,17,429,6.8240308282415401e+88
1307,17,430,9.0720913967166517e+88
1310,17,431,1.2057881271642581e+89
1313,17,432,1.6022566235563403e+89
1316,17,433,2.1285848572693239e+89
1319,17,434,2.8271445470332175e+89
1322,17,435,3.7540801689758789e+89
1325,17,436,4.9837687677453002e+89
1328,17,437,6.6147184676264578e+89
1331,17,438,8.7773680536740085e+89
1334,17,439,1.1644398033881241e+90
1337,17,440,1.5444358857556204e+90
1340,17,441,2.0479679460201701e+90
1343,17,442,2.7150458790683108e+90
1346,17,443,3.598589046341469e+90
1349,17,444,4.7685760398412735e+90
1352,17,445,6.3175234308058666e+90
1355,17,446,8.367717541448647e+90
1358,17,447,1.1080758077123644e+91
1361,17,448,1.4670149949403863e+91
1364,17,449,1.9417913281288902e+91
1367,17,450,2.5696489122885247e+91
1370,17,451,3.3997623091930621e+91
1373,17,452,4.4970441566597791e+91
1376,17,453,5.9471635362904658e+91
1379,17,454,7.8631586779286717e+91
1382,17,455,1.0394148675311482e+92
1385,17,456,1.3736808058173736e+92
1388,17,457,1.8150477256639161e+92
1391,17,458,2.3977056866634569e+92
1394,17,459,3.1667194729567017e+92
1397,17,460,4.1814749129197979e+92
1400,17,461,5.5202134235961546e+92
1403,17,462,7.2859971645121228e+92
1406,17,463,9.6145545223423858e+92
1409,17,464,1.2684596514653784e+93
1412,17,465,1.6731379534074966e+93
1415,17,466,2.2064532327744718e+93
1418,17,467,2.9091483131977271e+93
1421,17,468,3.834823991687533e+93
1424,17,469,5.0539823455005003e+93
1427,17,470,6.6593369622878526e+93
1430,17,471,8.7727856604948704e+93
1433,17,472,1.1554564336882624e+94
1436,17,473,1.5215261803534467e+94
1439,17,474,2.0031586644542741e+94
1442,17,475,2.6367053650887257e+94
1445,17,476,3.4699119438547906e+94
1448,17,477,4.5654770776307507e+94
1451,17,478,6.0057189394036729e+94
1454,17,479,7.8986928631885553e+94
1457,17,480,1.0386209904765278e+95
1460,17,481,1.365434488721688e+95
1463,17,482,1.7947204136173632e+95
1466,17,483,2.3584960570728976e+95
1469,17,484,3.0987474236287603e+95
1472,17,485,4.0705222082460807e+95
1475,17,486,5.3459790959515308e+95
1478,17,487,7.0196880474396722e+95
1481,17,488,9.2155667146200537e+95
1484,17,489,1.2095956297808665e+96
1487,17,490,1.5873494455137987e+96
1490,17,491,2.0826644315006121e+96
1493,17,492,2.7320001577993943e+96
1496,17,493,3.5830844833420499e+96
1499,17,494,4.6983841941604372e+96
1502,17,495,6.1596409412802827e+96
1505,17,496,8.0737983535871237e+96
1508,17,497,1.0580745547812419e+97
1511,17,498,1.3863431789418299e+97
1514,17,499,1.8161075914534337e+97
1517,17,500,2.3786414202903058e+97
1520,17,501,3.1148217181995617e+97
1523,17,502,4.0780679495569595e+97
1526,17,503,5.3381773708633255e+97
1529,17,504,6.9863292853790151e+97
1532,17,505,9.1416132017399292e+97
1535,17,506,1.1959543401036749e+98
1538,17,507,1.5643162317436785e+98
1541,17,508,2.0457517215529551e+98
1544,17,509,2.6748531575580769e+98
1547,17,510,3.4967600845156499e+98
1550,17,511,4.5703643179641826e+98
1553,17,512,5.9724857269575861e+98
1556,17,513,7.8033117442262431e+98
1559,17,514,1.0193481780810972e+99
1562,17,515,1.3313312316623367e+99
1565,17,516,1.7384807370588391e+99
1568,17,517,2.2697292578696978e+99
1571,17,518,2.9627762534946736e+99
1574,17,519,3.866735764411555e+99
1577,17,520,5.0455810897831768e+99
1580,17,521,6.5826255768063406e+99
1583,17,522,8.5863501490863456e+99
1586,17,523,1.1197981023972163e+100
1589,17,524,1.460134153838534e+100
1592,17,525,1.9035658328350603e+100
1595,17,526,2.4812204925087576e+100
1598,17,527,3.2335928924251445e+100
1601,17,528,4.2133550108919735e+100
1604,17,529,5.489005939007098e+100
1607,17,530,7.1496122122242465e+100
1610,17,531,9.3109633040186259e+100
1613,17,532,1.212356339556165e+101
1616,17,533,1.5783005444437363e+101
1619,17,534,2.0543435416113724e+101
1622,17,535,2.6735024198215664e+101
1625,17,536,3.4786636272614372e+101
1628,17,537,4.525523588935374e+101
1631,17,538,5.8864026831069173e+101
1634,17,539,7.6551911343745678e+101
1637,17,540,9.9537616830986471e+101
1640,17,541,1.2940282639124249e+102
1643,17,542,1.6819992703878549e+102
1646,17,543,2.1859164255275415e+102
1649,17,544,2.8403195625473387e+102
1652,17,545,3.6900049461295014e+102
1655,17,546,4.793061188278917e+102
1658,17,547,6.2248009533776567e+102
1661,17,548,8.0828519337405853e+102
1664,17,549,1.0493747831939091e+103
1667,17,550,1.3621459922305284e+103
1670,17,551,1.7678438760376945e+103
1673,17,552,2.2939902257020927e+103
1676,17,553,2.9762321588977216e+103
1679,17,554,3.8607334411987626e+103
1682,17,555,5.0072673808950292e+103
1685,17,556,6.4932164850553109e+103
1688,17,557,8.4187438891057081e+103
1691,17,558,1.0913478784873933e+104
1694,17,559,1.4145157711572234e+104
1697,17,560,1.8330792134487795e+104
1700,17,561,2.3751098585530937e+104
1703,17,562,3.0769141561287672e+104
1706,17,563,3.9854415257692447e+104
1709,17,564,5.1613945960776927e+104
1712,17,565,6.6832455551283785e+104
1715,17,566,8.6524217791116642e+104
1718,17,567,1.120000010486414e+105
1721,17,568,1.4495347306063717e+105
1724,17,569,1.8757270852879364e+105
1727,17,570,2.4268407026354193e+105
1730,17,571,3.1393783403514408e+105
1733,17,572,4.0604763112420489e+105
1736,17,573,5.2509926423879159e+105
1739,17,574,6.7894893508205692e+105
1742,17,575,8.777366923022645e+105
1745,17,576,1.1345483356953064e+106
1748,17,577,1.4662685706079994e+106
1751,17,578,1.8946805049747211e+106
1754,17,579,2.4478824037619452e+106
1757,17,580,3.1621129683702421e+106
1760,17,581,4.084102585105027e+106
1763,17,582,5.2741016486690208e+106
1766,17,583,6.8097803475926583e+106
1769,17,584,8.7912499395914507e+106
1772,17,585,1.1347527064693822e+107
1775,17,586,1.4644854561029568e+107
1778,17,587,1.8897410362388334e+107
1781,17,588,2.4381087811712289e+107
1784,17,589,3.1451225674943402e+107
1787,17,590,4.0565416541111548e+107
1790,17,591,5.231284387725966e+107
1793,17,592,6.7452010940856234e+107
1796,17,593,8.6959254914805635e+107
1799,17,594,1.1209112020101537e+108
1802,17,595,1.4446453833531831e+108
1805,17,596,1.8615988301495714e+108
1808,17,597,2.398534071779614e+108
1811,17,598,3.0898741456127564e+108
1814,17,599,3.9798888552968473e+108
1817,17,600,5.1255031336142283e+108
1820,17,601,6.5999040112061177e+108
1823,17,602,8.4971726221442467e+108
1826,17,603,1.0938231690446873e+109
1829,17,604,1.4078480998478456e+109
1832,17,605,1.8117598510713451e+109
1835,17,606,2.331211960756133e+109
1838,17,607,2.9991579583484783e+109
1841,17,608,3.8579225822012156e+109
1844,17,609,4.9618589487039132e+109
1847,17,610,6.3807569586334653e+109
1850,17,611,8.2042147152808198e+109
1853,17,612,1.0547244255708799e+110
1856,17,613,1.3557459107681314e+110
1859,17,614,1.7424288742247802e+110
1862,17,615,2.2390789858634712e+110
1865,17,616,2.876878423585286e+110
1868,17,617,3.6958257359540141e+110
1871,17,618,4.747221363430707e+110
1874,17,619,6.0968518644385065e+110
1877,17,620,7.8290686957877507e+110
1880,17,621,1.005201213774027e+111
1883,17,622,1.29043009508968e+111
1886,17,623,1.6563597846073985e+111
1889,17,624,2.1257575253405811e+111
1892,17,625,2.7277952109134934e+111
1895,17,626,3.4998459265657073e+111
1898,17,627,4.4897829944391965e+111
1901,17,628,5.7589216777824459e+111
1904,17,629,7.3857826789972192e+111
1907,17,630,9.4709063574076044e+111
1910,17,631,1.2143010184249722e+112
1913,17,632,1.5566863158683558e+112
1916,17,633,1.9953354595714525e+112
1919,17,634,2.5572367070702498e+112
1922,17,635,3.2769232278688642e+112
1925,17,636,4.1985764234252252e+112
1928,17,637,5.3787139463892158e+112
1931,17,638,6.8896245028707026e+112
1934,17,639,8.8237563270750677e+112
1937,17,640,1.1299323374496424e+113
1940,17,641,1.4467466182947329e+113
1943,17,642,1.8521397326930681e+113
1946,17,643,2.3708079950964483e+113
1949,17,644,3.0343139032129438e+113
1952,17,645,3.8829897732928964e+113
1955,17,646,4.9683676850022697e+113
1958,17,647,6.3562808440294342e+113
1961,17,648,8.1308213676779507e+113
1964,17,649,1.0399390334761543e+114
1967,17,650,1.3299140708087991e+114
1970,17,651,1.7005196241585712e+114
1973,17,652,2.1741134569946819e+114
1976,17,653,2.7792356509692164e+114
1979,17,654,3.5523134018522439e+114
1982,17,655,4.5398346239044016e+114
1985,17,656,5.8011189282848084e+114
1988,17,657,7.4118497020667661e+114
1991,17,658,9.4685757656976095e+114
1994,17,659,1.2094448036286027e+115
1997,17,660,1.5446529087963028e+115
2000,17,661,1.97251056941552e+115
2003,17,662,2.5185551717185539e+115
2006,17,663,3.2153437884602709e+115
2009,17,664,4.1043774712217634e+115
2012,17,665,5.2385516087499376e+115
2015,17,666,6.6852757778345517e+115
2018,17,667,8.5304455110688904e+115
2021,17,668,1.0883497979065581e+116
2024,17,669,1.3883846592251208e+116
2027,17,670,1.7709069602108313e+116
2030,17,671,2.2585329531698386e+116
2033,17,672,2.8800629544898389e+116
2036,17,673,3.6721677098719635e+116
2039,17,674,4.6815333842823022e+116
18,18,0,8686
21,18,1,167610
24,18,2,1819971
27,18,3,14512880
30,18,4,94181548
33,18,5,525594474
36,18,6,2608294523
39,18,7,11772767746
42,18,8,49109720672
45,18,9,191602843870
48,18,10,705601127998
51,18,11,2470479693808
54,18,12,8271808433735
57,18,13,26613129639462
60,18,14,82603693007417
63,18,15,248183153162740
66,18,16,723870587748996
69,18,17,2054655641335348
72,18,18,5687734230816048
75,18,19,15384310279833952
78,18,20,40726269173119552
81,18,21,1.0567369837773824e+17
84,18,22,2.6910607931365274e+17
87,18,23,6.7337030312100659e+17
90,18,24,1.6573602618447954e+18
93,18,25,4.0163081452575949e+18
96,18,26,9.5909264093686661e+18
99,18,27,2.2587087916154225e+19
102,18,28,5.24975788028271e+19
105,18,29,1.2049936595647411e+20
108,18,30,2.7331323347135365e+20
111,18,31,6.1292918078512719e+20
114,18,32,1.3597484107213077e+21
117,18,33,2.9854773489658348e+21
120,18,34,6.4903691197126122e+21
123,18,35,1.3976724113882991e+22
126,18,36,2.9825626234684617e+22
129,18,37,6.3092636018648237e+22
132,18,38,1.3234860501470114e+23
135,18,39,2.7539061646698418e+23
138,18,40,5.6858717270069931e+23
141,18,41,1.1651571259276239e+24
144,18,42,2.3704223937206186e+24
147,18,43,4.7888206110651923e+24
150,18,44,9.6093661570251958e+24
153,18,45,1.9156690120435626e+25
156,18,46,3.7948694396963501e+25
159,18,47,7.4715403633202674e+25
162,18,48,1.4623195503843369e+26
165,18,49,2.8455815187249614e+26
168,18,50,5.5064325911627524e+26
171,18,51,1.0597673728086997e+27
174,18,52,2.028891022892595e+27
177,18,53,3.8643706155525131e+27
180,18,54,7.323719330068834e+27
183,18,55,1.3812609770815063e+28
186,18,56,2.5927856274609833e+28
189,18,57,4.8445960650383564e+28
192,18,58,9.011552805177379e+28
195,18,59,1.6689435888337887e+29
198,18,60,3.0777298885204659e+29
201,18,61,5.6521166723994118e+29
204,18,62,1.0337765192244949e+30
207,18,63,1.8832960712368636e+30
210,18,64,3.4176437150271689e+30
213,18,65,6.1785925858299552e+30
216,18,66,1.1128684180101124e+31
219,18,67,1.9972162750022262e+31
222,18,68,3.5716396281268529e+31
225,18,69,6.3650883307446805e+31
228,18,70,1.1304916013955237e+32
231,18,71,2.0011842411515467e+32
234,18,72,3.530964109575579e+32
237,18,73,6.210330094813887e+32
240,18,74,1.0888772262492943e+33
243,18,75,1.9033242128234757e+33
246,18,76,3.3169747227350178e+33
249,18,77,5.7635776898671971e+33
252,18,78,9.9858953683068286e+33
255,18,79,1.725242894457543e+34
258,18,80,2.972382094190971e+34
261,18,81,5.1070752344398406e+34
264,18,82,8.7513391179771978e+34
267,18,83,1.4956575789115424e+35
270,18,84,2.5495609343292473e+35
273,18,85,4.3350462560051944e+35
276,18,86,7.3525196233295891e+35
279,18,87,1.2439737581707563e+36
282,18,88,2.0996008883309409e+36
285,18,89,3.535332044523935e+36
288,18,90,5.9389347459498419e+36
291,18,91,9.9537851991983554e+36
294,18,92,1.6645060664255748e+37
297,18,93,2.7772534643302099e+37
300,18,94,4.6237449081969702e+37
303,18,95,7.6813088536783169e+37
306,18,96,1.2733682510940454e+38
309,18,97,2.1065136615848349e+38
312,18,98,3.4776006157796656e+38
315,18,99,5.7294592329804394e+38
318,18,100,9.4206112051646361e+38
321,18,101,1.5459261230881994e+39
324,18,102,2.5319491606090715e+39
327,18,103,4.1389473139004273e+39
330,18,104,6.7531326353870813e+39
333,18,105,1.0997972730483089e+40
336,18,106,1.7878176374307856e+40
339,18,107,2.9010017928316513e+40
342,18,108,4.6989162600368371e+40
345,18,109,7.5977119596914602e+40
348,18,110,1.2263476419703032e+41
351,18,111,1.9760596375142185e+41
354,18,112,3.1787176892981075e+41
357,18,113,5.1048021076399656e+41
360,18,114,8.1844645426902912e+41
363,18,115,1.3100721226785429e+42
366,18,116,2.0936432437184127e+42
369,18,117,3.3405768917579598e+42
372,18,118,5.3218199201712832e+42
375,18,119,8.4650046010791301e+42
378,18,120,1.3444070491991252e+43
381,18,121,2.1319596943377559e+43
384,18,122,3.3758234706924545e+43
387,18,123,5.3375350413809856e+43
390,18,124,8.4269343401549644e+43
393,18,125,1.328537376309823e+44
396,18,126,2.0915128138865761e+44
399,18,127,3.2880394086166109e+44
402,18,128,5.161907736287676e+44
405,18,129,8.0925813260053545e+44
408,18,130,1.266993126716776e+45
411,18,131,1.9809723285798347e+45
414,18,132,3.0931858201700912e+45
417,18,133,4.8235127349948553e+45
420,18,134,7.5120230773565768e+45
423,18,135,1.168402815891564e+46
426,18,136,1.8149994354499488e+46
429,18,137,2.8158824572380977e+46
432,18,138,4.3632739663036045e+46
435,18,139,6.7526785506449453e+46
438,18,140,1.0437846401452021e+47
441,18,141,1.6114708676108487e+47
444,18,142,2.4849413958382365e+47
447,18,143,3.8273421462737878e+47
450,18,144,5.8880445477290881e+47
453,18,145,9.047793434849191e+47
456,18,146,1.3887276988883635e+48
459,18,147,2.1291159097449133e+48
462,18,148,3.2605748253241492e+48
465,18,149,4.9877707723957566e+48
468,18,150,7.6215088998044461e+48
471,18,151,1.1633281303810818e+49
474,18,152,1.7737599714554189e+49
477,18,153,2.7016140407569208e+49
480,18,154,4.110474945076555e+49
483,18,155,6.2474860061555206e+49
486,18,156,9.4856574181855648e+49
489,18,157,1.4387410657926298e+50
492,18,158,2.1799927102986611e+50
495,18,159,3.2998083172027922e+50
498,18,160,4.9898519858988483e+50
501,18,161,7.5379949115204496e+50
504,18,162,1.1376197659478697e+51
507,18,163,1.7152023318743498e+51
510,18,164,2.5835346865282714e+51
513,18,165,3.887743970873898e+51
516,18,166,5.8447924591811523e+51
519,18,167,8.778740533454458e+51
522,18,168,1.3173178030253366e+52
525,18,169,1.974911485517038e+52
528,18,170,2.9580593396522108e+52
531,18,171,4.4266144316639976e+52
534,18,172,6.6182843624232711e+52
537,18,173,9.8862448674249301e+52
540,18,174,1.4754780953808692e+53
543,18,175,2.200152773916419e+53
546,18,176,3.2778927416123419e+53
549,18,177,4.8793456299286637e+53
552,18,178,7.2569886233914888e+53
555,18,179,1.0784061275030551e+54
558,18,180,1.6011878422418973e+54
561,18,181,2.3754133871341378e+54
564,18,182,3.5210808763442206e+54
567,18,183,5.2150148956253852e+54
570,18,184,7.7175719266564582e+54
573,18,185,1.1411800956486496e+55
576,18,186,1.6860824704519153e+55
579,18,187,2.4891855847096089e+55
582,18,188,3.671911966818318e+55
585,18,189,5.4123566665753644e+55
588,18,190,7.9715418582825277e+55
591,18,191,1.1731744742601134e+56
594,18,192,1.725241014336761e+56
597,18,193,2.5351656893392788e+56
600,18,194,3.7225008597537786e+56
603,18,195,5.4618226685248869e+56
606,18,196,8.007872154013285e+56
609,18,197,1.1732101141984232e+57
612,18,198,1.7175759612611596e+57
615,18,199,2.5126958452619857e+57
618,18,200,3.6732458870410642e+57
621,18,201,5.3659727158291458e+57
624,18,202,7.8331697846503279e+57
627,18,203,1.1426663925887097e+58
630,18,204,1.6656984815507888e+58
633,18,205,2.4264453074197291e+58
636,18,206,3.5321890436773395e+58
639,18,207,5.1382921760077623e+58
642,18,208,7.4695968041078916e+58
645,18,209,1.0851283018485931e+59
648,18,210,1.5753339127061261e+59
651,18,211,2.2854607397800326e+59
654,18,212,3.3134964269215668e+59
657,18,213,4.8007911170346513e+59
660,18,214,6.9511172965915693e+59
663,18,215,1.0058051291572167e+60
666,18,216,1.4544285587339206e+60
669,18,217,2.1018036166482363e+60
672,18,218,3.0353929687452883e+60
675,18,219,4.3808924620763642e+60
678,18,220,6.3188341076393778e+60
681,18,221,9.1083518463389822e+60
684,18,222,1.3121180175898139e+61
687,18,223,1.8890263122434531e+61
690,18,224,2.7179211652023962e+61
693,18,225,3.9081494029120054e+61
696,18,226,5.6162005612369567e+61
699,18,227,8.0659009433115349e+61
702,18,228,1.1577202844535079e+62
705,18,229,1.6607204138246071e+62
708,18,230,2.3808561206077865e+62
711,18,231,3.4112624080173181e+62
714,18,232,4.884769149427844e+62
717,18,233,6.9907129430778109e+62
720,18,234,9.9988247867539547e+62
723,18,235,1.4293153204970008e+63
726,18,236,2.0420212781997759e+63
729,18,237,2.9157286696544811e+63
732,18,238,4.1609267562735416e+63
735,18,239,5.9345887609792565e+63
738,18,240,8.4596080710513837e+63
741,18,241,1.205231170216666e+64
744,18,242,1.7161387440248639e+64
747,18,243,2.4422930945859919e+64
750,18,244,3.4738248059413088e+64
753,18,245,4.9383762413140374e+64
756,18,246,7.0166197551250586e+64
759,18,247,9.9641572567667388e+64
762,18,248,1.4142409674946408e+65
765,18,249,2.0062164902692222e+65
768,18,250,2.8444941077119467e+65
771,18,251,4.0309410565021882e+65
774,18,252,5.7093059471253595e+65
777,18,253,8.0823364500126926e+65
780,18,254,1.1435852421292671e+66
783,18,255,1.617258427834043e+66
786,18,256,2.2859714982362497e+66
789,18,257,3.2295643213720733e+66
792,18,258,4.5603694191034189e+66
795,18,259,6.4363592700198214e+66
798,18,260,9.0795828277855726e+66
801,18,261,1.2802007011970091e+67
804,18,262,1.8041720472919758e+67
807,18,263,2.5413631321213048e+67
810,18,264,3.57804286569449e+67
813,18,265,5.0351861748251192e+67
816,18,266,7.0823573826248853e+67
819,18,267,9.9571161660267975e+67
822,18,268,1.3992130635984547e+68
825,18,269,1.9653041431788865e+68
828,18,270,2.7591316254171867e+68
831,18,271,3.8717996783180773e+68
834,18,272,5.4306550852340723e+68
837,18,273,7.6136253592800221e+68
840,18,274,1.0669198056545144e+69
843,18,275,1.4944248647867576e+69
846,18,276,2.0922783347433601e+69
849,18,277,2.9279854845128309e+69
852,18,278,4.0956560965239244e+69
855,18,279,5.7264325916828268e+69
858,18,280,8.0029835750650169e+69
861,18,281,1.1179639208323399e+70
864,18,282,1.5610352822183033e+70
867,18,283,2.1787514451355747e+70
870,18,284,3.0395805523131714e+70
873,18,285,4.2386892575197602e+70
876,18,286,5.908298098722579e+70
879,18,287,8.2320320774172198e+70
882,18,288,1.1464799725074422e+71
885,18,289,1.5960319304183743e+71
888,18,290,2.2209218473961819e+71
891,18,291,3.0891747747511046e+71
894,18,292,4.2950683949328385e+71
897,18,293,5.9692116602486247e+71
900,18,294,8.2924726270497918e+71
903,18,295,1.1515217968755591e+72
906,18,296,1.598387946468639e+72
909,18,297,2.2177623471330603e+72
912,18,298,3.0758945775973065e+72
915,18,299,4.2643453055161095e+72
918,18,300,5.9096069844214651e+72
921,18,301,8.1863627264790108e+72
924,18,302,1.133575220031678e+73
927,18,303,1.5690525834489504e+73
930,18,304,2.1709671908086679e+73
933,18,305,3.0026066021749789e+73
936,18,306,4.1512015795278317e+73
939,18,307,5.7369387924513097e+73
942,18,308,7.9253491177766638e+73
945,18,309,1.0944329531733107e+74
948,18,310,1.5107523099721017e+74
951,18,311,2.0846420221069671e+74
954,18,312,2.8754418296964494e+74
957,18,313,3.964727267191314e+74
960,18,314,5.4646006865169077e+74
963,18,315,7.5290585511602969e+74
966,18,316,1.0369570834143644e+75
969,18,317,1.427642569277896e+75
972,18,318,1.9647962536482444e+75
975,18,319,2.7030594682855963e+75
978,18,320,3.7173584656562474e+75
981,18,321,5.1103983830598369e+75
984,18,322,7.022912375718707e+75
987,18,323,9.6476739993685838e+75
990,18,324,1.3248648005849515e+76
993,18,325,1.8187154834201916e+76
996,18,326,2.4957605219954861e+76
999,18,327,3.4236288721801861e+76
1002,18,328,4.6947962174004162e+76
1005,18,329,6.4356701441911154e+76
1008,18,330,8.818981575246288e+76
1011,18,331,1.2080680002064267e+77
1014,18,332,1.6542961784310849e+77
1017,18,333,2.2645647424202062e+77
1020,18,334,3.0988920613356941e+77
1023,18,335,4.239152398949682e+77
1026,18,336,5.7969975568566383e+77
1029,18,337,7.9246363417634562e+77
1032,18,338,1.0829498076739856e+78
1035,18,339,1.4794173186158381e+78
1038,18,340,2.0203521205630858e+78
1041,18,341,2.7581510625511429e+78
1044,18,342,3.7641268293047201e+78
1047,18,343,5.1353053213234383e+78
1050,18,344,7.0036544780414425e+78
1053,18,345,9.5486103170817805e+78
1056,18,346,1.3014072844837665e+79
1059,18,347,1.7731459663917301e+79
1062,18,348,2.4150966599781562e+79
1065,18,349,3.2883943836058727e+79
1068,18,350,4.4760322161448511e+79
1071,18,351,6.0906410441093576e+79
1074,18,352,8.2850258348743999e+79
1077,18,353,1.1266430762005898e+80
1080,18,354,1.5315846957327125e+80
1083,18,355,2.0814137487615791e+80
1086,18,356,2.8277375903238157e+80
1089,18,357,3.8404633331860601e+80
1092,18,358,5.2142579912390034e+80
1095,18,359,7.0772790743142376e+80
1098,18,360,9.6029700827228794e+80
1101,18,361,1.3025992115523063e+81
1104,18,362,1.7663735570601966e+81
1107,18,363,2.3945357829552409e+81
1110,18,364,3.245096844072242e+81
1113,18,365,4.3964492495585307e+81
1116,18,366,5.9544966030898961e+81
1119,18,367,8.0622662333826406e+81
1122,18,368,1.0912865987912552e+82
1125,18,369,1.4766943575868946e+82
1128,18,370,1.9976206376048829e+82
1131,18,371,2.701509636519794e+82
1134,18,372,3.6523435693145772e+82
1137,18,373,4.9363826332009465e+82
1140,18,374,6.66988864526875e+82
1143,18,375,9.0095149669536989e+82
1146,18,376,1.2166279231710947e+83
1149,18,377,1.6424349104349746e+83
1152,18,378,2.216629194025108e+83
1155,18,379,2.9907003072784274e+83
1158,18,380,4.0339283098672398e+83
1161,18,381,5.43950469094889e+83
1164,18,382,7.3327503199643726e+83
1167,18,383,9.8821458902282952e+83
1170,18,384,1.3314133368964866e+84
1173,18,385,1.7932972274370757e+84
1176,18,386,2.414736985459508e+84
1179,18,387,3.2506186452679218e+84
1182,18,388,4.3746295916155853e+84
1185,18,389,5.8856721811062773e+84
1188,18,390,7.916456144614312e+84
1191,18,391,1.0645006874697646e+85
1194,18,392,1.4310075048116969e+85
1197,18,393,1.9231764711238905e+85
1200,18,394,2.5839139813026893e+85
1203,18,395,3.4707160322822469e+85
1206,18,396,4.6606087975761874e+85
1209,18,397,6.2567554233068266e+85
1212,18,398,8.3972886974363534e+85
1215,18,399,1.1267116459402222e+86
1218,18,400,1.5113696207811807e+86
1221,18,401,2.0268108028184002e+86
1224,18,402,2.7173198240298107e+86
1227,18,403,3.6421156688399396e+86
1230,18,404,4.8803677083882521e+86
1233,18,405,6.537889703062519e+86
1236,18,406,8.7560708410211672e+86
1239,18,407,1.1723788409274152e+87
1242,18,408,1.5693293546537714e+87
1245,18,409,2.1001389894089757e+87
1248,18,410,2.8097661652912612e+87
1251,18,411,3.7582088167187077e+87
1254,18,412,5.0255153931579394e+87
1257,18,413,6.718458855637337e+87
1260,18,414,8.9794233895852403e+87
1263,18,415,1.1998234557190606e+88
1266,18,416,1.6027903979824426e+88
1269,18,417,2.1405578767736295e+88
1272,18,418,2.8580409506104699e+88
1275,18,419,3.8150612728405404e+88
1278,18,420,5.0912749588473341e+88
1281,18,421,6.7927231654615125e+88
1284,18,422,9.0605376549556732e+88
1287,18,423,1.2082507533585607e+89
1290,18,424,1.6108443880705769e+89
1293,18,425,2.1470584473236498e+89
1296,18,426,2.8610685545551919e+89
1299,18,427,3.8115983626002208e+89
1302,18,428,5.0766920434459704e+89
1305,18,429,6.7600463766492194e+89
1308,18,430,8.9994101460581155e+89
1311,18,431,1.1977723203794193e+90
1314,18,432,1.5937885402889146e+90
1317,18,433,2.1202333755592448e+90
1320,18,434,2.8198987252477468e+90
1323,18,435,3.749562263064917e+90
1326,18,436,4.98454104147464e+90
1329,18,437,6.624722077908637e+90
1332,18,438,8.8025471818070191e+90
1335,18,439,1.169358291909584e+91
1338,18,440,1.5530509522587384e+91
1341,18,441,2.0621630486320261e+91
1344,18,442,2.7375358285298607e+91
1347,18,443,3.633259849667172e+91
1350,18,444,4.8209570614520141e+91
1353,18,445,6.3954416545388495e+91
1356,18,446,8.4822019707201629e+91
1359,18,447,1.1247287122110339e+92
1362,18,448,1.491036833653238e+92
1365,18,449,1.97619907047496e+92
1368,18,450,2.6186354748957078e+92
1371,18,451,3.4691393789751755e+92
1374,18,452,4.5948474992133455e+92
1377,18,453,6.0844792010715721e+92
1380,18,454,8.0552491593739007e+92
1383,18,455,1.0661985932442681e+93
1386,18,456,1.4109157810858455e+93
1389,18,457,1.8666729485143346e+93
1392,18,458,2.4691065390044442e+93
1395,18,459,3.2652480082686666e+93
1398,18,460,4.3171541665754341e+93
1401,18,461,5.7066899112561892e+93
1404,18,462,7.5418278326199736e+93
1407,18,463,9.9649440416536864e+93
1410,18,464,1.316374050239048e+94
1413,18,465,1.7385622441703352e+94
1416,18,466,2.2956619858849672e+94
1419,18,467,3.0306284182967527e+94
1422,18,468,4.0000440189519687e+94
1425,18,469,5.2784262762829913e+94
1428,18,470,6.9638921733074559e+94
1431,18,471,9.185605315472922e+94
1434,18,472,1.2113564714614043e+95
1437,18,473,1.597146891847468e+95
1440,18,474,2.1053618242198913e+95
1443,18,475,2.7747118191082864e+95
1446,18,476,3.6561040856406525e+95
1449,18,477,4.8164717037995092e+95
1452,18,478,6.3438007945388098e+95
1455,18,479,8.3537291073430446e+95
1458,18,480,1.0998205501885885e+96
1461,18,481,1.4476851733296918e+96
1464,18,482,1.9051866878490398e+96
1467,18,483,2.506757515110905e+96
1470,18,484,3.2976058679426207e+96
1473,18,485,4.3370762815149508e+96
1476,18,486,5.703054503630463e+96
1479,18,487,7.4977401756163171e+96
1482,18,488,9.8552105529901778e+96
1485,18,489,1.295132903339778e+97
1488,18,490,1.7016722887424248e+97
1491,18,491,2.2353777609481114e+97
1494,18,492,2.9358886755236492e+97
1497,18,493,3.8551576931171512e+97
1500,18,494,5.0612625050191901e+97
1503,18,495,6.643393467572277e+97
1506,18,496,8.7183786692365933e+97
1509,18,497,1.1439218722788944e+98
1512,18,498,1.5006248167693232e+98
1515,18,499,1.9681729076999819e+98
1518,18,500,2.5808928704716756e+98
1521,18,501,3.3837054264464156e+98
1524,18,502,4.4353836971809957e+98
1527,18,503,5.8128103978543826e+98
1530,18,504,7.6165389410286478e+98
1533,18,505,9.9780564700024342e+98
1536,18,506,1.3069267928015327e+99
1539,18,507,1.7114878071362893e+99
1542,18,508,2.2408553944904947e+99
1545,18,509,2.9334018195570076e+99
1548,18,510,3.8392572482745577e+99
1551,18,511,5.0239004586196557e+99
1554,18,512,6.5728424379269941e+99
1557,18,513,8.5977343943570073e+99
1560,18,514,1.1244331944996178e+100
1563,18,515,1.4702877683533962e+100
1566,18,516,1.9221634047795952e+100
1569,18,517,2.5124519190204129e+100
1572,18,518,3.2834085717082253e+100
1575,18,519,4.2901455596074459e+100
1578,18,520,5.604531007054264e+100
1581,18,521,7.3202664607606657e+100
1584,18,522,9.5594979291446623e+100
1587,18,523,1.2481422118359541e+101
1590,18,524,1.6293488036355544e+101
1593,18,525,2.1265974083316851e+101
1596,18,526,2.7750954470369098e+101
1599,18,527,3.6206972329617529e+101
1602,18,528,4.7231130969471081e+101
1605,18,529,6.1600826335094147e+101
1608,18,530,8.032800777542476e+101
1611,18,531,1.0472971597610126e+102
1614,18,532,1.3651976506613428e+102
1617,18,533,1.7792788648190642e+102
1620,18,534,2.3185453370047878e+102
1623,18,535,3.0207198703032705e+102
1626,18,536,3.9348556158679674e+102
1629,18,537,5.1247282340791448e+102
1632,18,538,6.6732403550994927e+102
1635,18,539,8.6881394634968129e+102
1638,18,540,1.1309439619462105e+103
1641,18,541,1.4719053108386173e+103
1644,18,542,1.9153287956123444e+103
1647,18,543,2.4919061319312176e+103
1650,18,544,3.2414930069939443e+103
1653,18,545,4.215836526872754e+103
1656,18,546,5.4821118424101607e+103
1659,18,547,7.1275072592515718e+103
1662,18,548,9.2651676860968084e+103
1665,18,549,1.2041897556100168e+104
1668,18,550,1.5648142443616345e+104
1671,18,551,2.0330921339494795e+104
1674,18,552,2.6410579080119606e+104
1677,18,553,3.4302483843566266e+104
1680,18,554,4.4545124839293671e+104
1683,18,555,5.7836492160766905e+104
1686,18,556,7.50811724335402e+104
1689,18,557,9.7451306758740263e+104
1692,18,558,1.2646547848621087e+105
1695,18,559,1.6409078815414932e+105
1698,18,560,2.1287490968058101e+105
1701,18,561,2.7611690646295908e+105
1704,18,562,3.5808814850172906e+105
1707,18,563,4.6431797980480296e+105
1710,18,564,6.0196305546059421e+105
1713,18,565,7.8028477874632124e+105
1716,18,566,1.0112663800192085e+106
1719,18,567,1.3104103541297167e+106
1722,18,568,1.6977688088086139e+106
1725,18,569,2.1992745421345726e+106
1728,18,570,2.8484603536189291e+106
1731,18,571,3.6886794772297631e+106
1734,18,572,4.7759727492384442e+106
1737,18,573,6.1827703060753049e+106
1740,18,574,8.0026699719342306e+106
1743,18,575,1.0356604550770787e+107
1746,18,576,1.340080049705519e+107
1749,18,577,1.7337046713785996e+107
1752,18,578,2.2425941990652755e+107
1755,18,579,2.9003982465711971e+107
1758,18,580,3.750559884233158e+107
1761,18,581,4.8491572826016146e+107
1764,18,582,6.268567382400106e+107
1767,18,583,8.1021886675789323e+107
1770,18,584,1.0470528286695597e+108
1773,18,585,1.3529046478932995e+108
1776,18,586,1.7478264099776479e+108
1779,18,587,2.2576784185240934e+108
1782,18,588,2.9158065164501029e+108
1785,18,589,3.7652023372923593e+108
1788,18,590,4.8612851147263626e+108
1791,18,591,6.2754833540353687e+108
1794,18,592,8.0998456661687096e+108
1797,18,593,1.0452975604580599e+109
1800,18,594,1.3487669561796103e+109
1803,18,595,1.7400744983248042e+109
1806,18,596,2.2445685151539607e+109
1809,18,597,2.8948905321988137e+109
1812,18,598,3.7330674262138939e+109
1815,18,599,4.8132019644578809e+109
1818,18,600,6.2049323705867081e+109
1821,18,601,7.9978800772102413e+109
1824,18,602,1.0307367098514785e+110
1827,18,603,1.3281764373011032e+110
1830,18,604,1.7111934969721777e+110
1833,18,605,2.2043367609439757e+110
1836,18,606,2.839176471102412e+110
1839,18,607,3.6563065620417961e+110
1842,18,608,4.7079163254235468e+110
1845,18,609,6.0610928301689523e+110
1848,18,610,7.8020611425664189e+110
1851,18,611,1.0041627881443853e+111
1854,18,612,1.2922168611062621e+111
1857,18,613,1.6626595645737005e+111
1860,18,614,2.1389865939424562e+111
1863,18,615,2.7513746443127288e+111
1866,18,616,3.5385756334125364e+111
1869,18,617,4.5503464270967796e+111
1872,18,618,5.8505650188365688e+111
1875,18,619,7.5212265435097566e+111
1878,18,620,9.6675668265427744e+111
1881,18,621,1.2424630704772928e+112
1884,18,622,1.5965691355656409e+112
1887,18,623,2.0513040768908398e+112
1890,18,624,2.6351817235052544e+112
1893,18,625,3.3847722184960337e+112
1896,18,626,4.3469717239644476e+112
1899,18,627,5.5819097414792623e+112
1902,18,628,7.1666726592656065e+112
1905,18,629,9.2000720286680965e+112
1908,18,630,1.1808749860078234e+113
1911,18,631,1.5154994772690475e+113
1914,18,632,1.9446747061922899e+113
1917,18,633,2.495040395585136e+113
1920,18,634,3.2007206552561319e+113
1923,18,635,4.1054207418149396e+113
1926,18,636,5.2651095669704473e+113
1929,18,637,6.7514511271455787e+113
1932,18,638,8.6561933549105733e+113
1935,18,639,1.1096780776447302e+114
1938,18,640,1.4223531268161866e+114
1941,18,641,1.8228811562669691e+114
1944,18,642,2.3358766602804986e+114
1947,18,643,2.9928311575079472e+114
1950,18,644,3.834029164504956e+114
1953,18,645,4.9109964757740609e+114
1956,18,646,6.2896282264100981e+114
1959,18,647,8.054184958161892e+114
1962,18,648,1.0312396880493486e+115
1965,18,649,1.3201982799141317e+115
1968,18,650,1.6898974705027732e+115
1971,18,651,2.1628346782444303e+115
1974,18,652,2.7677584981551726e+115
1977,18,653,3.5414008426208572e+115
1980,18,654,4.5306877133079242e+115
1983,18,655,5.7955604962935048e+115
1986,18,656,7.4125759170277595e+115
1989,18,657,9.4794989688321265e+115
1992,18,658,1.2121161953413545e+116
1995,18,659,1.5496937698403459e+116
1998,18,660,1.9810270441260922e+116
2001,18,661,2.5320829382644557e+116
2004,18,662,3.2360004630243775e+116
2007,18,663,4.1350662222804492e+116
2010,18,664,5.2832325652685115e+116
2013,18,665,6.749327042496156e+116
2016,18,666,8.621142430701693e+116
2019,18,667,1.1010648268802696e+117
2022,18,668,1.4060630594712247e+117
2025,18,669,1.7953150213474079e+117
2028,18,670,2.2920316216864114e+117
2031,18,671,2.925800678380036e+117
2034,18,672,3.7343341359787531e+117
2037,18,673,4.7656927102488501e+117
2040,18,674,6.0811180638246315e+117
19,19,0,12504
22,19,1,249801
25,19,2,2803686
28,19,3,23039019
31,19,4,153806064
34,19,5,881472780
37,19,6,4486011084
40,19,7,20738551434
43,19,8,88507801200
46,19,9,352934099442
49,19,10,1327195298760
52,19,11,4741123920471
55,19,12,16184387280444
58,19,13,53049952640712.125
61,19,14,167649609635717.75
64,19,15,512543317894436
67,19,16,1520315723485070
70,19,17,4386337802493688
73,19,18,12336236147371200
76,19,19,33884809986273216
79,19,20,91054302652065152
82,19,21,2.3972731990189107e+17
85,19,22,6.1920533789136486e+17
88,19,23,1.5709792927876506e+18
91,19,24,3.9191485970477629e+18
94,19,25,9.6232261842294047e+18
97,19,26,2.3277728905951117e+19
100,19,27,5.5513757969820418e+19
103,19,28,1.3062307865393601e+20
106,19,29,3.0345277000534563e+20
109,19,30,6.9643934045465844e+20
112,19,31,1.579954572927808e+21
115,19,32,3.5449031381576969e+21
118,19,33,7.8700071175304606e+21
121,19,34,1.7296339626632019e+22
124,19,35,3.7646556908908519e+22
127,19,36,8.1181962594668081e+22
130,19,37,1.7350701412820437e+23
133,19,38,3.676609065066328e+23
136,19,39,7.7266485198854998e+23
139,19,40,1.6109421215951196e+24
142,19,41,3.3330185550018706e+24
145,19,42,6.8451230493190792e+24
148,19,43,1.39579165621388e+25
151,19,44,2.8265696715358001e+25
154,19,45,5.6858688232667272e+25
157,19,46,1.13638388409438e+26
160,19,47,2.2570052520059124e+26
163,19,48,4.4555674125785546e+26
166,19,49,8.7441155627758915e+26
169,19,50,1.706266030049381e+27
172,19,51,3.3110634714335005e+27
175,19,52,6.3906743437103185e+27
178,19,53,1.2270142820789888e+28
181,19,54,2.3438976581680875e+28
184,19,55,4.4552627463049692e+28
187,19,56,8.4277292518034702e+28
190,19,57,1.5867367101369366e+29
193,19,58,2.9737766651605998e+29
196,19,59,5.5484410414632878e+29
199,19,60,1.0307198775590504e+30
202,19,61,1.9066164649778343e+30
205,19,62,3.5122317666983957e+30
208,19,63,6.443807072877685e+30
211,19,64,1.1775576622984195e+31
214,19,65,2.1435880663664438e+31
217,19,66,3.8873863482150655e+31
220,19,67,7.0237273336743906e+31
223,19,68,1.2644630961806944e+32
226,19,69,2.2683340184946856e+32
229,19,70,4.055110981667553e+32
232,19,71,7.2247828254498377e+32
235,19,72,1.2829315996062642e+33
238,19,73,2.2707439674851654e+33
241,19,74,4.0063337226258086e+33
244,19,75,7.0464074266573577e+33
247,19,76,1.2355392493294915e+34
250,19,77,2.1599273693198778e+34
253,19,78,3.7647867125577123e+34
256,19,79,6.5431108180408651e+34
259,19,80,1.133950609170535e+35
262,19,81,1.9597133241110918e+35
265,19,82,3.3775469251042825e+35
268,19,83,5.8055305733358346e+35
271,19,84,9.9525583229154616e+35
274,19,85,1.701766004300303e+36
277,19,86,2.9023961063163694e+36
280,19,87,4.9376934323206189e+36
283,19,88,8.3795462490518383e+36
286,19,89,1.4186120681748698e+37
289,19,90,2.3959122059882135e+37
292,19,91,4.0370033750960007e+37
295,19,92,6.7864818446368672e+37
298,19,93,1.1382655773528365e+38
301,19,94,1.9048965147071647e+38
304,19,95,3.1808499368879936e+38
307,19,96,5.2999738371352299e+38
310,19,97,8.8120587868494283e+38
313,19,98,1.4620699788974295e+39
316,19,99,2.4208043680887678e+39
319,19,100,4.000048861314876e+39
322,19,101,6.5962627156022996e+39
325,19,102,1.0856011632732423e+40
328,19,103,1.7831780872763381e+40
331,19,104,2.9233664577345232e+40
334,19,105,4.7835211244688714e+40
337,19,106,7.8126707969831044e+40
340,19,107,1.2736496312802024e+41
343,19,108,2.0725738489603172e+41
346,19,109,3.3665910401030363e+41
349,19,110,5.4588542356193246e+41
352,19,111,8.8359583164605578e+41
355,19,112,1.4277654162655693e+42
358,19,113,2.3031429218533721e+42
361,19,114,3.7089871524307112e+42
364,19,115,5.9630650697694708e+42
367,19,116,9.5713393970228373e+42
370,19,117,1.5338179174153277e+43
373,19,118,2.4540398079803476e+43
376,19,119,3.9201682452496762e+43
379,19,120,6.2524688605551831e+43
382,19,121,9.957042124636505e+43
385,19,122,1.5832489434001591e+44
388,19,123,2.5137150211563461e+44
391,19,124,3.9850942894814988e+44
394,19,125,6.3084765375370607e+44
397,19,126,9.9719746053328323e+44
400,19,127,1.5740405696365628e+45
403,19,128,2.4810523549651255e+45
406,19,129,3.905244321178004e+45
409,19,130,6.1384631595635522e+45
412,19,131,9.6355613320729935e+45
415,19,132,1.5104520388196014e+46
418,19,133,2.364590385350763e+46
421,19,134,3.6968373622844875e+46
424,19,135,5.772135050268155e+46
427,19,136,9.0007870979557409e+46
430,19,137,1.4017430195799712e+47
433,19,138,2.1802492930375272e+47
436,19,139,3.3868781434907449e+47
439,19,140,5.2547780260550389e+47
442,19,141,8.142845338709474e+47
445,19,142,1.2602901043081349e+48
448,19,143,1.9482416397556727e+48
451,19,144,3.0081424827478457e+48
454,19,145,4.6391937616455782e+48
457,19,146,7.146284436846942e+48
460,19,147,1.0995546646696122e+49
463,19,148,1.6898846913781034e+49
466,19,149,2.5942147967184683e+49
469,19,150,3.9780315208863213e+49
472,19,151,6.0932454044935691e+49
475,19,152,9.322919566128621e+49
478,19,153,1.4248941514097339e+50
481,19,154,2.1754303127899835e+50
484,19,155,3.3177532793846025e+50
487,19,156,5.0545640155953654e+50
490,19,157,7.692514297392979e+50
493,19,158,1.169505170262164e+51
496,19,159,1.7761897658012447e+51
499,19,160,2.6948466653941903e+51
502,19,161,4.0845128398343694e+51
505,19,162,6.1846047912932774e+51
508,19,163,9.3551989844094416e+51
511,19,164,1.4137328382196011e+52
514,19,165,2.1343158721905458e+52
517,19,166,3.2190728766861334e+52
520,19,167,4.8505096090057826e+52
523,19,168,7.3018347519449945e+52
526,19,169,1.0981667063017081e+53
529,19,170,1.650059884953016e+53
532,19,171,2.4770214528560518e+53
535,19,172,3.715026154194545e+53
538,19,173,5.5667202590156928e+53
541,19,174,8.3338495101465997e+53
544,19,175,1.2465333938464238e+54
547,19,176,1.8628479790974983e+54
550,19,177,2.7814376410803432e+54
553,19,178,4.1493760143222296e+54
556,19,179,6.1847322326681032e+54
559,19,180,9.2105742185573454e+54
562,19,181,1.3705131753148582e+55
565,19,182,2.037574019496431e+55
568,19,183,3.0267752340211906e+55
571,19,184,4.4924829167522412e+55
574,19,185,6.662466380259834e+55
577,19,186,9.8725370164518207e+55
580,19,187,1.4617409982349606e+56
583,19,188,2.1625329755648774e+56
586,19,189,3.1967480037143057e+56
589,19,190,4.7218271518459155e+56
592,19,191,6.9689992263684431e+56
595,19,192,1.0277606651718163e+57
598,19,193,1.5145282394130851e+57
601,19,194,2.2301244335230549e+57
604,19,195,3.2813280501600683e+57
607,19,196,4.8243799820271704e+57
610,19,197,7.087728898682695e+57
613,19,198,1.0405161563601397e+58
616,19,199,1.526402510863996e+58
619,19,200,2.2375367319236995e+58
622,19,201,3.2775886639606587e+58
625,19,202,4.7976016463464539e+58
628,19,203,7.0174873841034556e+58
631,19,204,1.0257205284384501e+59
634,19,205,1.4981959198730774e+59
637,19,206,2.1867669731233651e+59
640,19,207,3.1895755051182954e+59
643,19,208,4.6490249829526091e+59
646,19,209,6.7716044938189465e+59
649,19,210,9.8565306527041413e+59
652,19,211,1.4337103102345529e+60
655,19,212,2.0840378701591989e+60
658,19,213,3.0273224034990236e+60
661,19,214,4.3946328117024156e+60
664,19,215,6.3752808478607966e+60
667,19,216,9.2425283638275286e+60
670,19,217,1.3390565522535467e+61
673,19,218,1.9387668847089108e+61
676,19,219,2.8052571904643399e+61
679,19,220,4.0564118319928339e+61
682,19,221,5.8618606581292543e+61
685,19,222,8.4655434089723508e+61
688,19,223,1.2218049465604719e+62
691,19,224,1.7622940390673458e+62
694,19,225,2.5403062009829443e+62
697,19,226,3.6595416647834446e+62
700,19,227,5.2686817374835556e+62
703,19,228,7.5807743006689146e+62
706,19,229,1.0900920532432203e+63
709,19,230,1.5665795052684204e+63
712,19,231,2.2500025201846016e+63
715,19,232,3.229657622245507e+63
718,19,233,4.6331299777324378e+63
721,19,234,6.6426074313762099e+63
724,19,235,9.5181021694467533e+63
727,19,236,1.3630486654500661e+64
730,19,237,1.9508466020220465e+64
733,19,238,2.790532988143455e+64
736,19,239,3.9893761218847419e+64
739,19,240,5.7000423054535096e+64
742,19,241,8.1396910142044475e+64
745,19,242,1.161705278067876e+65
748,19,243,1.657080672862455e+65
751,19,244,2.3623944630968124e+65
754,19,245,3.3660740726070057e+65
757,19,246,4.7935670837501195e+65
760,19,247,6.8227463253572562e+65
763,19,248,9.7056870662663822e+65
766,19,249,1.3799436383447457e+66
769,19,250,1.9609465729523589e+66
772,19,251,2.7851003868147518e+66
775,19,252,3.9535564489337647e+66
778,19,253,5.609295738651802e+66
781,19,254,7.9543249316205009e+66
784,19,255,1.1273900402343227e+67
787,19,256,1.5970635708935906e+67
790,19,257,2.2612501694136598e+67
793,19,258,3.2000345242945485e+67
796,19,259,4.526281802344005e+67
799,19,260,6.3989778728205302e+67
802,19,261,9.041967245232662e+67
805,19,262,1.2770260282449374e+68
808,19,263,1.8026949944210266e+68
811,19,264,2.543499255896553e+68
814,19,265,3.5869803597655349e+68
817,19,266,5.056098858192016e+68
820,19,267,7.1234836349783197e+68
823,19,268,1.0031381618585403e+69
826,19,269,1.4119575564186721e+69
829,19,270,1.9864434694032504e+69
832,19,271,2.7933513036113247e+69
835,19,272,3.9261851392007404e+69
838,19,273,5.5158562831911522e+69
841,19,274,7.7455654831375798e+69
844,19,275,1.087157333487816e+70
847,19,276,1.5252175823507953e+70
850,19,277,2.1388108671682971e+70
853,19,278,2.9978863839021452e+70
856,19,279,4.2001150759029387e+70
859,19,280,5.8818162970578381e+70
862,19,281,8.2331679727646443e+70
865,19,282,1.1519370458563413e+71
868,19,283,1.6110082053158566e+71
871,19,284,2.2520341766383892e+71
874,19,285,3.1467438365061516e+71
877,19,286,4.3949906415252481e+71
880,19,287,6.1357213008571417e+71
883,19,288,8.5621995756620957e+71
886,19,289,1.1943127214762253e+72
889,19,290,1.6651934350917694e+72
892,19,291,2.3207382695203032e+72
895,19,292,3.2329828017881789e+72
898,19,293,4.5019149691152447e+72
901,19,294,6.2662648043599155e+72
904,19,295,8.7184373898593621e+72
907,19,296,1.2125171783322421e+73
910,19,297,1.6856110190677787e+73
913,19,298,2.3423290620701175e+73
916,19,299,3.2535718214090869e+73
919,19,300,4.5174742978325111e+73
922,19,301,6.2698136311759535e+73
925,19,302,8.698373729397558e+73
928,19,303,1.2062763676919341e+74
931,19,304,1.6721750063127348e+74
934,19,305,2.3170937665441881e+74
937,19,306,3.209469677325009e+74
940,19,307,4.4437696596591988e+74
943,19,308,6.1503410306652996e+74
946,19,309,8.5089710540889887e+74
949,19,310,1.1767545159014476e+75
952,19,311,1.626771150151107e+75
955,19,312,2.2480169776563797e+75
958,19,313,3.1053175542977221e+75
961,19,314,4.287918480609543e+75
964,19,315,5.9186389803728604e+75
967,19,316,8.1664397035333484e+75
970,19,317,1.1263672003091472e+76
973,19,318,1.5529744008727641e+76
976,19,319,2.1403578944339874e+76
979,19,320,2.9488116250249853e+76
982,19,321,4.0611302023189823e+76
985,19,322,5.590964914368636e+76
988,19,323,7.6942678795206282e+76
991,19,324,1.0584960134207617e+77
994,19,325,1.4556375193642985e+77
997,19,326,2.001059681412338e+77
1000,19,327,2.7498583240546243e+77
1003,19,328,3.7775024868459875e+77
1006,19,329,5.1873319647002894e+77
1009,19,330,7.1208008953296135e+77
1012,19,331,9.7714684044393888e+77
1015,19,332,1.3404100499271866e+78
1018,19,333,1.8380741732247189e+78
1021,19,334,2.5196287777817954e+78
1024,19,335,3.4527004984742113e+78
1027,19,336,4.7296687059920927e+78
1030,19,337,6.4766830195153354e+78
1033,19,338,8.8659506074297048e+78
1036,19,339,1.2132473414134097e+79
1039,19,340,1.6596839423249225e+79
1042,19,341,2.269624765563372e+79
1045,19,342,3.1026727775820626e+79
1048,19,343,4.240057504014112e+79
1051,19,344,5.7924458832389813e+79
1054,19,345,7.9105612154728475e+79
1057,19,346,1.0799615143209161e+80
1060,19,347,1.4738915603345315e+80
1063,19,348,2.0108498657529991e+80
1066,19,349,2.7425288858685711e+80
1069,19,350,3.7392181924630844e+80
1072,19,351,5.0964646808390742e+80
1075,19,352,6.9441072320306253e+80
1078,19,353,9.4585285530717955e+80
1081,19,354,1.2879264674021965e+81
1084,19,355,1.7531515073831354e+81
1087,19,356,2.3856640316429551e+81
1090,19,357,3.2453468871851135e+81
1093,19,358,4.4134227169284508e+81
1096,19,359,6.0000246777500503e+81
1099,19,360,8.1544411065689791e+81
1102,19,361,1.1078974394592998e+82
1105,19,362,1.5047683508747957e+82
1108,19,363,2.0431723518569599e+82
1111,19,364,2.7733593966558298e+82
1114,19,365,3.7633414541108637e+82
1117,19,366,5.1051433348412127e+82
1120,19,367,6.9232437058412659e+82
1123,19,368,9.3859703627665028e+82
1126,19,369,1.2720879231696787e+83
1129,19,370,1.7235503764752451e+83
1132,19,371,2.3345341988494458e+83
1135,19,372,3.1611594911247064e+83
1138,19,373,4.2792039286299705e+83
1141,19,374,5.7909586355510608e+83
1144,19,375,7.8344648798964181e+83
1147,19,376,1.0595954837270288e+84
1150,19,377,1.4326603127092786e+84
1153,19,378,1.9365076464677269e+84
1156,19,379,2.6167879777487648e+84
1159,19,380,3.5350182963992959e+84
1162,19,381,4.7740732690841846e+84
1165,19,382,6.4455687994882551e+84
1168,19,383,8.6997873785417264e+84
1171,19,384,1.173901655862348e+85
1174,19,385,1.5835469332925561e+85
1177,19,386,2.1355353765327776e+85
1180,19,387,2.8791193129838514e+85
1183,19,388,3.8805212854916859e+85
1186,19,389,5.2287567918862288e+85
1189,19,390,7.0434465782427428e+85
1192,19,391,9.4852954741855737e+85
1195,19,392,1.2770144168649829e+86
1198,19,393,1.7187807155664691e+86
1201,19,394,2.3127320353042966e+86
1204,19,395,3.1110770344203792e+86
1207,19,396,4.1838610159658167e+86
1210,19,397,5.6250345828428124e+86
1213,19,398,7.5605786051098813e+86
1216,19,399,1.0159379422796192e+87
1219,19,400,1.364778142889952e+87
1222,19,401,1.8329055465819937e+87
1225,19,402,2.4609436850604545e+87
1228,19,403,3.3032940989593039e+87
1231,19,404,4.4327903620579816e+87
1234,19,405,5.9469178200713117e+87
1237,19,406,7.9761236662109682e+87
1240,19,407,1.0694917056817064e+88
1243,19,408,1.4336692248047522e+88
1246,19,409,1.9213518476999712e+88
1249,19,410,2.574255413910592e+88
1252,19,411,3.4481293791971693e+88
1255,19,412,4.6174589917238116e+88
1258,19,413,6.1817367359367964e+88
1261,19,414,8.2738246855521533e+88
1264,19,415,1.1071102122875099e+89
1267,19,416,1.4810322459570838e+89
1270,19,417,1.9807408846437507e+89
1273,19,418,2.6483823723584459e+89
1276,19,419,3.5401686893281795e+89
1279,19,420,4.7310533215442554e+89
1282,19,421,6.3209552716276732e+89
1285,19,422,8.4430419653304926e+89
1288,19,423,1.1274749482485802e+90
1291,19,424,1.5052441224541342e+90
1294,19,425,2.0090901624891343e+90
1297,19,426,2.6809253527230457e+90
1300,19,427,3.5765407812539753e+90
1303,19,428,4.7701843337688864e+90
1306,19,429,6.3606429321873942e+90
1309,19,430,8.4793213857765162e+90
1312,19,431,1.1300970767149378e+91
1315,19,432,1.5057931919228255e+91
1318,19,433,2.0059041416622459e+91
1321,19,434,2.671472036177679e+91
1324,19,435,3.5570260293948672e+91
1327,19,436,4.7349974223927598e+91
1330,19,437,6.3015745911533625e+91
1333,19,438,8.3844655060065733e+91
1336,19,439,1.1153187004621107e+92
1339,19,440,1.4832700189923972e+92
1342,19,441,1.9721476030715083e+92
1345,19,442,2.6215425144472217e+92
1348,19,443,3.4839588158766221e+92
1351,19,444,4.6290094023916761e+92
1354,19,445,6.1489700736790197e+92
1357,19,446,8.1661298847234036e+92
1360,19,447,1.0842516555065526e+93
1363,19,448,1.4392761514247833e+93
1366,19,449,1.9101114381553865e+93
1369,19,450,2.5343940257239558e+93
1372,19,451,3.361946008774775e+93
1375,19,452,4.4587057418322196e+93
1378,19,453,5.9119217338966412e+93
1381,19,454,7.8370142340959824e+93
1384,19,455,1.03866380136039e+94
1387,19,456,1.3762649896043352e+94
1390,19,457,1.8231908638345952e+94
1393,19,458,2.4147129903686824e+94
1396,19,459,3.1974407772989599e+94
1399,19,460,4.2329526065830868e+94
1402,19,461,5.602585654288684e+94
1405,19,462,7.4137527914090465e+94
1408,19,463,9.8082716605500532e+94
1411,19,464,1.2973344563680362e+95
1414,19,465,1.7156029758930048e+95
1417,19,466,2.2682310367126371e+95
1420,19,467,2.9982216312702032e+95
1423,19,468,3.9622913802287539e+95
1426,19,469,5.2352280210493823e+95
1429,19,470,6.9156275086709389e+95
1432,19,471,9.133445960515952e+95
1435,19,472,1.2059938493744359e+96
1438,19,473,1.5920736673490129e+96
1441,19,474,2.1013052193644549e+96
1444,19,475,2.7728304083624887e+96
1447,19,476,3.6581873161238614e+96
1450,19,477,4.825222075998183e+96
1453,19,478,6.3632308417567879e+96
1456,19,479,8.3897172929895209e+96
1459,19,480,1.1059271467413313e+97
1462,19,481,1.4575233506828255e+97
1465,19,482,1.9205012756973402e+97
1468,19,483,2.5300203770794088e+97
1471,19,484,3.3322996019316876e+97
1474,19,485,4.3880839541780792e+97
1477,19,486,5.7771938414248611e+97
1480,19,487,7.6044942319427981e+97
1483,19,488,1.000772518977283e+98
1486,19,489,1.31677722099851e+98
1489,19,490,1.7322133898385754e+98
1492,19,491,2.2782578940838945e+98
1495,19,492,2.995829098730432e+98
1498,19,493,3.9386201246105208e+98
1501,19,494,5.1770733259886177e+98
1504,19,495,6.8035870404960174e+98
1507,19,496,8.9393353604267821e+98
1510,19,497,1.1743198915971612e+99
1513,19,498,1.5423457881281681e+99
1516,19,499,2.0253098616054699e+99
1519,19,500,2.6589846896984678e+99
1522,19,501,3.4902382303121403e+99
1525,19,502,4.5804634428322489e+99
1528,19,503,6.0100644060285959e+99
1531,19,504,7.884323282631628e+99
1534,19,505,1.0341071721434559e+100
1537,19,506,1.3560719790493882e+100
1540,19,507,1.7779364497597244e+100
1543,19,508,2.3305920358707189e+100
1546,19,509,3.0544501932394635e+100
1549,19,510,4.0023663078008674e+100
1552,19,511,5.2434586394056402e+100
1555,19,512,6.8680953317674055e+100
1558,19,513,8.9944055588432175e+100
1561,19,514,1.1776779059868522e+101
1564,19,515,1.5416959255713287e+101
1567,19,516,2.0178518725776389e+101
1570,19,517,2.6405744918001394e+101
1573,19,518,3.4548275291931878e+101
1576,19,519,4.5193226407558566e+101
1579,19,520,5.9107089049981534e+101
1582,19,521,7.7290348083834275e+101
1585,19,522,1.0104867913618691e+102
1588,19,523,1.3208573650208798e+102
1591,19,524,1.7262405851017105e+102
1594,19,525,2.2556258276079001e+102
1597,19,526,2.9468182024477973e+102
1600,19,527,3.849110610854074e+102
1603,19,528,5.0267630496263808e+102
1606,19,529,6.5635322401767232e+102
1609,19,530,8.5685676177611817e+102
1612,19,531,1.1184084500047597e+103
1615,19,532,1.4595348373060733e+103
1618,19,533,1.9043664129641693e+103
1621,19,534,2.4843271722530954e+103
1624,19,535,3.2403319251411965e+103
1627,19,536,4.2256434405943142e+103
1630,19,537,5.5095869303581592e+103
1633,19,538,7.1823783034274772e+103
1636,19,539,9.3613990748446389e+103
1639,19,540,1.2199349985504896e+104
1642,19,541,1.5894844014314297e+104
1645,19,542,2.0706166257702577e+104
1648,19,543,2.6969144406889505e+104
1651,19,544,3.5120353888058992e+104
1654,19,545,4.572724507630571e+104
1657,19,546,5.9527250850058353e+104
1660,19,547,7.7478542830720494e+104
1663,19,548,1.0082589498908175e+105
1666,19,549,1.3118613698482484e+105
1669,19,550,1.7065900532297938e+105
1672,19,551,2.2197091698751459e+105
1675,19,552,2.8866141252835524e+105
1678,19,553,3.7532489216974723e+105
1681,19,554,4.8792399138360346e+105
1684,19,555,6.3419575975006601e+105
1687,19,556,8.2417803957149883e+105
1690,19,557,1.0708915030737503e+106
1693,19,558,1.3912232346792501e+106
1696,19,559,1.8070712294127965e+106
1699,19,560,2.3468266134709349e+106
1702,19,561,3.0472929320525919e+106
1705,19,562,3.9561709821477907e+106
1708,19,563,5.1352753174053402e+106
1711,19,564,6.6646972000133582e+106
1714,19,565,8.6481916244582375e+106
1717,19,566,1.1220147222810294e+107
1720,19,567,1.4554602713578134e+107
1723,19,568,1.8876908954282622e+107
1726,19,569,2.4478810473924835e+107
1729,19,570,3.1737946034085559e+107
1732,19,571,4.1143059049336672e+107
1735,19,572,5.3326584601028645e+107
1738,19,573,6.9106764815974519e+107
1741,19,574,8.9542070139194954e+107
1744,19,575,1.1600151120796309e+108
1747,19,576,1.5025546707603256e+108
1750,19,577,1.9459299798458739e+108
1753,19,578,2.5197334174514698e+108
1756,19,579,3.2622152411122811e+108
1759,19,580,4.2228088955701585e+108
1762,19,581,5.4653906534320881e+108
1765,19,582,7.0724864772565901e+108
1768,19,583,9.1507005230279264e+108
1771,19,584,1.183771896734424e+109
1774,19,585,1.5311344927868067e+109
1777,19,586,1.9801151712210482e+109
1780,19,587,2.5603510902731614e+109
1783,19,588,3.3100969704376016e+109
1786,19,589,4.278723248883465e+109
1789,19,590,5.5299362480937928e+109
1792,19,591,7.1459284091138395e+109
1795,19,592,9.2327264109999224e+109
1798,19,593,1.1927081889971477e+110
1801,19,594,1.5405348373883438e+110
1804,19,595,1.989491524139107e+110
1807,19,596,2.568893307029189e+110
1810,19,597,3.3165275019279783e+110
1813,19,598,4.2810949201007143e+110
1816,19,599,5.5253524441892594e+110
1819,19,600,7.1301578322029641e+110
1822,19,601,9.1996750112907955e+110
1825,19,602,1.1868071831981092e+111
1828,19,603,1.530813693825016e+111
1831,19,604,1.9742364018899878e+111
1834,19,605,2.5457207878663063e+111
1837,19,606,3.2821417294074718e+111
1840,19,607,4.2309607062993778e+111
1843,19,608,5.4532562122150969e+111
1846,19,609,7.0276190749766582e+111
1849,19,610,9.0551588165125253e+111
1852,19,611,1.1665937022167299e+112
1855,19,612,1.5027233286509086e+112
1858,19,613,1.9354164232905067e+112
1861,19,614,2.492332350890006e+112
1864,19,615,3.2090299688877286e+112
1867,19,616,4.1312171388704197e+112
1870,19,617,5.3176389625225433e+112
1873,19,618,6.8437855758724818e+112
1876,19,619,8.8066513850113003e+112
1879,19,620,1.1330843045697113e+113
1882,19,621,1.4576417311620362e+113
1885,19,622,1.8748937263683816e+113
1888,19,623,2.4112372991926278e+113
1891,19,624,3.1005648984863457e+113
1894,19,625,3.9863866102159326e+113
1897,19,626,5.1245514899741071e+113
1900,19,627,6.5867366932721737e+113
1903,19,628,8.4649204108360673e+113
1906,19,629,1.0877115213042505e+114
1909,19,630,1.3974715955633746e+114
1912,19,631,1.7951915626009407e+114
1915,19,632,2.3057769460037524e+114
1918,19,633,2.9611650056214638e+114
1921,19,634,3.8023043927449105e+114
1924,19,635,4.8816905569017785e+114
1927,19,636,6.2666124795033474e+114
1930,19,637,8.0433097376884492e+114
1933,19,638,1.0322294418959618e+115
1936,19,639,1.3245163368142826e+115
1939,19,640,1.6993316938768165e+115
1942,19,641,2.1799116309349186e+115
1945,19,642,2.7960159493787335e+115
1948,19,643,3.5857545336247434e+115
1951,19,644,4.5979236403439285e+115
1954,19,645,5.8949940284895047e+115
1957,19,646,7.556932289286487e+115
1960,19,647,9.6860870535517464e+115
1963,19,648,1.2413435993880004e+116
1966,19,649,1.5906571542575336e+116
1969,19,650,2.037990791102197e+116
1972,19,651,2.6107725567611223e+116
1975,19,652,3.3440839770326089e+116
1978,19,653,4.2827897205964768e+116
1981,19,654,5.4842582192335481e+116
1984,19,655,7.0218367737468131e+116
1987,19,656,8.9892898019681965e+116
1990,19,657,1.1506466430839333e+117
1993,19,658,1.4726537007918531e+117
1996,19,659,1.8845231647959328e+117
1999,19,660,2.4112633168824612e+117
2002,19,661,3.0848228744364944e+117
2005,19,662,3.9460118276837448e+117
2008,19,663,5.046952427473619e+117
2011,19,664,6.4542062442752917e+117
2014,19,665,8.2527632730089677e+117
2017,19,666,1.0551130077097562e+118
2020,19,667,1.3487818941602062e+118
2023,19,668,1.7239622748550679e+118
2026,19,669,2.2032165641086342e+118
2029,19,670,2.8153353670328468e+118
2032,19,671,3.597052035581314e+118
2035,19,672,4.5952279403123137e+118
2038,19,673,5.8696373382173916e+118
20,20,0,17814
23,20,1,366600
26,20,2,4244550
29,20,3,35888214
32,20,4,246119580
35,20,5,1446775320
38,20,6,7542533493
41,20,7,35677895010
44,20,8,155640282303
47,20,9,633797702562
50,20,10,2431884208845
53,20,11,8857389636660
56,20,12,30805618306457.875
59,20,13,102812156110570.75
62,20,14,330617229369150
65,20,15,1027953048064684
68,20,16,3099339991914984
71,20,17,9084857320873952
74,20,18,25946610006591936
77,20,19,72343308045380864
80,20,20,1.9724845069409229e+17
83,20,21,5.2672624419200205e+17
86,20,22,1.3794312213571645e+18
89,20,23,3.547200732309291e+18
92,20,24,8.9663706771476316e+18
95,20,25,2.2300885100423873e+19
98,20,26,5.4625043285043446e+19
101,20,27,1.3188061998540076e+20
104,20,28,3.140612997487054e+20
107,20,29,7.3822707895867802e+20
110,20,30,1.7138845697532221e+21
113,20,31,3.9322566410325941e+21
116,20,32,8.9208123912241587e+21
119,20,33,2.0020996414499533e+22
122,20,34,4.4472009345874272e+22
125,20,35,9.7812583205975695e+22
128,20,36,2.1310033506509993e+23
131,20,37,4.6006375656112856e+23
134,20,38,9.8457548144305685e+23
137,20,39,2.0893933736919935e+24
140,20,40,4.3981089980048378e+24
143,20,41,9.1857098894405892e+24
146,20,42,1.9040548729496347e+25
149,20,43,3.9181266133236183e+25
152,20,44,8.0060034889605793e+25
155,20,45,1.6247691067483087e+26
158,20,46,3.2756766601108509e+26
161,20,47,6.5619644274053801e+26
164,20,48,1.3063981830038655e+27
167,20,49,2.5852777943466586e+27
170,20,50,5.0863464043578493e+27
173,20,51,9.9505050563875222e+27
176,20,52,1.9359525900470815e+28
179,20,53,3.7464625606819597e+28
182,20,54,7.2125494999405205e+28
185,20,55,1.3815217944117169e+29
188,20,56,2.6332149774005202e+29
191,20,57,4.9949384274515767e+29
194,20,58,9.4306678028651938e+29
197,20,59,1.7724510608503563e+30
200,20,60,3.3164577511740152e+30
203,20,61,6.1785992671326804e+30
206,20,62,1.1462147497291755e+31
209,20,63,2.1176084202865993e+31
212,20,64,3.896463716467235e+31
215,20,65,7.1413607636930826e+31
218,20,66,1.3038126796476289e+32
221,20,67,2.3714306533012702e+32
224,20,68,4.2973667571704716e+32
227,20,69,7.7593554712119213e+32
230,20,70,1.3960898493658821e+33
233,20,71,2.5032122656445106e+33
236,20,72,4.4731098491954002e+33
239,20,73,7.9667091476583459e+33
242,20,74,1.4142780672426487e+34
245,20,75,2.5026785539782764e+34
248,20,76,4.414858830015602e+34
251,20,77,7.764191577234142e+34
254,20,78,1.3613465432880489e+35
257,20,79,2.3799001144258449e+35
260,20,80,4.1484909744749484e+35
263,20,81,7.2108426353385759e+35
266,20,82,1.249881102320473e+36
269,20,83,2.1605279954352767e+36
272,20,84,3.7246087730946866e+36
275,20,85,6.4040016027556437e+36
278,20,86,1.0982268469652514e+37
281,20,87,1.8785459170055622e+37
284,20,88,3.2052318054638539e+37
287,20,89,5.4553567175184067e+37
290,20,90,9.2625518758957596e+37
293,20,91,1.5689140999848738e+38
296,20,92,2.6512180612880988e+38
299,20,93,4.4697765558059645e+38
302,20,94,7.5185853470521553e+38
305,20,95,1.2618620308305139e+39
308,20,96,2.1131391167148095e+39
311,20,97,3.531014144180898e+39
314,20,98,5.8876268394605692e+39
317,20,99,9.796354384200302e+39
320,20,100,1.62661840967271e+40
323,20,101,2.6953621268551741e+40
326,20,102,4.4572986789309536e+40
329,20,103,7.3563460229845671e+40
332,20,104,1.211715539484817e+41
335,20,105,1.9920459313030724e+41
338,20,106,3.2686611681010757e+41
341,20,107,5.353327517254006e+41
344,20,108,8.7512942201265187e+41
347,20,109,1.4279936116665612e+42
350,20,110,2.3259289977719183e+42
353,20,111,3.7817543144521072e+42
356,20,112,6.1380025637388518e+42
359,20,113,9.9450671090728333e+42
362,20,114,1.6085888408490425e+43
365,20,115,2.5974586143618132e+43
368,20,116,4.1872398457369783e+43
371,20,117,6.7389435918307283e+43
374,20,118,1.0828032667756652e+44
377,20,119,1.7370400432123248e+44
380,20,120,2.7821544786184087e+44
383,20,121,4.4491004561363277e+44
386,20,122,7.1038044109981789e+44
389,20,123,1.1325194662891246e+45
392,20,124,1.802785986160725e+45
395,20,125,2.8654593529822088e+45
398,20,126,4.5478226647215753e+45
401,20,127,7.2074135475386254e+45
404,20,128,1.1405893893471964e+46
407,20,129,1.8024380670637695e+46
410,20,130,2.8443271642104507e+46
413,20,131,4.4822267437049341e+46
416,20,132,7.0535856270341894e+46
419,20,133,1.1084970812738972e+47
422,20,134,1.7396992499281433e+47
425,20,135,2.7266865102912483e+47
428,20,136,4.2679953386692757e+47
431,20,137,6.671853858543579e+47
434,20,138,1.0416193315169867e+48
437,20,139,1.6241173427289126e+48
440,20,140,2.5291668689670552e+48
443,20,141,3.9336436140693143e+48
446,20,142,6.110484134055772e+48
449,20,143,9.4803605441833997e+48
452,20,144,1.4690891589944042e+49
455,20,145,2.2737927097916755e+49
458,20,146,3.5151046551467759e+49
461,20,147,5.427695723216928e+49
464,20,148,8.3711987192415571e+49
467,20,149,1.2896139781397311e+50
470,20,150,1.9844339463964457e+50
473,20,151,3.0501642843101744e+50
476,20,152,4.6830008479178159e+50
479,20,153,7.1819824286846067e+50
482,20,154,1.1002417908367317e+51
485,20,155,1.6836823459656816e+51
488,20,156,2.5737410873950563e+51
491,20,157,3.9301272501394247e+51
494,20,158,5.9950076464528988e+51
497,20,159,9.1352090248772627e+51
500,20,160,1.3905833812758272e+52
503,20,161,2.1146061646828296e+52
506,20,162,3.2123282566061867e+52
509,20,163,4.8749739163751232e+52
512,20,164,7.3907848214468151e+52
515,20,165,1.1193826549229723e+53
518,20,166,1.6937142931585438e+53
521,20,167,2.5602304052070301e+53
524,20,168,3.8663304262645489e+53
527,20,169,5.8331553853813259e+53
530,20,170,8.792176069735045e+53
533,20,171,1.3239787019583855e+54
536,20,172,1.9918695827011716e+54
539,20,173,2.9939153411649858e+54
542,20,174,4.4959371814017473e+54
545,20,175,6.7453796115651981e+54
548,20,176,1.0111167176373376e+55
551,20,177,1.5142869037923547e+55
554,20,178,2.2658451270119125e+55
557,20,179,3.3874322164376297e+55
560,20,180,5.0597895419034849e+55
563,20,181,7.5512493187304849e+55
566,20,182,1.1259852725853705e+56
569,20,183,1.6775564407335328e+56
572,20,184,2.4972098929124388e+56
575,20,185,3.7142346218966058e+56
578,20,186,5.5197939870879219e+56
581,20,187,8.1963119792787331e+56
584,20,188,1.2160710793046673e+57
587,20,189,1.8027979751733665e+57
590,20,190,2.6704564711411135e+57
593,20,191,3.9525463182402566e+57
596,20,192,5.8455328240038277e+57
599,20,193,8.6383246868975906e+57
602,20,194,1.275545070902107e+58
605,20,195,1.8820255110158484e+58
608,20,196,2.7747325583842533e+58
611,20,197,4.0877578788878744e+58
614,20,198,6.0175548871546079e+58
617,20,199,8.851731646301802e+58
620,20,200,1.3011042396642627e+59
623,20,201,1.9110584939423837e+59
626,20,202,2.8048925953106611e+59
629,20,203,4.113780951583355e+59
632,20,204,6.0290798611839568e+59
635,20,205,8.8297438486449582e+59
638,20,206,1.2922144360142785e+60
641,20,207,1.8897862354290208e+60
644,20,208,2.7617512002779217e+60
647,20,209,4.033223977896195e+60
650,20,210,5.8859716367603069e+60
653,20,211,8.5838894663991512e+60
656,20,212,1.2509854611514123e+61
659,20,213,1.8219004582978466e+61
662,20,214,2.6515711422882128e+61
665,20,215,3.8564719275843557e+61
668,20,216,5.6051506462637734e+61
671,20,217,8.141352874250607e+61
674,20,218,1.1817346533326227e+62
677,20,219,1.7141916349131431e+62
680,20,220,2.4849443354222295e+62
683,20,221,3.5999271629423129e+62
686,20,222,5.2118554387909985e+62
689,20,223,7.5407480162885441e+62
692,20,224,1.0903394288970833e+63
695,20,225,1.5755638554360402e+63
698,20,226,2.2753020921247599e+63
701,20,227,3.2837692431039649e+63
704,20,228,4.7362915346967016e+63
707,20,229,6.8271297887207469e+63
710,20,230,9.8349807539197895e+63
713,20,231,1.4159442714348885e+64
716,20,232,2.0373129645086187e+64
719,20,233,2.9296106883408763e+64
722,20,234,4.2102149016653009e+64
725,20,235,6.0470339257787079e+64
728,20,236,8.6801237385831581e+64
731,20,237,1.2452494609369387e+65
734,20,238,1.7853990206328166e+65
737,20,239,2.5583752100078458e+65
740,20,240,3.6639093246872612e+65
743,20,241,5.2441877279141525e+65
746,20,242,7.5018134835939395e+65
749,20,243,1.0725320634908732e+66
752,20,244,1.5325397644888309e+66
755,20,245,2.1886287782450622e+66
758,20,246,3.1238686965051259e+66
761,20,247,4.4563076012949347e+66
764,20,248,6.3536117378619956e+66
767,20,249,9.0537956616411264e+66
770,20,250,1.2894561569312684e+67
773,20,251,1.8354801976995977e+67
776,20,252,2.6113278542078143e+67
779,20,253,3.7131543580502516e+67
782,20,254,5.2771061106901114e+67
785,20,255,7.4958549771849604e+67
788,20,256,1.0641928602819672e+68
791,20,257,1.5100613835568734e+68
794,20,258,2.1416338585606301e+68
797,20,259,3.0358021443738216e+68
800,20,260,4.301110115550603e+68
803,20,261,6.0907075746032126e+68
806,20,262,8.6205751983353307e+68
809,20,263,1.2195153083822601e+69
812,20,264,1.724336336128735e+69
815,20,265,2.436921841821367e+69
818,20,266,3.4422887040031308e+69
821,20,267,4.8600441721857584e+69
824,20,268,6.8583797288699509e+69
827,20,269,9.6736944310751131e+69
830,20,270,1.3638099703830335e+70
833,20,271,1.9217953413177341e+70
836,20,272,2.7067821313278456e+70
839,20,273,3.8106008081672302e+70
842,20,274,5.3620232132136617e+70
845,20,275,7.5415408027887669e+70
848,20,276,1.0602022266122167e+71
851,20,277,1.489757675652041e+71
854,20,278,2.0923864361145505e+71
857,20,279,2.937436908664763e+71
860,20,280,4.121892101436322e+71
863,20,281,5.7813216842263853e+71
866,20,282,8.1051510037548325e+71
869,20,283,1.1357939509301554e+72
872,20,284,1.5909021006074529e+72
875,20,285,2.2273774106227941e+72
878,20,286,3.1171061950413809e+72
881,20,287,4.3603142396665314e+72
884,20,288,6.0966792467765916e+72
887,20,289,8.5207775309932407e+72
890,20,290,1.1903546553102188e+73
893,20,291,1.6622093870627183e+73
896,20,292,2.3201081241783095e+73
899,20,293,3.2370155108086754e+73
902,20,294,4.5143612827301027e+73
905,20,295,6.2930868984642395e+73
908,20,296,8.768956767490784e+73
911,20,297,1.2213771912460663e+74
914,20,298,1.7004749682138295e+74
917,20,299,2.3665196783551286e+74
920,20,300,3.2920794386279076e+74
923,20,301,4.5777457179090438e+74
926,20,302,6.3628993361341931e+74
929,20,303,8.8405913879220255e+74
932,20,304,1.2278103879760155e+75
935,20,305,1.7045346907387054e+75
938,20,306,2.3654064109300643e+75
941,20,307,3.2811939394269604e+75
944,20,308,4.5497240149932229e+75
947,20,309,6.3061752543907775e+75
950,20,310,8.7372678827620327e+75
953,20,311,1.2100817051632143e+76
956,20,312,1.6752667036424243e+76
959,20,313,2.3183778570682645e+76
962,20,314,3.2071277691409673e+76
965,20,315,4.4348695930754992e+76
968,20,316,6.1302581105521916e+76
971,20,317,8.470533046660972e+76
974,20,318,1.1699776048783066e+77
977,20,319,1.6153994506147447e+77
980,20,320,2.2295572518040578e+77
983,20,321,3.0760569996438905e+77
986,20,322,4.2423638219165833e+77
989,20,323,5.8487081267754842e+77
992,20,324,8.0603001225085166e+77
995,20,325,1.1104075757138352e+78
998,20,326,1.529164709114204e+78
1001,20,327,2.1050744844888753e+78
1004,20,328,2.8968280391830319e+78
1007,20,329,3.9849300617337395e+78
1010,20,330,5.4797673289962379e+78
1013,20,331,7.5326474680293805e+78
1016,20,332,1.0350896174412939e+79
1019,20,333,1.4218497946566417e+79
1022,20,334,1.95243062506095e+79
1025,20,335,2.6800585941902619e+79
1028,20,336,3.6775654478059006e+79
1031,20,337,5.0445755107223384e+79
1034,20,338,6.9173155438006127e+79
1037,20,339,9.481999602788826e+79
1040,20,340,1.2993085678935175e+80
1043,20,341,1.7798169114801737e+80
1046,20,342,2.4371914276666882e+80
1049,20,343,3.3362290929628176e+80
1052,20,344,4.5653556841508531e+80
1055,20,345,6.2452024019516721e+80
1058,20,346,8.5402812659047619e+80
1061,20,347,1.1674873759308698e+81
1064,20,348,1.5954646203953354e+81
1067,20,349,2.1796046547411211e+81
1070,20,350,2.9766271103163147e+81
1073,20,351,4.0637584567166442e+81
1076,20,352,5.5461124702480297e+81
1079,20,353,7.5667149337941431e+81
1082,20,354,1.0320115663507711e+82
1085,20,355,1.4070865817360781e+82
1088,20,356,1.9178591667168735e+82
1091,20,357,2.6132009264955063e+82
1094,20,358,3.5595053955727966e+82
1097,20,359,4.846942041809466e+82
1100,20,360,6.5979325331359865e+82
1103,20,361,8.9786354136559743e+82
1106,20,362,1.2214502216689178e+83
1109,20,363,1.6611342012823323e+83
1112,20,364,2.258383634738607e+83
1115,20,365,3.0694128143721502e+83
1118,20,366,4.1704027975363494e+83
1121,20,367,5.6645622026325204e+83
1124,20,368,7.6916739664039829e+83
1127,20,369,1.0440999506472992e+84
1130,20,370,1.4168715890606376e+84
1133,20,371,1.9221471473333153e+84
1136,20,372,2.6068197597353239e+84
1139,20,373,3.5343057550003757e+84
1142,20,374,4.7903415119265079e+84
1145,20,375,6.49080526406851e+84
1148,20,376,8.7922681707876798e+84
1151,20,377,1.1906222901318674e+85
1154,20,378,1.6118266030720621e+85
1157,20,379,2.1813951608780734e+85
1160,20,380,2.9513626102996571e+85
1163,20,381,3.9919351543120373e+85
1166,20,382,5.3978093864833363e+85
1169,20,383,7.2966790698076177e+85
1172,20,384,9.8606842557000837e+85
1175,20,385,1.3321816159648617e+86
1178,20,386,1.7992638793736951e+86
1181,20,387,2.429415465799462e+86
1184,20,388,3.2793267192013869e+86
1187,20,389,4.4253131243981324e+86
1190,20,390,5.9700806876208848e+86
1193,20,391,8.0518138200933213e+86
1196,20,392,1.0856379712204419e+87
1199,20,393,1.4633713503018947e+87
1202,20,394,1.9719810519058567e+87
1205,20,395,2.6566236426455192e+87
1208,20,396,3.5779714666340537e+87
1211,20,397,4.8175218275382315e+87
1214,20,398,6.484715392117669e+87
1217,20,399,8.7264778238622277e+87
1220,20,400,1.1740006187034892e+88
1223,20,401,1.5789899053125814e+88
1226,20,402,2.1231099915679699e+88
1229,20,403,2.8539618717700901e+88
1232,20,404,3.8353657683907362e+88
1235,20,405,5.1528650777229683e+88
1238,20,406,6.9210905008966201e+88
1241,20,407,9.2936105194116106e+88
1244,20,408,1.247610430116666e+89
1247,20,409,1.6743973149187749e+89
1250,20,410,2.2465880045446022e+89
1253,20,411,3.0135204735376372e+89
1256,20,412,4.0412065454748286e+89
1259,20,413,5.4179442790988699e+89
1262,20,414,7.2618119419982952e+89
1265,20,415,9.7306718827270203e+89
1268,20,416,1.303552159287509e+90
1271,20,417,1.7458307466391114e+90
1274,20,418,2.3375687062131431e+90
1277,20,419,3.129071841559544e+90
1280,20,420,4.1875110455054119e+90
1283,20,421,5.6025540415104102e+90
1286,20,422,7.4938703420454772e+90
1289,20,423,1.0021130053903117e+91
1292,20,424,1.33973219858487e+91
1295,20,425,1.7906488675977773e+91
1298,20,426,2.3927337506425289e+91
1301,20,427,3.19646672559745e+91
1304,20,428,4.2691187035292417e+91
1307,20,429,5.7003150955947543e+91
1310,20,430,7.6094355230800298e+91
1313,20,431,1.0155453495368986e+92
1316,20,432,1.3550017513830087e+92
1319,20,433,1.8074837307681627e+92
1322,20,434,2.4104786639897747e+92
1325,20,435,3.2138595097244751e+92
1328,20,436,4.2839612236895211e+92
1331,20,437,5.7089937019050893e+92
1334,20,438,7.6062277919413434e+92
1337,20,439,1.0131532955208405e+93
1340,20,440,1.3492033251400234e+93
1343,20,441,1.7962897319119958e+93
1346,20,442,2.3909607597475312e+93
1349,20,443,3.1817490144980595e+93
1352,20,444,4.2330863375322771e+93
1355,20,445,5.6304927168058431e+93
1358,20,446,7.4874522977127255e+93
1361,20,447,9.9545229770764418e+93
1364,20,448,1.3231402420565881e+94
1367,20,449,1.7582906401757479e+94
1370,20,450,2.3360123283343471e+94
1373,20,451,3.1028415207655168e+94
1376,20,452,4.1204473733174184e+94
1379,20,453,5.4705346914379138e+94
1382,20,454,7.2613291102345881e+94
1385,20,455,9.6361536442445305e+94
1388,20,456,1.2784768556458589e+95
1391,20,457,1.6958361599260355e+95
1394,20,458,2.2489359389761145e+95
1397,20,459,2.9817604801239156e+95
1400,20,460,3.952493848685199e+95
1403,20,461,5.2380872789000808e+95
1406,20,462,6.9402903059635808e+95
1409,20,463,9.1936130260622881e+95
1412,20,464,1.217583557163512e+96
1415,20,465,1.6121876728061615e+96
1418,20,466,2.1342091484729254e+96
1421,20,467,2.8246406784436958e+96
1424,20,468,3.7376151540455355e+96
1427,20,469,4.9446024948561596e+96
1430,20,470,6.5399420662392235e+96
1433,20,471,8.6481341894513282e+96
1436,20,472,1.1433448061685093e+97
1439,20,473,1.511257934250318e+97
1442,20,474,1.9971321947482654e+97
1445,20,475,2.6386522566177471e+97
1448,20,476,3.4854985858554881e+97
1451,20,477,4.6031523050283628e+97
1454,20,478,6.0779025933045012e+97
1457,20,479,8.023435347563588e+97
1460,20,480,1.0589500675751606e+98
1463,20,481,1.3973312811817108e+98
1466,20,482,1.8434540807898497e+98
1469,20,483,2.4315017054529522e+98
1472,20,484,3.2064643190219745e+98
1475,20,485,4.2275435343990257e+98
1478,20,486,5.5726257032459691e+98
1481,20,487,7.3441583095989568e+98
1484,20,488,9.6768680314358977e+98
1487,20,489,1.2747895638109939e+99
1490,20,490,1.6790101897155433e+99
1493,20,491,2.2109533187950916e+99
1496,20,492,2.9108342720983836e+99
1499,20,493,3.8314865585062061e+99
1502,20,494,5.0423072643935047e+99
1505,20,495,6.6344317956926609e+99
1508,20,496,8.7275197078673399e+99
1511,20,497,1.1478651487698388e+100
1514,20,498,1.5093990709208956e+100
1517,20,499,1.9844068170581503e+100
1520,20,500,2.608380905607018e+100
1523,20,501,3.4278769957778371e+100
1526,20,502,4.5039504682546713e+100
1529,20,503,5.9166568722558339e+100
1532,20,504,7.7709444597595478e+100
1535,20,505,1.0204367945678722e+101
1538,20,506,1.3397184475656007e+101
1541,20,507,1.7585564994258094e+101
1544,20,508,2.3078879106027313e+101
1547,20,509,3.0282305174556411e+101
1550,20,510,3.9726400759008578e+101
1553,20,511,5.2105768853039399e+101
1556,20,512,6.8329608363582478e+101
1559,20,513,8.9587789233790367e+101
1562,20,514,1.1743720402016314e+102
1565,20,515,1.5391459731745927e+102
1568,20,516,2.0168396474574778e+102
1571,20,517,2.642290778299477e+102
1574,20,518,3.4610490392083121e+102
1577,20,519,4.5326587768948843e+102
1580,20,520,5.9349443736554544e+102
1583,20,521,7.7696034818419948e+102
1586,20,522,1.0169505964167056e+103
1589,20,523,1.3308216988681645e+103
1592,20,524,1.741241979046983e+103
1595,20,525,2.2778118100632527e+103
1598,20,526,2.9791764431620004e+103
1601,20,527,3.8957806850213683e+103
1604,20,528,5.0934597684534596e+103
1607,20,529,6.6581194140753034e+103
1610,20,530,8.7018343768949269e+103
1613,20,531,1.1370794002392173e+104
1616,20,532,1.4855652352133425e+104
1619,20,533,1.9405008223208603e+104
1622,20,534,2.5342958465445458e+104
1625,20,535,3.3091951435689695e+104
1628,20,536,4.3202535745379103e+104
1631,20,537,5.6392077990768216e+104
1634,20,538,7.359514478335335e+104
1637,20,539,9.602905177069502e+104
1640,20,540,1.2527913077909611e+105
1643,20,541,1.6340962747039908e+105
1646,20,542,2.131079090190971e+105
1649,20,543,2.7787195489719896e+105
1652,20,544,3.6225408026637263e+105
1655,20,545,4.7217770333521816e+105
1658,20,546,6.1534897794212322e+105
1661,20,547,8.0179161075818656e+105
1664,20,548,1.0445416095776641e+106
1667,20,549,1.3605496359369398e+106
1670,20,550,1.7718528009346948e+106
1673,20,551,2.3070961046269141e+106
1676,20,552,3.0035075156513086e+106
1679,20,553,3.9094615223242244e+106
1682,20,554,5.0878059346271862e+106
1685,20,555,6.6201784634197273e+106
1688,20,556,8.6126066226290239e+106
1691,20,557,1.1202771285815919e+107
1694,20,558,1.4569426591319425e+107
1697,20,559,1.8944614345272817e+107
1700,20,560,2.4629499334639017e+107
1703,20,561,3.2014895591620355e+107
1706,20,562,4.1607868880377872e+107
1709,20,563,5.4066208481357725e+107
1712,20,564,7.0243088833607485e+107
1715,20,565,9.1244923773811831e+107
1718,20,566,1.1850629820811933e+108
1721,20,567,1.5388700247885577e+108
1724,20,568,1.9979766886247321e+108
1727,20,569,2.5936241492434478e+108
1730,20,570,3.3662936056313051e+108
1733,20,571,4.3684306671120232e+108
1736,20,572,5.6679705318420042e+108
1739,20,573,7.352898611850057e+108
1742,20,574,9.537149809189699e+108
1745,20,575,1.2368238161563544e+109
1748,20,576,1.6037122849997819e+109
1751,20,577,2.0790964070520044e+109
1754,20,578,2.6949612652728455e+109
1757,20,579,3.4926922982811157e+109
1760,20,580,4.5258295768179084e+109
1763,20,581,5.8636266096818506e+109
1766,20,582,7.5956479684619193e+109
1769,20,583,9.8377080412919878e+109
1772,20,584,1.273954093589544e+110
1775,20,585,1.6494704632696486e+110
1778,20,586,2.1353368256250725e+110
1781,20,587,2.7638819208856498e+110
1784,20,588,3.5768769018847243e+110
1787,20,589,4.6282848709596018e+110
1790,20,590,5.9878086378604139e+110
1793,20,591,7.7454677340582779e+110
1796,20,592,1.0017502388676631e+111
1799,20,593,1.2953988022839836e+111
1802,20,594,1.674865435420934e+111
1805,20,595,2.165154549852201e+111
1808,20,596,2.7985340607378473e+111
1811,20,597,3.6166390289729644e+111
1814,20,598,4.6731827361995965e+111
1817,20,599,6.0374500686777733e+111
1820,20,600,7.7987982821508992e+111
1823,20,601,1.0072454782021753e+112
1826,20,602,1.3006984579808472e+112
1829,20,603,1.6793906844732037e+112
1832,20,604,2.1680077219109121e+112
1835,20,605,2.7983628994529343e+112
1838,20,606,3.6114493000328542e+112
1841,20,607,4.6600807452740096e+112
1844,20,608,6.0122903424413243e+112
1847,20,609,7.7557032603145611e+112
1850,20,610,1.0003162186984579e+113
1853,20,611,1.2899963277356411e+113
1856,20,612,1.6633162300951511e+113
1859,20,613,2.144354154160177e+113
1862,20,614,2.7640995971620161e+113
1865,20,615,3.5624312833007138e+113
1868,20,616,4.5906595475309768e+113
1871,20,617,5.9147937397773986e+113
1874,20,618,7.6197408053494772e+113
1877,20,619,9.8146996470787453e+113
1880,20,620,1.2640090848139215e+114
1883,20,621,1.6276457489843616e+114
1886,20,622,2.0955896103187961e+114
1889,20,623,2.6976734889707233e+114
1892,20,624,3.4722379025380815e+114
1895,20,625,4.46855026570224e+114
1898,20,626,5.74991001638574e+114
1901,20,627,7.3976335933797131e+114
1904,20,628,9.5161678599715575e+114
1907,20,629,1.2239650605389061e+115
1910,20,630,1.5740326468877188e+115
1913,20,631,2.0239341531470998e+115
1916,20,632,2.6020586960015554e+115
1919,20,633,3.3448450485448775e+115
1922,20,634,4.2990575691012532e+115
1925,20,635,5.5247037827513972e+115
1928,20,636,7.0987740026784475e+115
1931,20,637,9.1200339468337342e+115
1934,20,638,1.1715166009895147e+116
1937,20,639,1.5046637631136876e+116
1940,20,640,1.9322781092074138e+116
1943,20,641,2.481070451765196e+116
1946,20,642,3.1852827063430805e+116
1949,20,643,4.0888052750040408e+116
1952,20,644,5.2478880571942671e+116
1955,20,645,6.7346110489135492e+116
1958,20,646,8.6413267590509124e+116
1961,20,647,1.1086345802384282e+117
1964,20,648,1.4221212588538438e+117
1967,20,649,1.8240014566596055e+117
1970,20,650,2.3391291816367033e+117
1973,20,651,2.999327131261032e+117
1976,20,652,3.845335138854313e+117
1979,20,653,4.9293018857919523e+117
1982,20,654,6.317970931728434e+117
1985,20,655,8.0967539979299311e+117
1988,20,656,1.037493790227379e+118
1991,20,657,1.3292339783124464e+118
1994,20,658,1.7027812332487661e+118
1997,20,659,2.1810111880398402e+118
2000,20,660,2.7931783943985884e+118
2003,20,661,3.5766901714153268e+118
2006,20,662,4.5793723640674377e+118
2009,20,663,5.8623630487630155e+118
2012,20,664,7.5038077409144595e+118
2015,20,665,9.6035774962037742e+118
2018,20,666,1.2289292282511635e+119
2021,20,667,1.5724009739067323e+119
2024,20,668,2.0116038521683381e+119
2027,20,669,2.5731461703383083e+119
2030,20,670,3.2910116597266966e+119
2033,20,671,4.208598236275138e+119
2036,20,672,5.3813187903059331e+119
2039,20,673,6.8799185195441367e+119
21,21,0,24842
24,21,1,530295
27,21,2,6320608
30,21,3,54921658
33,21,4,386401908
36,21,5,2327161862
39,21,6,12415220658
42,21,7,60033794342
45,21,8,267464818146
48,21,9,1111404826326
51,21,10,4348122014504
54,21,11,16135798950909
57,21,12,57141731738311.625
60,21,13,194062288004844
63,21,14,634671257722420
66,21,15,2005828389409232
69,21,16,6144301769098240
72,21,17,18289575680558624
75,21,18,53022486244800128
78,21,19,1.5000120071384038e+17
81,21,20,4.1482034040839885e+17
84,21,21,1.1231142770085069e+18
87,21,22,2.9811414769001185e+18
90,21,23,7.7673104910227046e+18
93,21,24,1.9887031932047163e+19
96,21,25,5.0086008034285584e+19
99,21,26,1.2419552335470448e+20
102,21,27,3.0345859031422888e+20
105,21,28,7.3118444905711429e+20
108,21,29,1.7385661938854516e+21
111,21,30,4.0819794285300726e+21
114,21,31,9.4694030557167936e+21
117,21,32,2.1716217171386659e+22
120,21,33,4.9257882871587311e+22
123,21,34,1.1056097590034105e+23
126,21,35,2.4567047778966496e+23
129,21,36,5.4063814304997813e+23
132,21,37,1.1787697497636115e+24
135,21,38,2.547271575496961e+24
138,21,39,5.457467833703468e+24
141,21,40,1.1596144776573525e+25
144,21,41,2.4443944953086672e+25
147,21,42,5.1131135315747213e+25
150,21,43,1.0616232332731908e+26
153,21,44,2.1884380415904913e+26
156,21,45,4.4800113793018709e+26
159,21,46,9.109650730450769e+26
162,21,47,1.8403218103638179e+27
165,21,48,3.694386002668311e+27
168,21,49,7.3710588237188778e+27
171,21,50,1.4619590204187046e+28
174,21,51,2.8829231096107184e+28
177,21,52,5.6532051612345705e+28
180,21,53,1.1025244897308998e+29
183,21,54,2.1388407131224764e+29
186,21,55,4.1278824822496901e+29
189,21,56,7.9267316021935399e+29
192,21,57,1.5147314009695234e+30
195,21,58,2.8807531292490907e+30
198,21,59,5.4532752320390082e+30
201,21,60,1.0276367775507294e+31
204,21,61,1.9279713329824262e+31
207,21,62,3.6015228821539738e+31
210,21,63,6.699472614356624e+31
213,21,64,1.2410987529662709e+32
216,21,65,2.2899404410780686e+32
219,21,66,4.2085594708178082e+32
222,21,67,7.7049893348025349e+32
225,21,68,1.405323754374188e+33
228,21,69,2.5537693834728212e+33
231,21,70,4.6240426946964895e+33
234,21,71,8.3431414907876497e+33
237,21,72,1.5001566552709132e+34
240,21,73,2.6882731297529401e+34
243,21,74,4.8014174102444157e+34
246,21,75,8.5477807103702856e+34
249,21,76,1.5168852569606901e+35
252,21,77,2.6834546489465853e+35
255,21,78,4.7326439532948026e+35
258,21,79,8.3215936974674444e+35
261,21,80,1.4589034959709216e+36
264,21,81,2.5502781006300566e+36
267,21,82,4.4454144884740234e+36
270,21,83,7.7272126139485047e+36
273,21,84,1.3394941790077969e+37
276,21,85,2.3157252073379137e+37
279,21,86,3.9928380258747833e+37
282,21,87,6.8666437246767287e+37
285,21,88,1.1778625315456311e+38
288,21,89,2.015350343173681e+38
291,21,90,3.4397780856049217e+38
294,21,91,5.8566840805333958e+38
297,21,92,9.947908283160403e+38
300,21,93,1.6857260248440093e+39
303,21,94,2.8499264862435627e+39
306,21,95,4.8071486029066573e+39
309,21,96,8.0902888960911651e+39
312,21,97,1.3585576693731598e+40
315,21,98,2.2763775073874302e+40
318,21,99,3.8060709301385007e+40
321,21,100,6.3502339456839911e+40
324,21,101,1.0572954364868751e+41
327,21,102,1.7567500457815285e+41
330,21,103,2.9130199019569963e+41
333,21,104,4.8206917566444715e+41
336,21,105,7.9619597665937703e+41
339,21,106,1.3124636457528043e+42
342,21,107,2.1593496903418078e+42
345,21,108,3.5459981188536044e+42
348,21,109,5.8122598382602976e+42
351,21,110,9.5094075131480593e+42
354,21,111,1.5530108409268267e+43
357,21,112,2.5317367312393781e+43
360,21,113,4.1199868504046943e+43
363,21,114,6.6929307531406735e+43
366,21,115,1.0853999906660145e+44
369,21,116,1.7572187591633203e+44
372,21,117,2.8401006794611709e+44
375,21,118,4.5827132353844893e+44
378,21,119,7.3824689963734065e+44
381,21,120,1.1873516518175651e+45
384,21,121,1.906621401897104e+45
387,21,122,3.0567882789641929e+45
390,21,123,4.893169905096341e+45
393,21,124,7.8207311293781077e+45
396,21,125,1.2480858469379586e+46
399,21,126,1.988792019483673e+46
402,21,127,3.1643877684255824e+46
405,21,128,5.0275095786599614e+46
408,21,129,7.9760214929229526e+46
411,21,130,1.2635635854723893e+47
414,21,131,1.9989056954703681e+47
417,21,132,3.1577579345914946e+47
420,21,133,4.9815382414109346e+47
423,21,134,7.8478891078597903e+47
426,21,135,1.2346774928127285e+48
429,21,136,1.9398667465790822e+48
432,21,137,3.0437869513019714e+48
435,21,138,4.7696528091745893e+48
438,21,139,7.4644104906742094e+48
441,21,140,1.1666657600357499e+49
444,21,141,1.8211488060185194e+49
447,21,142,2.8392145313420239e+49
450,21,143,4.4208973329763058e+49
453,21,144,6.8752365704060759e+49
456,21,145,1.067911631871926e+50
459,21,146,1.6567569618793101e+50
462,21,147,2.5672217318026582e+50
465,21,148,3.9733262722024161e+50
468,21,149,6.1423766795325413e+50
471,21,150,9.4845131515619393e+50
474,21,151,1.4628336738274987e+51
477,21,152,2.2536216780895311e+51
480,21,153,3.4679912992206335e+51
483,21,154,5.3307780801377248e+51
486,21,155,8.1850896289325874e+51
489,21,156,1.2553968931240995e+52
492,21,157,1.9233924332060451e+52
495,21,158,2.9436651027495802e+52
498,21,159,4.5003559785233281e+52
501,21,160,6.8730194216447931e+52
504,21,161,1.0485634258481663e+53
507,21,162,1.5980575013248386e+53
510,21,163,2.4330146810730604e+53
513,21,164,3.7004598296808607e+53
516,21,165,5.6224971178188809e+53
519,21,166,8.5343265847021875e+53
522,21,167,1.2941349679363146e+54
525,21,168,1.9604869469226179e+54
528,21,169,2.9670585916046756e+54
531,21,170,4.4861081139828149e+54
534,21,171,6.7763901465739774e+54
537,21,172,1.0226232853855519e+55
540,21,173,1.5417894351154549e+55
543,21,174,2.3223625513172546e+55
546,21,175,3.4948934925423514e+55
549,21,176,5.2546064861278906e+55
552,21,177,7.8931814414701642e+55
555,21,178,1.1846031227918468e+56
558,21,179,1.776256891030492e+56
561,21,180,2.6610557077552874e+56
564,21,181,3.9830941630342626e+56
567,21,182,5.9567405305678561e+56
570,21,183,8.9006421110793096e+56
573,21,184,1.3288058847046502e+57
576,21,185,1.9821305588219014e+57
579,21,186,2.9541762622149633e+57
582,21,187,4.3992320105842237e+57
585,21,188,6.5457059244898169e+57
588,21,189,9.7314617817753885e+57
591,21,190,1.4455875897171457e+58
594,21,191,2.1456467036599544e+58
597,21,192,3.1821612868584288e+58
600,21,193,4.7156221351628738e+58
603,21,194,6.9825052740362977e+58
606,21,195,1.0330982082587311e+59
609,21,196,1.5273288959254561e+59
612,21,197,2.2562472141470587e+59
615,21,198,3.3304770929911789e+59
618,21,199,4.9124069760143021e+59
621,21,200,7.2402370426786163e+59
624,21,201,1.066311748360529e+60
627,21,202,1.5692456859089187e+60
630,21,203,2.3076789049960412e+60
633,21,204,3.3910939578426333e+60
636,21,205,4.9795094712876088e+60
639,21,206,7.3066425566561884e+60
642,21,207,1.0713613044535657e+61
645,21,208,1.569795409180001e+61
648,21,209,2.2984832285910179e+61
651,21,210,3.363047229315167e+61
654,21,211,4.9172248465748132e+61
657,21,212,7.1846356374266755e+61
660,21,213,1.0490328542774871e+62
663,21,214,1.5306473705508158e+62
666,21,215,2.2318497847095226e+62
669,21,216,3.2520748528552438e+62
672,21,217,4.735478325427366e+62
675,21,218,6.8909148725980518e+62
678,21,219,1.0020780976449757e+63
681,21,220,1.4562630420903268e+63
684,21,221,2.1149181134070608e+63
687,21,222,3.0694787654402508e+63
690,21,223,4.4519975136122888e+63
693,21,224,6.4530678477146255e+63
696,21,225,9.3476060854025536e+63
699,21,226,1.3531913775242553e+64
702,21,227,1.9576924408738393e+64
705,21,228,2.8304656227849901e+64
708,21,229,4.0897919928986712e+64
711,21,230,5.9057653706016322e+64
714,21,231,8.5228430255897202e+64
717,21,232,1.2292148645477782e+65
720,21,233,1.7717718335136692e+65
723,21,234,2.5522669958886325e+65
726,21,235,3.6743825089370167e+65
729,21,236,5.2866941449570807e+65
732,21,237,7.6019876522384381e+65
735,21,238,1.0924834460424157e+66
738,21,239,1.5690936386361164e+66
741,21,240,2.2523231178065748e+66
744,21,241,3.2311855036373998e+66
747,21,242,4.6328044217379552e+66
750,21,243,6.6386292604566854e+66
753,21,244,9.5075084898491978e+66
756,21,245,1.360850294696003e+67
759,21,246,1.9467525727030753e+67
762,21,247,2.7833599654841587e+67
765,21,248,3.9772934192674852e+67
768,21,249,5.6802432238042553e+67
771,21,250,8.1079054027769794e+67
774,21,251,1.1566826860772019e+68
777,21,252,1.6492442748248071e+68
780,21,253,2.3502944651021865e+68
783,21,254,3.3475529372215554e+68
786,21,255,4.7654272057509503e+68
789,21,256,6.7802663006615746e+68
792,21,257,9.6419192573979716e+68
795,21,258,1.3704189197848081e+69
798,21,259,1.9467832229431892e+69
801,21,260,2.7641238768035856e+69
804,21,261,3.9226026841075866e+69
807,21,262,5.5637715817637292e+69
810,21,263,7.8875775786417753e+69
813,21,264,1.1176313987683753e+70
816,21,265,1.582833924094656e+70
819,21,266,2.2405523971231673e+70
822,21,267,3.1699984000033914e+70
825,21,268,4.4827894111032991e+70
828,21,269,6.336131029300757e+70
831,21,270,8.9513313008966127e+70
834,21,271,1.2639791862118953e+71
837,21,272,1.7839478469896562e+71
840,21,273,2.5166072590107104e+71
843,21,274,3.5484681035206746e+71
846,21,275,5.0010320292533969e+71
849,21,276,7.044865815009459e+71
852,21,277,9.9193052260260742e+71
855,21,278,1.3960028098212698e+72
858,21,279,1.9637622230441011e+72
861,21,280,2.7611508365651599e+72
864,21,281,3.8805298352335774e+72
867,21,282,5.4512063072872481e+72
870,21,283,7.6541317168589859e+72
873,21,284,1.0742416342338771e+73
876,21,285,1.5069948596056936e+73
879,21,286,2.1131304145407484e+73
882,21,287,2.9617374641870334e+73
885,21,288,4.1492874760268527e+73
888,21,289,5.8104286348424623e+73
891,21,290,8.1330128995762906e+73
894,21,291,1.1379006603911486e+74
897,21,292,1.5913576036625911e+74
900,21,293,2.22455271943843e+74
903,21,294,3.1083508803019237e+74
906,21,295,4.3414090933997608e+74
909,21,296,6.0610189322477866e+74
912,21,297,8.4581568065044505e+74
915,21,298,1.1798366617028624e+75
918,21,299,1.6450723308465372e+75
921,21,300,2.2927988223851978e+75
924,21,301,3.1942258627792404e+75
927,21,302,4.4482059224498903e+75
930,21,303,6.191909506949592e+75
933,21,304,8.615601999662291e+75
936,21,305,1.1983089888035379e+76
939,21,306,1.6660000480496088e+76
942,21,307,2.315288112948257e+76
945,21,308,3.2163236470456226e+76
948,21,309,4.4662182047923597e+76
951,21,310,6.1993540397557481e+76
954,21,311,8.601616161840506e+76
957,21,312,1.19300317375717e+77
960,21,313,1.6539861058849782e+77
963,21,314,2.2921953285037571e+77
966,21,315,3.1754236984521079e+77
969,21,316,4.3972667381030201e+77
972,21,317,6.0868946104119507e+77
975,21,318,8.4225066510444437e+77
978,21,319,1.164984940809334e+78
981,21,320,1.6107694463968188e+78
984,21,321,2.2262879005419301e+78
987,21,322,3.0758480888512922e+78
990,21,323,4.2480027547733927e+78
993,21,324,5.8646456785840718e+78
996,21,325,8.0935038036807315e+78
999,21,326,1.1165287213569201e+79
1002,21,327,1.5397225336169639e+79
1005,21,328,2.1225356024956779e+79
1008,21,329,2.924880702489715e+79
1011,21,330,4.0290502584554129e+79
1014,21,331,5.5480358673329026e+79
1017,21,332,7.6369258016191083e+79
1020,21,333,1.0508513854034754e+80
1023,21,334,1.4454668233234132e+80
1026,21,335,1.9875576072585027e+80
1029,21,336,2.7319752471379844e+80
1032,21,337,3.7538757730332016e+80
1035,21,338,5.1562004475806818e+80
1038,21,339,7.079899633289626e+80
1041,21,340,9.7179010261461761e+80
1044,21,341,1.3334187197980839e+81
1047,21,342,1.8289842651117725e+81
1050,21,343,2.507860472425304e+81
1053,21,344,3.4375370007096164e+81
1056,21,345,4.7102355745865145e+81
1059,21,346,6.451931258939869e+81
1062,21,347,8.834649179319751e+81
1065,21,348,1.2093220488680162e+82
1068,21,349,1.6548107276183309e+82
1071,21,350,2.2636484538382424e+82
1074,21,351,3.0954552667575508e+82
1077,21,352,4.2315119837001155e+82
1080,21,353,5.7825939980446439e+82
1083,21,354,7.8996253915470372e+82
1086,21,355,1.07881641482754e+83
1089,21,356,1.4728089893662685e+83
1092,21,357,2.01003543145666e+83
1095,21,358,2.7423316542061698e+83
1098,21,359,3.7402082542219631e+83
1101,21,360,5.0995481742276043e+83
1104,21,361,6.9506957578769913e+83
1107,21,362,9.4707872494635248e+83
1110,21,363,1.2900473619064686e+84
1113,21,364,1.7566593415050594e+84
1116,21,365,2.3912903341973799e+84
1119,21,366,3.2541717602922805e+84
1122,21,367,4.427031140137221e+84
1125,21,368,6.0207300624814156e+84
1128,21,369,8.1856041651239774e+84
1131,21,370,1.1125456822520301e+85
1134,21,371,1.5116491982979149e+85
1137,21,372,2.0532921881639276e+85
1140,21,373,2.7881592691105296e+85
1143,21,374,3.7848790101801567e+85
1146,21,375,5.1363490752137403e+85
1149,21,376,6.9682813114454801e+85
1152,21,377,9.4507425722038329e+85
1155,21,378,1.2813737011852567e+86
1158,21,379,1.7368239074867607e+86
1161,21,380,2.3534575689626319e+86
1164,21,381,3.1880714629744018e+86
1167,21,382,4.3173901860091028e+86
1170,21,383,5.8450282146317203e+86
1173,21,384,7.9108739261308154e+86
1176,21,385,1.070373456758226e+87
1179,21,386,1.4478370572489229e+87
1182,21,387,1.9578436449490003e+87
1185,21,388,2.6467367714918457e+87
1188,21,389,3.5769954602898296e+87
1191,21,390,4.8328284670404722e+87
1194,21,391,6.5276999800903004e+87
1197,21,392,8.8144508186432771e+87
1200,21,393,1.189890655276599e+88
1203,21,394,1.6058168861851781e+88
1206,21,395,2.1665195192732638e+88
1209,21,396,2.9221819605056584e+88
1212,21,397,3.9403101730274889e+88
1215,21,398,5.3116874058715319e+88
1218,21,399,7.1583674597071717e+88
1221,21,400,9.644401498652172e+88
1224,21,401,1.2990229402818676e+89
1227,21,402,1.7491982444113513e+89
1230,21,403,2.3547366534243706e+89
1233,21,404,3.1690360332482043e+89
1236,21,405,4.2637718030609999e+89
1239,21,406,5.7351276618397906e+89
1242,21,407,7.7121417226049185e+89
1245,21,408,1.0367883361429866e+90
1248,21,409,1.3934416991167268e+90
1251,21,410,1.8722830680207437e+90
1254,21,411,2.5150037052104782e+90
1257,21,412,3.3774627204433386e+90
1260,21,413,4.5344823419169871e+90
1263,21,414,6.0862597069478093e+90
1266,21,415,8.1669379416583974e+90
1269,21,416,1.095606081904758e+91
1272,21,417,1.4693877271349557e+91
1275,21,418,1.9701784548771266e+91
1278,21,419,2.6409628556878225e+91
1281,21,420,3.5392152376649092e+91
1284,21,421,4.7417646396203491e+91
1287,21,422,6.3512868643968882e+91
1290,21,423,8.5049655262439643e+91
1293,21,424,1.1386043950397984e+92
1296,21,425,1.523922905075397e+92
1299,21,426,2.0391226615269294e+92
1302,21,427,2.7278110738577789e+92
1305,21,428,3.6481792966107861e+92
1308,21,429,4.8778604856078602e+92
1311,21,430,6.5204001911546507e+92
1314,21,431,8.713871782680534e+92
1317,21,432,1.1642345270484791e+93
1320,21,433,1.5551150919042904e+93
1323,21,434,2.0767188440684872e+93
1326,21,435,2.7725943248973652e+93
1329,21,436,3.7007416275340343e+93
1332,21,437,4.938389698516066e+93
1335,21,438,6.588346845132071e+93
1338,21,439,8.7874405444945781e+93
1341,21,440,1.171773131515714e+94
1344,21,441,1.5621408990095492e+94
1347,21,442,2.0820576031997379e+94
1350,21,443,2.7743515124542561e+94
1353,21,444,3.6959558331588421e+94
1356,21,445,4.9225363870031482e+94
1359,21,446,6.5546318508088181e+94
1362,21,447,8.7257990849345695e+94
1365,21,448,1.1613415854489504e+95
1368,21,449,1.5453004665872998e+95
1371,21,450,2.0557221127222301e+95
1374,21,451,2.7341020158227289e+95
1377,21,452,3.6355002523797644e+95
1380,21,453,4.8329590837225177e+95
1383,21,454,6.4233538912506898e+95
1386,21,455,8.5351407838035556e+95
1389,21,456,1.1338613439589804e+96
1392,21,457,1.5059478853923132e+96
1395,21,458,1.999682196592577e+96
1398,21,459,2.6546872816984777e+96
1401,21,460,3.5234443562282944e+96
1404,21,461,4.6754501383952737e+96
1407,21,462,6.2027133356511489e+96
1410,21,463,8.2270201473981298e+96
1413,21,464,1.0909536056135786e+97
1416,21,465,1.4463492425950772e+97
1419,21,466,1.9170945374818942e+97
1422,21,467,2.5404909336748368e+97
1425,21,468,3.365858277014107e+97
1428,21,469,4.4583930294089213e+97
1431,21,470,5.9042605838150314e+97
1434,21,471,7.8173150015051285e+97
1437,21,472,1.0347964397959036e+98
1440,21,473,1.3694864633142894e+98
1443,21,474,1.812034037745938e+98
1446,21,475,2.3970717403580467e+98
1449,21,476,3.1703124615869163e+98
1452,21,477,4.1920817140988346e+98
1455,21,478,5.5419719893294421e+98
1458,21,479,7.3249743149914083e+98
1461,21,480,9.6795541828935697e+98
1464,21,481,1.278828623763135e+99
1467,21,482,1.6891855568976428e+99
1470,21,483,2.2307487600724859e+99
1473,21,484,2.9453202394867243e+99
1476,21,485,3.8879727582041193e+99
1479,21,486,5.1312479728437104e+99
1482,21,487,6.7706779547482683e+99
1485,21,488,8.9320458054276397e+99
1488,21,489,1.1780931205592327e+100
1491,21,490,1.5535257459200504e+100
1494,21,491,2.0481780527479844e+100
1497,21,492,2.6997754220629132e+100
1500,21,493,3.5579390770635082e+100
1503,21,494,4.6879240785178946e+100
1506,21,495,6.1755278174706048e+100
1509,21,496,8.1335342604918192e+100
1512,21,497,1.0710172787761472e+101
1515,21,498,1.4100219251021745e+101
1518,21,499,1.8559561737151796e+101
1521,21,500,2.442430867320175e+101
1524,21,501,3.2135850940018727e+101
1527,21,502,4.227372687826172e+101
1530,21,503,5.5598711239618557e+101
1533,21,504,7.3109297769331248e+101
1536,21,505,9.6115724445734883e+101
1539,21,506,1.2633697130112982e+102
1542,21,507,1.6602783575230805e+102
1545,21,508,2.1814538032477381e+102
1548,21,509,2.8656691034345079e+102
1551,21,510,3.763753805452677e+102
1554,21,511,4.9423301845763568e+102
1557,21,512,6.4887033953650143e+102
1560,21,513,8.5172607211226086e+102
1563,21,514,1.117784406078581e+103
1566,21,515,1.466670206507559e+103
1569,21,516,1.9240814071133498e+103
1572,21,517,2.5236620422292192e+103
1575,21,518,3.3094510147643804e+103
1578,21,519,4.3390829797545706e+103
1581,21,520,5.68797157809788e+103
1584,21,521,7.4547754993928427e+103
1587,21,522,9.7685394576711622e+103
1590,21,523,1.2798021603252708e+104
1593,21,524,1.6763874598008076e+104
1596,21,525,2.1954550524123204e+104
1599,21,526,2.8747064263471145e+104
1602,21,527,3.7634094565177999e+104
1605,21,528,4.9259350903725803e+104
1608,21,529,6.4463718886000766e+104
1611,21,530,8.4345458327744452e+104
1614,21,531,1.1033871942049024e+105
1617,21,532,1.4431593286348507e+105
1620,21,533,1.8872130943341016e+105
1623,21,534,2.4674487016840562e+105
1626,21,535,3.2254927216595916e+105
1629,21,536,4.2156539445070207e+105
1632,21,537,5.5087746008139308e+105
1635,21,538,7.1972472791883803e+105
1638,21,539,9.4015492322322588e+105
1641,21,540,1.2278751525046674e+106
1644,21,541,1.6033597946686862e+106
1647,21,542,2.0932927247099972e+106
1650,21,543,2.7324444374326727e+106
1653,21,544,3.5661147923133529e+106
1656,21,545,4.6533112663448891e+106
1659,21,546,6.0708834645962237e+106
1662,21,547,7.9189006803434355e+106
1665,21,548,1.0327645033929897e+107
1668,21,549,1.3466704006513013e+107
1671,21,550,1.7556790611557378e+107
1674,21,551,2.2885106850101909e+107
1677,21,552,2.9825309224446152e+107
1680,21,553,3.8863450455167403e+107
1683,21,554,5.0631680558425006e+107
1686,21,555,6.5952020808958481e+107
1689,21,556,8.5893211734426031e+107
1692,21,557,1.1184452763868675e+108
1695,21,558,1.456116054033847e+108
1698,21,559,1.8954083236136386e+108
1701,21,560,2.4668077767847645e+108
1704,21,561,3.2099166436068948e+108
1707,21,562,4.1761713349907802e+108
1710,21,563,5.4323676698819384e+108
1713,21,564,7.0652329208409026e+108
1716,21,565,9.1873545596778834e+108
1719,21,566,1.1944867031030016e+109
1722,21,567,1.5527416229910048e+109
1725,21,568,2.0181074499475791e+109
1728,21,569,2.6225077093235896e+109
1731,21,570,3.4073507338038296e+109
1734,21,571,4.426338921169602e+109
1737,21,572,5.7491074702463248e+109
1740,21,573,7.4659367543581572e+109
1743,21,574,9.6938541394197431e+109
1746,21,575,1.2584533661480438e+110
1749,21,576,1.6334521659687173e+110
1752,21,577,2.1198471105498049e+110
1755,21,578,2.7506267160401453e+110
1758,21,579,3.5685184573588483e+110
1761,21,580,4.6288550848622618e+110
1764,21,581,6.0032819535653315e+110
1767,21,582,7.7845513745389386e+110
1770,21,583,1.0092721740892437e+111
1773,21,584,1.3083171782090567e+111
1776,21,585,1.6956959806197492e+111
1779,21,586,2.1974211994030864e+111
1782,21,587,2.8471422755078069e+111
1785,21,588,3.6883806786443805e+111
1788,21,589,4.7774173468133333e+111
1791,21,590,6.1870221061074726e+111
1794,21,591,8.0112698521778194e+111
1797,21,592,1.0371759223507889e+112
1800,21,593,1.3425640948499123e+112
1803,21,594,1.7375980909816863e+112
1806,21,595,2.2485134844590017e+112
1809,21,596,2.9092007275212412e+112
1812,21,597,3.7634319336259763e+112
1815,21,598,4.867733483446919e+112
1818,21,599,6.2950911998245773e+112
1821,21,600,8.1397286757526079e+112
1824,21,601,1.0523268653472438e+113
1827,21,602,1.3602676577326788e+113
1830,21,603,1.7580500280951231e+113
1833,21,604,2.2718067551256791e+113
1836,21,605,2.9352493460864019e+113
1839,21,606,3.7918593988065289e+113
1842,21,607,4.8977117108110762e+113
1845,21,608,6.3251107242576567e+113
1848,21,609,8.1672739370742393e+113
1851,21,610,1.0544362823960313e+114
1854,21,611,1.3611247832129659e+114
1857,21,612,1.7567504586800759e+114
1860,21,613,2.267028054610967e+114
1863,21,614,2.9250853950833492e+114
1866,21,615,3.7735941532302772e+114
1869,21,616,4.8675112842178531e+114
1872,21,617,6.2776056205470328e+114
1875,21,618,8.0949938491808487e+114
1878,21,619,1.0436973934443817e+115
1881,21,620,1.345452602185527e+115
1884,21,621,1.7341956086879282e+115
1887,21,622,2.2349292660371328e+115
1890,21,623,2.8798220303984668e+115
1893,21,624,3.7102555940972473e+115
1896,21,625,4.7794559529932445e+115
1899,21,626,6.1558736669552629e+115
1902,21,627,7.9275260302191328e+115
1905,21,628,1.0207574091121795e+116
1908,21,629,1.314148468442067e+116
1911,21,630,1.6916226649588813e+116
1914,21,631,2.1772077334823918e+116
1917,21,632,2.8017778175785026e+116
1920,21,633,3.604998664186229e+116
1923,21,634,4.6378239020696395e+116
1926,21,635,5.9656980834014893e+116
1929,21,636,7.6726660215257811e+116
1932,21,637,9.8666441299161821e+116
1935,21,638,1.2686181407934441e+117
1938,21,639,1.6309129842297668e+117
1941,21,640,2.0963761945360908e+117
1944,21,641,2.6943024153492445e+117
1947,21,642,3.462280809625477e+117
1950,21,643,4.4485369126454123e+117
1953,21,644,5.7149338069594703e+117
1956,21,645,7.3408177202516834e+117
1959,21,646,9.4279449672402151e+117
1962,21,647,1.2106793443498976e+118
1965,21,648,1.5544646659568797e+118
1968,21,649,1.9955946724409976e+118
1971,21,650,2.5615551319597895e+118
1974,21,651,3.2875706947584076e+118
1977,21,652,4.2187777307801319e+118
1980,21,653,5.4130055249706777e+118
1983,21,654,6.9443356848313445e+118
1986,21,655,8.9076569066479315e+118
1989,21,656,1.1424492669481818e+119
1992,21,657,1.4650456614929224e+119
1995,21,658,1.8784788965983628e+119
1998,21,659,2.4082553259620228e+119
2001,21,660,3.0870233467631754e+119
2004,21,661,3.9565676893989038e+119
2007,21,662,5.0703590352079421e+119
2010,21,663,6.496813171353267e+119
2013,21,664,8.3234565966168132e+119
2016,21,665,1.0662249990041916e+120
2019,21,666,1.3656390493997987e+120
2022,21,667,1.7489002485095791e+120
2025,21,668,2.2394239686331352e+120
2028,21,669,2.8671465837280917e+120
2031,21,670,3.6703365252512038e+120
2034,21,671,4.6979069379508336e+120
2037,21,672,6.0123684819030744e+120
2040,21,673,7.6935989906119962e+120
22,22,0,34350
25,22,1,756708
28,22,2,9270285
31,22,3,82663722
34,22,4,595914510
37,22,5,3673063146
40,22,6,20032920930
43,22,7,98937316470
46,22,8,449809515075
49,22,9,1905852639869.9961
52,22,10,7597296742263
55,22,11,28707701119247.938
58,22,12,103453165332218.25
61,22,13,357326471491504
64,22,14,1187886396413478
67,22,15,3814219595958024
70,22,16,11865006194628032
73,22,17,35850299629204544
76,22,18,1.0545436455507021e+17
79,22,19,3.0258434065416397e+17
82,22,20,8.4839943597695181e+17
85,22,21,2.3281068256697713e+18
88,22,22,6.2612077654484255e+18
91,22,23,1.6523726781448094e+19
94,22,24,4.2839173909532639e+19
97,22,25,1.0921932698765125e+20
100,22,26,2.740847816868228e+20
103,22,27,6.775847249888915e+20
106,22,28,1.651469528983392e+21
109,22,29,3.9711215911946986e+21
112,22,30,9.427017434418148e+21
115,22,31,2.2106240648772606e+22
118,22,32,5.1236126664632167e+22
121,22,33,1.1743086422051075e+23
124,22,34,2.6628131198693147e+23
127,22,35,5.9764755250016497e+23
130,22,36,1.3282389105447942e+24
133,22,37,2.924169961684932e+24
136,22,38,6.3794375494475078e+24
139,22,39,1.3796334555567601e+25
142,22,40,2.9585967911102192e+25
145,22,41,6.2933157804879762e+25
148,22,42,1.3282147530770499e+26
151,22,43,2.7820727412563588e+26
154,22,44,5.7848219117475516e+26
157,22,45,1.1943642753736309e+27
160,22,46,2.4491047704198925e+27
163,22,47,4.9887874816522073e+27
166,22,48,1.009690570290996e+28
169,22,49,2.0308198858564551e+28
172,22,50,4.0599843231816805e+28
175,22,51,8.0690672327646281e+28
178,22,52,1.5945602470858596e+29
181,22,53,3.1336203914556533e+29
184,22,54,6.1249954924700733e+29
187,22,55,1.1909190183609714e+30
190,22,56,2.3037540766483988e+30
193,22,57,4.4343011722717684e+30
196,22,58,8.4938530771367719e+30
199,22,59,1.6193017555087336e+31
202,22,60,3.072876690311019e+31
205,22,61,5.8050444532975732e+31
208,22,62,1.0918321122486629e+32
211,22,63,2.0447539991031884e+32
214,22,64,3.8133302246922507e+32
217,22,65,7.082515365875768e+32
220,22,66,1.3101784488220593e+33
223,22,67,2.4141918092049157e+33
226,22,68,4.4314786692486145e+33
229,22,69,8.1039540078445576e+33
232,22,70,1.4765605516545002e+34
235,22,71,2.6806796369559073e+34
238,22,72,4.8496472715476268e+34
241,22,73,8.7433547959101547e+34
244,22,74,1.5710096462350085e+35
247,22,75,2.8134648559054161e+35
250,22,76,5.0222019770110458e+35
253,22,77,8.9364314754453612e+35
256,22,78,1.5851768838953522e+36
259,22,79,2.8032415434731829e+36
262,22,80,4.9423927123126792e+36
265,22,81,8.6882420607172735e+36
268,22,82,1.5228873209010186e+37
271,22,83,2.6617508161397201e+37
274,22,84,4.6393024765789752e+37
277,22,85,8.0638958731043945e+37
280,22,86,1.3978633220649493e+38
283,22,87,2.4167523049013739e+38
286,22,88,4.1674144807021716e+38
289,22,89,7.1678237895557144e+38
292,22,90,1.2297375512840056e+39
295,22,91,2.1045534415845468e+39
298,22,92,3.5929181566295715e+39
301,22,93,6.1191556482784507e+39
304,22,94,1.0397022961685391e+40
307,22,95,1.7624464007962972e+40
310,22,96,2.9807662002173313e+40
313,22,97,5.0299104468401737e+40
316,22,98,8.4689158044322412e+40
319,22,99,1.4228040839089793e+41
322,22,100,2.3852080039902537e+41
325,22,101,3.9901118770518196e+41
328,22,102,6.6609320500428854e+41
331,22,103,1.10965807937736e+42
334,22,104,1.8448472664633718e+42
337,22,105,3.0609851799149345e+42
340,22,106,5.0687844822108421e+42
343,22,107,8.3772243512719261e+42
346,22,108,1.3818529975607841e+43
349,22,109,2.275099061756784e+43
352,22,110,3.7387521625035457e+43
355,22,111,6.1327014650590405e+43
358,22,112,1.0041217885534424e+44
361,22,113,1.6411216773227059e+44
364,22,114,2.6774734541413188e+44
367,22,115,4.3606328441432e+44
370,22,116,7.0896299443302341e+44
373,22,117,1.1506860383280786e+45
376,22,118,1.8644840973502154e+45
379,22,119,3.0160478173350596e+45
382,22,120,4.8708460955966749e+45
385,22,121,7.853549747597484e+45
388,22,122,1.2642459763648248e+46
391,22,123,2.0319338180688777e+46
394,22,124,3.2606799494821917e+46
397,22,125,5.2243888945145111e+46
400,22,126,8.3579438014880706e+46
403,22,127,1.3350815016239026e+47
406,22,128,2.1294532028541166e+47
409,22,129,3.391469159183563e+47
412,22,130,5.3935462866540152e+47
415,22,131,8.5651483914997832e+47
418,22,132,1.3582395035099267e+48
421,22,133,2.1508281751107257e+48
424,22,134,3.4011810452040725e+48
427,22,135,5.3709994955469452e+48
430,22,136,8.4700960244359517e+48
433,22,137,1.3339385708475942e+49
436,22,138,2.0979923399433547e+49
439,22,139,3.2953285531709717e+49
442,22,140,5.1692361609124441e+49
445,22,141,8.0982806084762756e+49
448,22,142,1.2670796757375107e+50
451,22,143,1.9800011534694114e+50
454,22,144,3.0901747199502068e+50
457,22,145,4.8168404607402917e+50
460,22,146,7.499090417405051e+50
463,22,147,1.166077436062931e+51
466,22,148,1.8110229330909957e+51
469,22,149,2.8093345364414187e+51
472,22,150,4.3528231643421152e+51
475,22,151,6.7364589901489904e+51
478,22,152,1.0413346915026206e+52
481,22,153,1.60787352260227e+52
484,22,154,2.4798253253249159e+52
487,22,155,3.8203456902624819e+52
490,22,156,5.8789697646969691e+52
493,22,157,9.0369387300850218e+52
496,22,158,1.3876101839899796e+53
499,22,159,2.1283549657348028e+53
502,22,160,3.2610347622871925e+53
505,22,161,4.9912101562233372e+53
508,22,162,7.6313180633184451e+53
511,22,163,1.1655761944743099e+54
514,22,164,1.7784156884374856e+54
517,22,165,2.7106997203218815e+54
520,22,166,4.1275184093033304e+54
523,22,167,6.2785593708311087e+54
526,22,168,9.5410948364084718e+54
529,22,169,1.4484630689011356e+55
532,22,170,2.1968043363301291e+55
535,22,171,3.3285396901619651e+55
538,22,172,5.0384637353650598e+55
541,22,173,7.6195292109011852e+55
544,22,174,1.1511906733178891e+56
547,22,175,1.7376366877313081e+56
550,22,176,2.6203946424871955e+56
553,22,177,3.9479696843530372e+56
556,22,178,5.9426974453309107e+56
559,22,179,8.9371575196424143e+56
562,22,180,1.3428404608340169e+57
565,22,181,2.0158667640423061e+57
568,22,182,3.0235334279575439e+57
571,22,183,4.5309197315361763e+57
574,22,184,6.78390354910789e+57
577,22,185,1.0148402421017533e+58
580,22,186,1.5168526395366836e+58
583,22,187,2.2652687590201712e+58
586,22,188,3.3801004720084997e+58
589,22,189,5.0393656741874713e+58
592,22,190,7.5069124108647968e+58
595,22,191,1.1173489370380099e+59
598,22,192,1.6617322050089117e+59
601,22,193,2.4693389765185931e+59
604,22,194,3.6664901489698781e+59
607,22,195,5.4396770128557995e+59
610,22,196,8.0640107002280648e+59
613,22,197,1.1945024491250061e+60
616,22,198,1.7680050689255546e+60
619,22,199,2.614827187628793e+60
622,22,200,3.8642746331744282e+60
625,22,201,5.7063832049513567e+60
628,22,202,8.4202358903371407e+60
631,22,203,1.2415389558067828e+61
634,22,204,1.8292437169248033e+61
637,22,205,2.6931482068543995e+61
640,22,206,3.9621298130089647e+61
643,22,207,5.8247754594578149e+61
646,22,208,8.5568509360667113e+61
649,22,209,1.2561319353055519e+62
652,22,210,1.8426602012240728e+62
655,22,211,2.7011340186101564e+62
658,22,212,3.9567629410626333e+62
661,22,213,5.7920069143033845e+62
664,22,214,8.4725735476349074e+62
667,22,215,1.2385140254817602e+63
670,22,216,1.8092053469123617e+63
673,22,217,2.6410594095664919e+63
676,22,218,3.8527768221816664e+63
679,22,219,5.6166438371374803e+63
682,22,220,8.18256045801717e+63
685,22,221,1.1912771114226023e+64
688,22,222,1.733203350387624e+64
691,22,223,2.5200042830485503e+64
694,22,224,3.6615919340127089e+64
697,22,225,5.3168861225482157e+64
700,22,226,7.7155227058625981e+64
703,22,227,1.1189114926890371e+65
706,22,228,1.6216244682241608e+65
709,22,229,2.3487174986283841e+65
712,22,230,3.3996872564965599e+65
715,22,231,4.9178646289211572e+65
718,22,232,7.1096022146469771e+65
721,22,233,1.0271807156231131e+66
724,22,234,1.4831426001514711e+66
727,22,235,2.1402037228851598e+66
730,22,236,3.0864917068038656e+66
733,22,237,4.4485095680517133e+66
736,22,238,6.4077412190271137e+66
739,22,239,9.2243974741421959e+66
742,22,240,1.3271353978777509e+67
745,22,241,1.9082628439458038e+67
748,22,242,2.7422587523687709e+67
751,22,243,3.9384693324400922e+67
754,22,244,5.6532320555788265e+67
757,22,245,8.1099459247328972e+67
760,22,246,1.1627661561104516e+68
763,22,247,1.6661785839916701e+68
766,22,248,2.3862003385240844e+68
769,22,249,3.4154653287197141e+68
772,22,250,4.8859824374797907e+68
775,22,251,6.9857713994934324e+68
778,22,252,9.9824852475472151e+68
781,22,253,1.4256936030903537e+69
784,22,254,2.0350650963440749e+69
787,22,255,2.9033296013592793e+69
790,22,256,4.1398218041630526e+69
793,22,257,5.8997763292798286e+69
796,22,258,8.4034835137742479e+69
799,22,259,1.196339281070183e+70
802,22,260,1.7022442075455817e+70
805,22,261,2.4208235396612736e+70
808,22,262,3.440958471651204e+70
811,22,263,4.8884593487683586e+70
814,22,264,6.9413205861600513e+70
817,22,265,9.8512409740884408e+70
820,22,266,1.3973967951384015e+71
823,22,267,1.9812063344726472e+71
826,22,268,2.8075146462656845e+71
829,22,269,3.9764716720546498e+71
832,22,270,5.6293527821187835e+71
835,22,271,7.9653508535391535e+71
838,22,272,1.1265186211716381e+72
841,22,273,1.5924287126588136e+72
844,22,274,2.2499398771164499e+72
847,22,275,3.1774025066182047e+72
850,22,276,4.4850270888554828e+72
853,22,277,6.3277676160008779e+72
856,22,278,8.9233859193836791e+72
859,22,279,1.2577768939694808e+73
862,22,280,1.7720395078353225e+73
865,22,281,2.4953995931284185e+73
868,22,282,3.5124064155170754e+73
871,22,283,4.9416095434274191e+73
874,22,284,6.9491570716464258e+73
877,22,285,9.767802913629588e+73
880,22,286,1.3723463183942486e+74
883,22,287,1.9272303830417676e+74
886,22,288,2.7052513448213724e+74
889,22,289,3.7956544959471106e+74
892,22,290,5.3231875628534764e+74
895,22,291,7.4621483617937184e+74
898,22,292,1.0455961324813752e+75
901,22,293,1.4644447456118732e+75
904,22,294,2.0501795259010715e+75
907,22,295,2.8689409736296097e+75
910,22,296,4.0129438578960645e+75
913,22,297,5.6107023245469803e+75
916,22,298,7.8412438591433363e+75
919,22,299,1.0953860089406015e+76
922,22,300,1.5295540047051421e+76
925,22,301,2.1349058690483442e+76
928,22,302,2.9785837935026842e+76
931,22,303,4.1539280211110919e+76
934,22,304,5.790646270443764e+76
937,22,305,8.0689104282537066e+76
940,22,306,1.1238889425445986e+77
943,22,307,1.5647804019213315e+77
946,22,308,2.1777385395745544e+77
949,22,309,3.0295718104886745e+77
952,22,310,4.2128963124446038e+77
955,22,311,5.856054608727277e+77
958,22,312,8.1368275202520709e+77
961,22,313,1.1301382060295724e+78
964,22,314,1.5690445058900179e+78
967,22,315,2.1775444226401024e+78
970,22,316,3.0208393594501989e+78
973,22,317,4.1890724387914046e+78
976,22,318,5.806822082644252e+78
979,22,319,8.0461912638715542e+78
982,22,320,1.1144847581571138e+79
985,22,321,1.5430877550946127e+79
988,22,322,2.1357016418687555e+79
991,22,323,2.9547772868352027e+79
994,22,324,4.0864282657057634e+79
997,22,325,5.6493528635019842e+79
1000,22,326,7.8071037556884254e+79
1003,22,327,1.0784955399129997e+80
1006,22,328,1.4893083683232408e+80
1009,22,329,2.0558408705108696e+80
1012,22,330,2.8368322871051602e+80
1015,22,331,3.9130719287245455e+80
1018,22,332,5.3956367590336476e+80
1021,22,333,7.4371917108772764e+80
1024,22,334,1.0247486046987482e+81
1027,22,335,1.4114596456441852e+81
1030,22,336,1.9434037949063879e+81
1033,22,337,2.6748642789199627e+81
1036,22,338,3.6803171783807894e+81
1039,22,339,5.0619074890677987e+81
1042,22,340,6.9596800580151004e+81
1045,22,341,9.5655758012999139e+81
1048,22,342,1.314257247319379e+82
1051,22,343,1.8050852156380324e+82
1054,22,344,2.4783563060422524e+82
1057,22,345,3.401567708795762e+82
1060,22,346,4.6670716604556248e+82
1063,22,347,6.4011855778666409e+82
1066,22,348,8.7766259304126409e+82
1069,22,349,1.2029472917315368e+83
1072,22,350,1.6482309380216925e+83
1075,22,351,2.2575770777383655e+83
1078,22,352,3.0911549729302854e+83
1081,22,353,4.2310994934125481e+83
1084,22,354,5.789493364844331e+83
1087,22,355,7.9192369760815379e+83
1090,22,356,1.0828845595383317e+84
1093,22,357,1.4802586626190125e+84
1096,22,358,2.022787535758562e+84
1099,22,359,2.7632533802211651e+84
1102,22,360,3.7735447658983244e+84
1105,22,361,5.1515417789173399e+84
1108,22,362,7.0304712022234963e+84
1111,22,363,9.5916139076007011e+84
1114,22,364,1.3081560315959699e+85
1117,22,365,1.7835634505007915e+85
1120,22,366,2.4309682448592055e+85
1123,22,367,3.3123197831681005e+85
1126,22,368,4.5117811306629494e+85
1129,22,369,6.1436592345066494e+85
1132,22,370,8.3631537122950679e+85
1135,22,371,1.1380921673433363e+86
1138,22,372,1.5482807432242993e+86
1141,22,373,2.1056560685429038e+86
1144,22,374,2.8628007789120735e+86
1147,22,375,3.8910006221989199e+86
1150,22,376,5.2868680367309811e+86
1153,22,377,7.1813012734156533e+86
1156,22,378,9.75159905304759e+86
1159,22,379,1.3237837409163271e+87
1162,22,380,1.7965001810811877e+87
1165,22,381,2.4372888476731268e+87
1168,22,382,3.3056490507619796e+87
1171,22,383,4.4820529644303412e+87
1174,22,384,6.0753067221949498e+87
1177,22,385,8.2324841290146673e+87
1180,22,386,1.1152328281636089e+88
1183,22,387,1.5103326644767293e+88
1186,22,388,2.0448082451970883e+88
1189,22,389,2.7676166480107635e+88
1192,22,390,3.7448387668274891e+88
1195,22,391,5.065643498397477e+88
1198,22,392,6.8503205276489678e+88
1201,22,393,9.2610961823264043e+88
1204,22,394,1.2516692572293282e+89
1207,22,395,1.6911920148840125e+89
1210,22,396,2.2844036628643918e+89
1213,22,397,3.0848199394525473e+89
1216,22,398,4.1645135534709346e+89
1219,22,399,5.6205222606735061e+89
1222,22,400,7.5834606368002284e+89
1225,22,401,1.0229090270976093e+90
1228,22,402,1.3793860524340009e+90
1231,22,403,1.859577686414392e+90
1234,22,404,2.506241567635377e+90
1237,22,405,3.3768522932393223e+90
1240,22,406,4.5486462003181577e+90
1243,22,407,6.1253883919527657e+90
1246,22,408,8.2464475844974019e+90
1249,22,409,1.1098962650306651e+91
1252,22,410,1.4934149908697278e+91
1255,22,411,2.0089154744888683e+91
1258,22,412,2.701632499725041e+91
1261,22,413,3.6322416752875146e+91
1264,22,414,4.8821089100875372e+91
1267,22,415,6.5603174177058444e+91
1270,22,416,8.8130717387567307e+91
1273,22,417,1.1836279649924703e+92
1276,22,418,1.5892381588762431e+92
1279,22,419,2.1332855819589133e+92
1282,22,420,2.8628305909261333e+92
1285,22,421,3.8408675001991379e+92
1288,22,422,5.1516981908357125e+92
1291,22,423,6.9081107733610192e+92
1294,22,424,9.2609672583623527e+92
1297,22,425,1.2412005475243955e+93
1300,22,426,1.6630928589583594e+93
1303,22,427,2.2278212601647503e+93
1306,22,428,2.9835537540198956e+93
1309,22,429,3.9946380744246611e+93
1312,22,430,5.3470152532756104e+93
1315,22,431,7.1554374629738448e+93
1318,22,432,9.5730891481506525e+93
1321,22,433,1.2804408564462513e+94
1324,22,434,1.712217021050583e+94
1327,22,435,2.2890238691735288e+94
1330,22,436,3.0593869713202406e+94
1333,22,437,4.0880051867307383e+94
1336,22,438,5.4611203672790955e+94
1339,22,439,7.2936630246852159e+94
1342,22,440,9.7387590967797473e+94
1345,22,441,1.3000375003378658e+95
1348,22,442,1.7350133035759334e+95
1351,22,443,2.3149667231462215e+95
1354,22,444,3.0880338344296384e+95
1357,22,445,4.1182721207358611e+95
1360,22,446,5.4909066208188364e+95
1363,22,447,7.3192981626400042e+95
1366,22,448,9.7541968434157517e+95
1369,22,449,1.2996027391482656e+96
1372,22,450,1.7311196073746931e+96
1375,22,451,2.3053730651472513e+96
1378,22,452,3.0693990998429304e+96
1381,22,453,4.0856752038964364e+96
1384,22,454,5.4371707120059836e+96
1387,22,455,7.2340427579891198e+96
1390,22,456,9.6225120757370726e+96
1393,22,457,1.2796625655419439e+97
1396,22,458,1.7013841732373095e+97
1399,22,459,2.2615674608409944e+97
1402,22,460,3.0055035979499534e+97
1405,22,461,3.9932436905489367e+97
1408,22,462,5.3043911388028847e+97
1411,22,463,7.0444442904714429e+97
1414,22,464,9.353189064473512e+97
1417,22,465,1.2415801681486355e+98
1420,22,466,1.6477533444109475e+98
1423,22,467,2.1863129026313536e+98
1426,22,468,2.9002498529343989e+98
1429,22,469,3.8464650053052069e+98
1432,22,470,5.1002531142639994e+98
1435,22,471,6.7612273482985117e+98
1438,22,472,8.9611450511602863e+98
1441,22,473,1.1874242761075035e+99
1444,22,474,1.5730882161991776e+99
1447,22,475,2.0835563847065248e+99
1450,22,476,2.7590701933015626e+99
1453,22,477,3.6527995262070188e+99
1456,22,478,4.8349813813123576e+99
1459,22,479,6.3983786247469632e+99
1462,22,480,8.4654784382642545e+99
1465,22,481,1.1197982922750539e+100
1468,22,482,1.4809319141726671e+100
1471,22,483,1.9581125833987103e+100
1474,22,484,2.5884976415402968e+100
1477,22,485,3.4210995470384591e+100
1480,22,486,4.5205548564771551e+100
1483,22,487,5.972087208514931e+100
1486,22,488,7.888041236482479e+100
1489,22,489,1.0416482907529648e+101
1492,22,490,1.3752517528366512e+101
1495,22,491,1.8153181180380321e+101
1498,22,492,2.3957029877981109e+101
1501,22,493,3.1609903244026788e+101
1504,22,494,4.1698802133246736e+101
1507,22,495,5.4996426700053293e+101
1510,22,496,7.2519717835388649e+101
1513,22,497,9.560678955180151e+101
1516,22,498,1.2601800987725678e+102
1519,22,499,1.6606878409273212e+102
1522,22,500,2.1880394890741299e+102
1525,22,501,2.8822677246047932e+102
1528,22,502,3.7959959934425146e+102
1531,22,503,4.9983847853136614e+102
1534,22,504,6.5803105288612954e+102
1537,22,505,8.6611607902444403e+102
1540,22,506,1.1397748489333679e+103
1543,22,507,1.499600367289993e+103
1546,22,508,1.9726305346191999e+103
1549,22,509,2.594358278339551e+103
1552,22,510,3.4113664980605733e+103
1555,22,511,4.4847813788172113e+103
1558,22,512,5.8947973818599851e+103
1561,22,513,7.7466053650872239e+103
1564,22,514,1.0178157452353923e+104
1567,22,515,1.3370335824577806e+104
1570,22,516,1.7560267155418041e+104
1573,22,517,2.3058752503131003e+104
1576,22,518,3.0273080464474493e+104
1579,22,519,3.973688065050301e+104
1582,22,520,5.2149182911610709e+104
1585,22,521,6.8425511551036625e+104
1588,22,522,8.9764710391335493e+104
1591,22,523,1.1773632576214044e+105
1594,22,524,1.5439485076320268e+105
1597,22,525,2.0242906045070126e+105
1600,22,526,2.6535718061842934e+105
1603,22,527,3.4778191071691239e+105
1606,22,528,4.5572359620561084e+105
1609,22,529,5.970554194280725e+105
1612,22,530,7.8207174443797649e+105
1615,22,531,1.0242302223123868e+106
1618,22,532,1.3411206062272014e+106
1621,22,533,1.7557293077352628e+106
1624,22,534,2.2980896764631222e+106
1627,22,535,3.0074352740959889e+106
1630,22,536,3.9350089508492036e+106
1633,22,537,5.1477268042122138e+106
1636,22,538,6.732956337265124e+106
1639,22,539,8.8047465388557725e+106
1642,22,540,1.1511949642405436e+107
1645,22,541,1.5048807081923265e+107
1648,22,542,1.9668744877063581e+107
1651,22,543,2.5702348327500963e+107
1654,22,544,3.3580778047038773e+107
1657,22,545,4.3866269237862139e+107
1660,22,546,5.7291849949650373e+107
1663,22,547,7.4813055971952985e+107
1666,22,548,9.767525422412948e+107
1669,22,549,1.2750127045846643e+108
1672,22,550,1.6640542531821072e+108
1675,22,551,2.1714191197659271e+108
1678,22,552,2.8329782417750611e+108
1681,22,553,3.6954422820441634e+108
1684,22,554,4.8196267711236153e+108
1687,22,555,6.2846976406460588e+108
1690,22,556,8.1936905848049927e+108
1693,22,557,1.0680685236684581e+109
1696,22,558,1.392012873457047e+109
1699,22,559,1.8138950600856293e+109
1702,22,560,2.3632301964423502e+109
1705,22,561,3.0783999982022009e+109
1708,22,562,4.0093079635749558e+109
1711,22,563,5.2208271628525418e+109
1714,22,564,6.7972765002508835e+109
1717,22,565,8.8482312779823714e+109
1720,22,566,1.1516064551250396e+110
1723,22,567,1.4985733211400008e+110
1726,22,568,1.9497474866992243e+110
1729,22,569,2.5363278617312465e+110
1732,22,570,3.2988247937625718e+110
1735,22,571,4.2898304200570518e+110
1738,22,572,5.5776106927065867e+110
1741,22,573,7.2507620248777741e+110
1744,22,574,9.4242471180054904e+110
1747,22,575,1.2247217184847737e+111
1750,22,576,1.5913147646144902e+111
1753,22,577,2.0672969414599693e+111
1756,22,578,2.685207837904983e+111
1759,22,579,3.4872364953810433e+111
1762,22,580,4.5280740728799714e+111
1765,22,581,5.878607250786161e+111
1768,22,582,7.6306993971610287e+111
1771,22,583,9.903378878138029e+111
1774,22,584,1.2850847383004969e+112
1777,22,585,1.6672841905854726e+112
1780,22,586,2.1628040017869887e+112
1783,22,587,2.8051399516446999e+112
1786,22,588,3.6376583659810404e+112
1789,22,589,4.7164959020925028e+112
1792,22,590,6.1143086490651485e+112
1795,22,591,7.925118544683764e+112
1798,22,592,1.0270577308885092e+113
1801,22,593,1.3308061247554014e+113
1804,22,594,1.724113045322038e+113
1807,22,595,2.2333040934763856e+113
1810,22,596,2.8924198112681037e+113
1813,22,597,3.7454697886146651e+113
1816,22,598,4.8493433813928676e+113
1819,22,599,6.2775677356970071e+113
1822,22,600,8.1251590298614859e+113
1825,22,601,1.051488400314655e+114
1828,22,602,1.3605340526618769e+114
1831,22,603,1.7601384092183717e+114
1834,22,604,2.2767579249550341e+114
1837,22,605,2.944555098354069e+114
1840,22,606,3.8076363373773732e+114
1843,22,607,4.9229377790371598e+114
1846,22,608,6.3639461159938703e+114
1849,22,609,8.2254953231233226e+114
1852,22,610,1.0629949468205036e+115
1855,22,611,1.3735170953938778e+115
1858,22,612,1.7744788256963064e+115
1861,22,613,2.2921424805969303e+115
1864,22,614,2.9603740458798259e+115
1867,22,615,3.8228381154171844e+115
1870,22,616,4.9358246213700639e+115
1873,22,617,6.3718886343930974e+115
1876,22,618,8.2245364183042288e+115
1879,22,619,1.0614257604734389e+116
1882,22,620,1.3696289047285401e+116
1885,22,621,1.7670606026476145e+116
1888,22,622,2.2794777944573203e+116
1891,22,623,2.9400507375883404e+116
1894,22,624,3.7914904747122568e+116
1897,22,625,4.8887850671285012e+116
1900,22,626,6.30271828444404e+116
1903,22,627,8.124393855643582e+116
1906,22,628,1.0471051817881244e+117
1909,22,629,1.3493544913564349e+117
1912,22,630,1.7385947466165593e+117
1915,22,631,2.239790322701783e+117
1918,22,632,2.8850490682044161e+117
1921,22,633,3.7156604940193318e+117
1924,22,634,4.7847138310412646e+117
1927,22,635,6.1604604582363531e+117
1930,22,636,7.9306317361937677e+117
1933,22,637,1.0207982941140578e+118
1936,22,638,1.3137410471883546e+118
1939,22,639,1.6905087525140745e+118
1942,22,640,2.1750189055382916e+118
1945,22,641,2.7979937802989958e+118
1948,22,642,3.5988909404260005e+118
1951,22,643,4.6283798783508723e+118
1954,22,644,5.9515188410035386e+118
1957,22,645,7.6518292361227095e+118
1960,22,646,9.8365205051332168e+118
1963,22,647,1.2643189396184914e+119
1966,22,648,1.6248408523796606e+119
1969,22,649,2.0878735519456172e+119
1972,22,650,2.6824823071446883e+119
1975,22,651,3.445950081194779e+119
1978,22,652,4.426094395304426e+119
1981,22,653,5.6842355652648474e+119
1984,22,654,7.2989989283079204e+119
1987,22,655,9.371184732696758e+119
1990,22,656,1.2030004651912507e+120
1993,22,657,1.5441067366288027e+120
1996,22,658,1.9816602381749679e+120
1999,22,659,2.5428547684146515e+120
2002,22,660,3.2625301200451865e+120
2005,22,661,4.1853158879292088e+120
2008,22,662,5.3683746948563561e+120
2011,22,663,6.8849119706306948e+120
2014,22,664,8.828665893658485e+120
2017,22,665,1.1319650465102992e+121
2020,22,666,1.4511500496922951e+121
2023,22,667,1.8600864103209141e+121
2026,22,668,2.3839411889649702e+121
2029,22,669,3.0549189834502643e+121
2032,22,670,3.9142244279645663e+121
2035,22,671,5.0145704533626197e+121
2038,22,672,6.4233836659585885e+121
23,23,0,47106
26,23,1,1066035
29,23,2,13405974
32,23,3,122491023
35,23,4,903768180
38,23,5,5695117563
41,23,6,31725367164
44,23,7,159893583300
47,23,8,741250095588
50,23,9,3200180736615
53,23,10,12989799170790
56,23,11,49949418670335.125
59,23,12,183068822070311
62,23,13,642749008333010
65,23,14,2170897269924060
68,23,15,7078718180220368
71,23,16,22351697233968064
74,23,17,68525058644284160
77,23,18,2.0444014721391104e+17
80,23,19,5.9474870539400397e+17
83,23,20,1.6901373965000131e+18
86,23,21,4.6991172979332792e+18
89,23,22,1.2800524506913702e+19
92,23,23,3.4206232756156039e+19
95,23,24,8.9772542296503353e+19
98,23,25,2.3162773021485747e+20
101,23,26,5.8810303332338788e+20
104,23,27,1.4706298938717194e+21
107,23,28,3.6247674936676959e+21
110,23,29,8.8124256548148793e+21
113,23,30,2.1146390456301141e+22
116,23,31,5.0114946051318496e+22
119,23,32,1.1736361077510988e+23
122,23,33,2.7174524179566611e+23
125,23,34,6.2239168224112786e+23
128,23,35,1.410702685675366e+24
131,23,36,3.1656322481276711e+24
134,23,37,7.0357450571386688e+24
137,23,38,1.5493334533512907e+25
140,23,39,3.3815469449287719e+25
143,23,40,7.3175060722782242e+25
146,23,41,1.5704386423719896e+26
149,23,42,3.3436009258255991e+26
152,23,43,7.0641801869718817e+26
155,23,44,1.4814080940494692e+27
158,23,45,3.0843167371177246e+27
161,23,46,6.3769739005006834e+27
164,23,47,1.309593841315104e+28
167,23,48,2.6718680165969998e+28
170,23,49,5.4167071579612307e+28
173,23,50,1.0913877922954682e+29
176,23,51,2.1858668303776524e+29
179,23,52,4.3525425670522908e+29
182,23,53,8.6180201385477557e+29
185,23,54,1.6970098585748058e+30
188,23,55,3.3238226483276396e+30
191,23,56,6.4763357302012648e+30
194,23,57,1.2555027552105011e+31
197,23,58,2.4219159628647184e+31
200,23,59,4.6495132124688763e+31
203,23,60,8.884124600000109e+31
206,23,61,1.6897800070466798e+32
209,23,62,3.1996444908594003e+32
212,23,63,6.0321914482464432e+32
215,23,64,1.1323856795713805e+33
218,23,65,2.116907316111669e+33
221,23,66,3.9412893479519487e+33
224,23,67,7.3087493775746003e+33
227,23,68,1.3500627112813518e+34
230,23,69,2.4843193876968953e+34
233,23,70,4.5544792965086774e+34
236,23,71,8.3192050715365483e+34
239,23,72,1.5141521975453401e+35
242,23,73,2.7462086641113834e+35
245,23,74,4.9636879587242224e+35
248,23,75,8.941532771612537e+35
251,23,76,1.6054053074485105e+36
254,23,77,2.8730975640960071e+36
257,23,78,5.1254956152617954e+36
260,23,79,9.115220603803158e+36
263,23,80,1.6161048437961401e+37
266,23,81,2.8567178228671415e+37
269,23,82,5.0348242463192583e+37
272,23,83,8.8479656757063294e+37
275,23,84,1.5504829427391427e+38
278,23,85,2.7094220438156916e+38
281,23,86,4.7216463880559605e+38
284,23,87,8.2061191363710167e+38
287,23,88,1.4224256897510591e+39
290,23,89,2.4591672352526228e+39
293,23,90,4.2406459096037583e+39
296,23,91,7.294233780207497e+39
299,23,92,1.251551783905072e+40
302,23,93,2.1421837883814514e+40
305,23,94,3.6578022013155189e+40
308,23,95,6.2309701816470121e+40
311,23,96,1.0589587787668982e+41
314,23,97,1.7955847661623233e+41
317,23,98,3.0377455849059863e+41
320,23,99,5.1277906501367569e+41
323,23,100,8.6368818822500249e+41
326,23,101,1.4515952216822337e+42
329,23,102,2.4344992287469967e+42
332,23,103,4.0743908585241126e+42
335,23,104,6.8048369916540698e+42
338,23,105,1.1341943974155744e+43
341,23,106,1.8866200573721434e+43
344,23,107,3.1319926143724826e+43
347,23,108,5.1892932926416602e+43
350,23,109,8.5814072505758892e+43
353,23,110,1.4163903369049972e+44
356,23,111,2.3334184527464914e+44
359,23,112,3.8370580379364913e+44
362,23,113,6.2981177171742357e+44
365,23,114,1.0319061721930973e+45
368,23,115,1.6877060928306151e+45
371,23,116,2.7554372209791279e+45
374,23,117,4.4908756327362825e+45
377,23,118,7.3068105347797767e+45
380,23,119,1.1868348240955471e+46
383,23,120,1.9245422266580482e+46
386,23,121,3.115647104953466e+46
389,23,122,5.0357188263486307e+46
392,23,123,8.1259780262880333e+46
395,23,124,1.309179405805441e+47
398,23,125,2.1059122020644045e+47
401,23,126,3.3822600239571552e+47
404,23,127,5.4238449014488103e+47
407,23,128,8.6845799512076226e+47
410,23,129,1.3884788137962983e+48
413,23,130,2.2165933876253578e+48
416,23,131,3.5334297016436073e+48
419,23,132,5.6244193664118154e+48
422,23,133,8.939984976196059e+48
425,23,134,1.4189942736645599e+49
428,23,135,2.249137643794203e+49
431,23,136,3.5599968748014822e+49
434,23,137,5.6271426081312585e+49
437,23,138,8.8825438973500235e+49
440,23,139,1.4002456670360393e+50
443,23,140,2.2044219780312296e+50
446,23,141,3.4658911806489731e+50
449,23,142,5.4421533909667858e+50
452,23,143,8.5343050786121686e+50
455,23,144,1.3366350378135392e+51
458,23,145,2.0907902920027916e+51
461,23,146,3.2663794231153021e+51
464,23,147,5.0966731313521365e+51
467,23,148,7.9428489914490822e+51
470,23,149,1.2363473238745104e+52
473,23,150,1.9221379099633188e+52
476,23,151,2.984788579083792e+52
479,23,152,4.6294842798170769e+52
482,23,153,7.1721045397548938e+52
485,23,154,1.1098401571013934e+53
488,23,155,1.7154531987685456e+53
491,23,156,2.6485406443353217e+53
494,23,157,4.084589120343438e+53
497,23,158,6.29228870987525e+53
500,23,159,9.682598628040943e+53
503,23,160,1.4883417461875535e+54
506,23,161,2.2853104029913558e+54
509,23,162,3.5052888840010747e+54
512,23,163,5.3708465099390703e+54
515,23,164,8.2206494559116187e+54
518,23,165,1.2569502074213844e+55
521,23,166,1.9199176729557499e+55
524,23,167,2.9295687738696972e+55
527,23,168,4.4656559530503631e+55
530,23,169,6.8003481793655032e+55
533,23,170,1.0345349353994932e+56
536,23,171,1.5722841562297868e+56
539,23,172,2.3872201310189816e+56
542,23,173,3.6210380255832683e+56
545,23,174,5.4872717965086345e+56
548,23,175,8.3074198408751914e+56
551,23,176,1.2565090694749283e+57
554,23,177,1.898708561241442e+57
557,23,178,2.8664712194677455e+57
560,23,179,4.3235132555620296e+57
563,23,180,6.5152221121054352e+57
566,23,181,9.8090765392375178e+57
569,23,182,1.4754914139531396e+58
572,23,183,2.2174716285459922e+58
575,23,184,3.3296255264858449e+58
578,23,185,4.9951866301754386e+58
581,23,186,7.4873835593714174e+58
584,23,187,1.1213300716910461e+59
587,23,188,1.6778951994427299e+59
590,23,189,2.5085749372335086e+59
593,23,190,3.7473398698894457e+59
596,23,191,5.5931398754720484e+59
599,23,192,8.3411833320277451e+59
602,23,193,1.2429160722329998e+60
605,23,194,1.8505499753040575e+60
608,23,195,2.7530075330461507e+60
611,23,196,4.092269301812015e+60
614,23,197,6.0781842236191404e+60
617,23,198,9.0206731894974884e+60
620,23,199,1.3377101833737776e+61
623,23,200,1.9821916240133145e+61
626,23,201,2.9348928707940905e+61
629,23,202,4.3421452406600468e+61
632,23,203,6.4192508566056021e+61
635,23,204,9.4827578580075469e+61
638,23,205,1.3997731523594776e+62
641,23,206,2.0646939630261153e+62
644,23,207,3.0432039769155656e+62
647,23,208,4.4821467603267173e+62
650,23,209,6.5966429607371703e+62
653,23,210,9.7016145411322714e+62
656,23,211,1.4257762976597927e+63
659,23,212,2.0938582915908422e+63
662,23,213,3.0727969145894773e+63
665,23,214,4.5062287872629397e+63
668,23,215,6.6037029756375533e+63
671,23,216,9.670720250683758e+63
674,23,217,1.4152369650261681e+64
677,23,218,2.0696675704383031e+64
680,23,219,3.0246499874904029e+64
683,23,220,4.4172781143094882e+64
686,23,221,6.4467587032227528e+64
689,23,222,9.4023645158798669e+64
692,23,223,1.3703883950125023e+65
695,23,224,1.9960116874349843e+65
698,23,225,2.9053414940661276e+65
701,23,226,4.2261786457719149e+65
704,23,227,6.1435148405101453e+65
707,23,228,8.9249581042482553e+65
710,23,229,1.2957388271202767e+66
713,23,230,1.8799770610605354e+66
716,23,231,2.7259204512837353e+66
719,23,232,3.9500363900074211e+66
722,23,233,5.7202897541983328e+66
725,23,234,8.2787673001354218e+66
728,23,235,1.1974178414213391e+67
731,23,236,1.73085163709e+67
734,23,237,2.5004010965615895e+67
737,23,238,3.60991411906254e+67
740,23,239,5.2086242289502598e+67
743,23,240,7.5108614338460601e+67
746,23,241,1.0824270116031001e+68
749,23,242,1.5590182796650616e+68
752,23,243,2.244135405482249e+68
755,23,244,3.2284473339410717e+68
758,23,245,4.6418026399563934e+68
761,23,246,6.6700556264229541e+68
764,23,247,9.5790744300010697e+68
767,23,248,1.374897808706441e+69
770,23,249,1.9722934386240244e+69
773,23,250,2.827667378583508e+69
776,23,251,4.0517461115910857e+69
779,23,252,5.8024933583775269e+69
782,23,253,8.3051409356669936e+69
785,23,254,1.1880662948743058e+70
788,23,255,1.6986231213356848e+70
791,23,256,2.4272663503335546e+70
794,23,257,3.4665960195223618e+70
797,23,258,4.948297038034345e+70
800,23,259,7.0595389630542622e+70
803,23,260,1.006621671281688e+71
806,23,261,1.4345869207948107e+71
809,23,262,2.0434282653386991e+71
812,23,263,2.9091434410009237e+71
815,23,264,4.1394757609978644e+71
818,23,265,5.8870980509361462e+71
821,23,266,8.368240384916817e+71
824,23,267,1.1888996587342584e+72
827,23,268,1.6882456825462269e+72
830,23,269,2.396109632145003e+72
833,23,270,3.3990652746845728e+72
836,23,271,4.8194256715726028e+72
839,23,272,6.8299134410294815e+72
842,23,273,9.6743189612753325e+72
845,23,274,1.3696576927375496e+73
848,23,275,1.9381672656622241e+73
851,23,276,2.7413164282295338e+73
854,23,277,3.875403267121367e+73
857,23,278,5.4760267140047011e+73
860,23,279,7.7340368468304659e+73
863,23,280,1.0917922931955566e+74
866,23,281,1.5405223313612302e+74
869,23,282,2.1726572864267185e+74
872,23,283,3.062744491614775e+74
875,23,284,4.3154657157122664e+74
878,23,285,6.0777520186696135e+74
881,23,286,8.5557426948157391e+74
884,23,287,1.203851475725894e+75
887,23,288,1.6931271447045521e+75
890,23,289,2.3801740104931986e+75
893,23,290,3.3445008764591774e+75
896,23,291,4.6974090040111957e+75
899,23,292,6.5946366687663273e+75
902,23,293,9.2540059905803425e+75
905,23,294,1.2980040510402177e+76
908,23,295,1.8198292540993621e+76
911,23,296,2.5503189928781385e+76
914,23,297,3.5724698765781103e+76
917,23,298,5.0021162814917134e+76
920,23,299,7.0008544959782718e+76
923,23,300,9.7940269555407069e+76
926,23,301,1.3695737429632551e+77
929,23,302,1.9143631696860725e+77
932,23,303,2.6747236314010612e+77
935,23,304,3.7355113456388582e+77
938,23,305,5.2148118475813336e+77
941,23,306,7.2768854225311945e+77
944,23,307,1.0150129975155498e+78
947,23,308,1.4151996109415212e+78
950,23,309,1.9723531483897236e+78
953,23,310,2.7477257150300107e+78
956,23,311,3.826349519921254e+78
959,23,312,5.326222292193403e+78
962,23,313,7.4110228111941204e+78
965,23,314,1.0307706432598277e+79
968,23,315,1.4330844100929264e+79
971,23,316,1.9916276398962771e+79
974,23,317,2.7667629950968474e+79
977,23,318,3.8420587689457434e+79
980,23,319,5.3331655538401372e+79
983,23,320,7.4000716143900919e+79
986,23,321,1.0264016659053662e+80
989,23,322,1.4230826017564918e+80
992,23,323,1.9723090442114056e+80
995,23,324,2.7324528376936608e+80
998,23,325,3.7841120182664208e+80
1001,23,326,5.2385324407516877e+80
1004,23,327,7.2492048748877146e+80
1007,23,328,1.0027829120514549e+81
1010,23,329,1.3866281651171376e+81
1013,23,330,1.9166833620480169e+81
1016,23,331,2.6483702919436693e+81
1019,23,332,3.6580171035244835e+81
1022,23,333,5.0507067177269282e+81
1025,23,334,6.9710574971093332e+81
1028,23,335,9.6180264823576772e+81
1031,23,336,1.3265229000367962e+82
1034,23,337,1.8288820561632648e+82
1037,23,338,2.5205742181528582e+82
1040,23,339,3.4726162945959877e+82
1043,23,340,4.7825365265664035e+82
1046,23,341,6.5842247224739297e+82
1049,23,342,9.0614251448979892e+82
1052,23,343,1.2466212823338508e+83
1055,23,344,1.714428528132238e+83
1058,23,345,2.3569572013154743e+83
1061,23,346,3.2391578549693124e+83
1064,23,347,4.4500129133967811e+83
1067,23,348,6.1113872353499871e+83
1070,23,349,8.3901231437946758e+83
1073,23,350,1.1514563822695105e+84
1076,23,351,1.5797119009459014e+84
1079,23,352,2.1665072428752561e+84
1082,23,353,2.970262738580034e+84
1085,23,354,4.0708271386813269e+84
1088,23,355,5.5773015808970981e+84
1091,23,356,7.6387072633586415e+84
1094,23,357,1.0458525724982942e+85
1097,23,358,1.4314511231749838e+85
1100,23,359,1.9585678253368011e+85
1103,23,360,2.6789050825834396e+85
1106,23,361,3.6629689029210735e+85
1109,23,362,5.0068767987886014e+85
1112,23,363,6.8416194736351443e+85
1115,23,364,9.3456567796094143e+85
1118,23,365,1.2762042972396582e+86
1121,23,366,1.7421702700791277e+86
1124,23,367,2.3775057064171203e+86
1127,23,368,3.2434982029281493e+86
1130,23,369,4.4235141966867817e+86
1133,23,370,6.0309176979938827e+86
1136,23,371,8.2198166390770342e+86
1139,23,372,1.1199642102096993e+87
1142,23,373,1.5254921520760872e+87
1145,23,374,2.0772088187460861e+87
1148,23,375,2.8275820048933199e+87
1151,23,376,3.847828022183318e+87
1154,23,377,5.2345820013915959e+87
1157,23,378,7.1189310535607233e+87
1160,23,379,9.6786436893645848e+87
1163,23,380,1.315472158076152e+88
1166,23,381,1.7873794784309053e+88
1169,23,382,2.4278414570070069e+88
1172,23,383,3.2968017010712538e+88
1175,23,384,4.4754300102834952e+88
1178,23,385,6.0736064394616296e+88
1181,23,386,8.240032892063509e+88
1184,23,387,1.1175890814183038e+89
1187,23,388,1.5153283329946444e+89
1190,23,389,2.0540130781301818e+89
1193,23,390,2.7833768373520646e+89
1196,23,391,3.7706274905612799e+89
1199,23,392,5.1065611458903158e+89
1202,23,393,6.9138061207856026e+89
1205,23,394,9.3579360770945135e+89
1208,23,395,1.2662446695169221e+90
1211,23,396,1.7128933472424105e+90
1214,23,397,2.3164269393915246e+90
1217,23,398,3.1317200724959653e+90
1220,23,399,4.2327611160729874e+90
1223,23,400,5.7192821615987258e+90
1226,23,401,7.7256792322852424e+90
1229,23,402,1.0433010595134761e+91
1232,23,403,1.4085130975527924e+91
1235,23,404,1.9010381505106528e+91
1238,23,405,2.5650740664513978e+91
1241,23,406,3.4600992204684931e+91
1244,23,407,4.6661338099787133e+91
1247,23,408,6.2908052988781282e+91
1250,23,409,8.4788341592666402e+91
1253,23,410,1.1424765635075472e+92
1256,23,411,1.5390053824981198e+92
1259,23,412,2.0725979908943561e+92
1262,23,413,2.7904388829266682e+92
1265,23,414,3.7558900935182033e+92
1268,23,415,5.0540154101412157e+92
1271,23,416,6.7989833855181527e+92
1274,23,417,9.1439855826640613e+92
1277,23,418,1.2294521213022486e+93
1280,23,419,1.6526186219205972e+93
1283,23,420,2.220848806146485e+93
1286,23,421,2.9836719199824891e+93
1289,23,422,4.0074605459375799e+93
1292,23,423,5.381135734981916e+93
1295,23,424,7.2237969231746e+93
1298,23,425,9.6949234556093741e+93
1301,23,426,1.3008011052556282e+94
1304,23,427,1.7448795255792623e+94
1307,23,428,2.3399598763500314e+94
1310,23,429,3.1371852509938502e+94
1313,23,430,4.2049523826310174e+94
1316,23,431,5.6347095509739063e+94
1319,23,432,7.5486952233034779e+94
1322,23,433,1.0110264531404213e+95
1325,23,434,1.3537665616831537e+95
1328,23,435,1.8122413921089507e+95
1331,23,436,2.4253793093176882e+95
1334,23,437,3.2451517470496728e+95
1337,23,438,4.3409264407554974e+95
1340,23,439,5.8052679979996227e+95
1343,23,440,7.7616651653942442e+95
1346,23,441,1.0374822309396545e+96
1349,23,442,1.3864362770964672e+96
1352,23,443,1.8523070902584778e+96
1355,23,444,2.4741170325245276e+96
1358,23,445,3.3038628183644135e+96
1361,23,446,4.4108128609236915e+96
1364,23,447,5.8872225805498384e+96
1367,23,448,7.8559337826851792e+96
1370,23,449,1.0480476852923915e+97
1373,23,450,1.3978496957672436e+97
1376,23,451,1.8639593865463334e+97
1379,23,452,2.4849020845793288e+97
1382,23,453,3.3119159720759615e+97
1385,23,454,4.4131314067980458e+97
1388,23,455,5.8791190453075672e+97
1391,23,456,7.8302534072528887e+97
1394,23,457,1.0426483715715182e+98
1397,23,458,1.3880296072912108e+98
1400,23,459,1.8473905458029579e+98
1403,23,460,2.4582052719383552e+98
1406,23,461,3.2702227173504753e+98
1409,23,462,4.3494724620288111e+98
1412,23,463,5.7835729760625162e+98
1415,23,464,7.688764219591179e+98
1418,23,465,1.0219222696668058e+99
1421,23,466,1.3579397029291448e+99
1424,23,467,1.8040339912538626e+99
1427,23,468,2.3961326442984455e+99
1430,23,469,3.1818463695705462e+99
1433,23,470,4.2242544260361391e+99
1436,23,471,5.6069119682521269e+99
1439,23,472,7.4404724352856354e+99
1442,23,473,9.8714440084659962e+99
1445,23,474,1.3093765358971136e+100
1448,23,475,1.7364105130081422e+100
1451,23,476,2.3022078708033065e+100
1454,23,477,3.0516957029314413e+100
1457,23,478,4.0442944675021972e+100
1460,23,479,5.3585766784236203e+100
1463,23,480,7.0984176999628426e+100
1466,23,481,9.4011148346329151e+100
1469,23,482,1.2448102325504824e+101
1472,23,483,1.6479089310260337e+101
1475,23,484,2.1810710317854425e+101
1478,23,485,2.8861123509050753e+101
1481,23,486,3.8182446710431869e+101
1484,23,487,5.0503519785895219e+101
1487,23,488,6.678626923391051e+101
1490,23,489,8.8299986474324567e+101
1493,23,490,1.1671919308748769e+102
1496,23,491,1.5425255668966054e+102
1499,23,492,2.0381267462343685e+102
1502,23,493,2.6923963565792989e+102
1505,23,494,3.5559533402283136e+102
1508,23,495,4.6955084915609561e+102
1511,23,496,6.1989621712844526e+102
1514,23,497,8.1821112853080183e+102
1517,23,498,1.0797471781692219e+103
1520,23,499,1.4245881628681442e+103
1523,23,500,1.8791757530008689e+103
1526,23,501,2.4783151948229692e+103
1529,23,502,3.2678115570004911e+103
1532,23,503,4.3079340659091859e+103
1535,23,504,5.6779677508099794e+103
1538,23,505,7.4821924873860296e+103
1541,23,506,9.8577355366695163e+103
1544,23,507,1.2984882616346571e+104
1547,23,508,1.7100614607513221e+104
1550,23,509,2.2516375533751684e+104
1553,23,510,2.9641389903706584e+104
1556,23,511,3.9013256715708654e+104
1559,23,512,5.1338083237882555e+104
1562,23,513,6.7543123146796028e+104
1565,23,514,8.884580176541989e+104
1568,23,515,1.1684421270613481e+105
1571,23,516,1.536357423773048e+105
1574,23,517,2.0197253546906494e+105
1577,23,518,2.6546520450940079e+105
1580,23,519,3.4884970424644424e+105
1583,23,520,4.5833689078981366e+105
1586,23,521,6.0207029754087676e+105
1589,23,522,7.9072551758828247e+105
1592,23,523,1.038294850068975e+106
1595,23,524,1.3631142828597314e+106
1598,23,525,1.7892074071875039e+106
1601,23,526,2.3480437454110516e+106
1604,23,527,3.0808388568772431e+106
1607,23,528,4.0415626012935127e+106
1610,23,529,5.300872865012789e+106
1613,23,530,6.9512585180269934e+106
1616,23,531,9.1137620921801698e+106
1619,23,532,1.1946765810532637e+107
1622,23,533,1.5657472173857478e+107
1625,23,534,2.0516902770987115e+107
1628,23,535,2.6879489931294674e+107
1631,23,536,3.5208662998931943e+107
1634,23,537,4.611025744749914e+107
1637,23,538,6.0376130798238795e+107
1640,23,539,7.9041093436492688e+107
1643,23,540,1.034572057964936e+108
1646,23,541,1.3539072216228759e+108
1649,23,542,1.7714856159031771e+108
1652,23,543,2.3174327012317906e+108
1655,23,544,3.0310815110666908e+108
1658,23,545,3.9637777129118465e+108
1661,23,546,5.182536454970213e+108
1664,23,547,6.7748088171768064e+108
1667,23,548,8.8546934709935998e+108
1670,23,549,1.1571030331374558e+109
1673,23,550,1.5117944569512714e+109
1676,23,551,1.9748580454648364e+109
1679,23,552,2.579298693625611e+109
1682,23,553,3.3681406021404099e+109
1685,23,554,4.3974590783971536e+109
1688,23,555,5.7403268139828265e+109
1691,23,556,7.4919495917712865e+109
1694,23,557,9.7763487824489261e+109
1697,23,558,1.2755055017311001e+110
1700,23,559,1.6638416404061817e+110
1703,23,560,2.1700305094179324e+110
1706,23,561,2.8297240244730231e+110
1709,23,562,3.6893249431162314e+110
1712,23,563,4.8092185081325822e+110
1715,23,564,6.2679724373055882e+110
1718,23,565,8.1677945067712953e+110
1721,23,566,1.0641623103194007e+111
1724,23,567,1.3862337813683503e+111
1727,23,568,1.8054721947305662e+111
1730,23,569,2.351099663460541e+111
1733,23,570,3.0610989517423597e+111
1736,23,571,3.9848316441499549e+111
1739,23,572,5.1864363254059226e+111
1742,23,573,6.7492384298800054e+111
1745,23,574,8.7814720080955087e+111
1748,23,575,1.1423702490412906e+112
1751,23,576,1.4858454561789446e+112
1754,23,577,1.9322698201535539e+112
1757,23,578,2.5124038750098338e+112
1760,23,579,3.2661706423184455e+112
1763,23,580,4.2453763654590801e+112
1766,23,581,5.5172366534826867e+112
1769,23,582,7.1689457241635144e+112
1772,23,583,9.3135963669772274e+112
1775,23,584,1.2097848689798959e+113
1778,23,585,1.5711862665826367e+113
1781,23,586,2.0402160706947143e+113
1784,23,587,2.6488281959337486e+113
1787,23,588,3.4384342663356345e+113
1790,23,589,4.4626943416562966e+113
1793,23,590,5.7911286046472312e+113
1796,23,591,7.5137907816196065e+113
1799,23,592,9.7473144686354436e+113
1802,23,593,1.2642734458355431e+114
1805,23,594,1.6395602571930325e+114
1808,23,595,2.1259069089761023e+114
1811,23,596,2.7560796564244055e+114
1814,23,597,3.572482537866927e+114
1817,23,598,4.6299836378626433e+114
1820,23,599,5.9995676501829688e+114
1823,23,600,7.7730555963375285e+114
1826,23,601,1.0069202551493585e+115
1829,23,602,1.3041574507371455e+115
1832,23,603,1.688872191927662e+115
1835,23,604,2.1867317589411451e+115
1838,23,605,2.830912004889818e+115
1841,23,606,3.6642873031673115e+115
1844,23,607,4.7422573095865232e+115
1847,23,608,6.1363951683910826e+115
1850,23,609,7.9391551614259786e+115
1853,23,610,1.0269946552146792e+116
1856,23,611,1.3282968930681201e+116
1859,23,612,1.7177318410019444e+116
1862,23,613,2.2210020871667959e+116
1865,23,614,2.8712837519368852e+116
1868,23,615,3.7113931372790643e+116
1871,23,616,4.7965796572697254e+116
1874,23,617,6.1981255477694993e+116
1877,23,618,8.0079847215729398e+116
1880,23,619,1.0344759865063332e+117
1883,23,620,1.3361402709607039e+117
1886,23,621,1.7255132810519436e+117
1889,23,622,2.2280212136687657e+117
1892,23,623,2.8764395317513906e+117
1895,23,624,3.7130110071365316e+117
1898,23,625,4.792172399822809e+117
1901,23,626,6.184064162220045e+117
1904,23,627,7.9790473784752252e+117
1907,23,628,1.0293516163527078e+118
1910,23,629,1.3277375984968909e+118
1913,23,630,1.7123664006567463e+118
1916,23,631,2.2080923223530788e+118
1919,23,632,2.846911638011912e+118
1922,23,633,3.6700089354974232e+118
1925,23,634,4.7303880874126904e+118
1928,23,635,6.0962544031620152e+118
1931,23,636,7.8553618195796302e+118
1934,23,637,1.0120599698024815e+119
1937,23,638,1.3037171691578464e+119
1940,23,639,1.6791819077669495e+119
1943,23,640,2.1624669136018119e+119
1946,23,641,2.7844453553248667e+119
1949,23,642,3.5848052658571146e+119
1952,23,643,4.6145591610322881e+119
1955,23,644,5.9392661199450077e+119
1958,23,645,7.6431680156244439e+119
1961,23,646,9.834498518177149e+119
1964,23,647,1.2652296453114489e+120
1967,23,648,1.6275148582098043e+120
1970,23,649,2.0932406641645973e+120
1973,23,650,2.6918576893437473e+120
1976,23,651,3.4611776939038665e+120
1979,23,652,4.4497406191978625e+120
1982,23,653,5.7198498615101878e+120
1985,23,654,7.3514638855734147e+120
1988,23,655,9.4471850990120831e+120
1991,23,656,1.213865449963748e+121
1994,23,657,1.5594747108266618e+121
1997,23,658,2.0032073886234205e+121
2000,23,659,2.5728437452203705e+121
2003,23,660,3.3040070076295788e+121
2006,23,661,4.2423714154339985e+121
2009,23,662,5.4464901723943003e+121
2012,23,663,6.9914168553948867e+121
2015,23,664,8.9733422886557476e+121
2018,23,665,1.1515530836870725e+122
2021,23,666,1.4775919253043628e+122
2024,23,667,1.8956842418967364e+122
2027,23,668,2.4317479644447233e+122
2030,23,669,3.1189780441698525e+122
2033,23,670,3.9998839813286257e+122
2036,23,671,5.1288962785086756e+122
2039,23,672,6.5757002384498777e+122
24,24,0,63976
27,24,1,1483836
30,24,2,19127024
33,24,3,178861882
36,24,4,1349210287
39,24,5,8683707604
42,24,6,49364549107
45,24,7,253688961414
48,24,8,1198349072804
51,24,9,5268059867266
54,24,10,21760427793669
57,24,11,85100900191995.5
60,24,12,317047077222805
63,24,13,1130937403436154
66,24,14,3879003367149168
69,24,15,12838896401840704
72,24,16,41133496515564672
75,24,17,1.2790185816094643e+17
78,24,18,3.8687951301869363e+17
81,24,19,1.1407059113389363e+18
84,24,20,3.2843497624877056e+18
87,24,21,9.2490013229800489e+18
90,24,22,2.5511047050392895e+19
93,24,23,6.9008858498742616e+19
96,24,24,1.8328426125728678e+20
99,24,25,4.7845672571026643e+20
102,24,26,1.2287667880196886e+21
105,24,27,3.1072882933925465e+21
108,24,28,7.7432451082805785e+21
111,24,29,1.902872549481669e+22
114,24,30,4.6145823602462402e+22
117,24,31,1.1049928950072009e+23
120,24,32,2.6142027958392688e+23
123,24,33,6.1136710601302431e+23
126,24,34,1.4140407236573827e+24
129,24,35,3.2360720404525481e+24
132,24,36,7.3308933055652108e+24
135,24,37,1.6445686104241912e+25
138,24,38,3.6548231103686733e+25
141,24,39,8.0492014624809726e+25
144,24,40,1.7573362492833317e+26
147,24,41,3.804588253213634e+26
150,24,42,8.1703089504708368e+26
153,24,43,1.7408743728647112e+27
156,24,44,3.681357617872941e+27
159,24,45,7.7280080174708664e+27
162,24,46,1.6108228390123724e+28
165,24,47,3.3346101139523047e+28
168,24,48,6.8572649983997537e+28
171,24,49,1.40104585189752e+29
174,24,50,2.8446708599546981e+29
177,24,51,5.740751010149612e+29
180,24,52,1.1516949386807982e+30
183,24,53,2.2972584105521161e+30
186,24,54,4.5567397465512518e+30
189,24,55,8.9895070323178155e+30
192,24,56,1.7640757895802677e+31
195,24,57,3.4439597113484273e+31
198,24,58,6.6898374135141449e+31
201,24,59,1.2931371197321489e+32
204,24,60,2.4876982379254012e+32
207,24,61,4.7634914875413488e+32
210,24,62,9.0797968150383565e+32
213,24,63,1.7230444512016614e+33
216,24,64,3.2556014133566328e+33
219,24,65,6.1252448433881633e+33
222,24,66,1.1476636594468732e+34
225,24,67,2.1416312968181552e+34
228,24,68,3.9806333258678556e+34
231,24,69,7.3701132067269843e+34
234,24,70,1.359397500345007e+35
237,24,71,2.4980645865458423e+35
240,24,72,4.5738205630976311e+35
243,24,73,8.3445917288052875e+35
246,24,74,1.5170948777780686e+36
249,24,75,2.7487308035093148e+36
252,24,76,4.9635528800963616e+36
255,24,77,8.933513404635974e+36
258,24,78,1.6026860409282904e+37
261,24,79,2.8661413367907788e+37
264,24,80,5.1096997986060686e+37
267,24,81,9.0816898115223525e+37
270,24,82,1.6092945809746935e+38
273,24,83,2.8433179592230656e+38
276,24,84,5.0090919074930803e+38
279,24,85,8.7995061716370953e+38
282,24,86,1.5415042519750711e+39
285,24,87,2.6930168363590214e+39
288,24,88,4.6920380580102923e+39
291,24,89,8.1532683528566951e+39
294,24,90,1.413086655836769e+40
297,24,91,2.4428189190460542e+40
300,24,92,4.2122801418825321e+40
303,24,93,7.2454322289096208e+40
306,24,94,1.243224479688028e+41
309,24,95,2.1280884954956061e+41
312,24,96,3.6341339680088645e+41
315,24,97,6.1915463046886166e+41
318,24,98,1.0524456646663236e+42
321,24,99,1.7849154251984149e+42
324,24,100,3.0204222687151804e+42
327,24,101,5.0999280005816338e+42
330,24,102,8.5925236567040701e+42
333,24,103,1.444612440811411e+43
336,24,104,2.4236459256278861e+43
339,24,105,4.057767648636071e+43
342,24,106,6.7798177900669386e+43
345,24,107,1.130509157214394e+44
348,24,108,1.8813406836243856e+44
351,24,109,3.1247114473197552e+44
354,24,110,5.1798005699239499e+44
357,24,111,8.5701434295170416e+44
360,24,112,1.4152921639619797e+45
363,24,113,2.3329093349244066e+45
366,24,114,3.8384325809999433e+45
369,24,115,6.3041217450944291e+45
372,24,116,1.0335226152478053e+46
375,24,117,1.6914142233361699e+46
378,24,118,2.763275896078001e+46
381,24,119,4.5066337731930573e+46
384,24,120,7.3374187946694017e+46
387,24,121,1.1926319899516008e+47
390,24,122,1.9353102799039966e+47
393,24,123,3.1353387651611586e+47
396,24,124,5.0712684526302131e+47
399,24,125,8.1894617791514782e+47
402,24,126,1.3204104554263889e+48
405,24,127,2.1256190146563421e+48
408,24,128,3.416588397494657e+48
411,24,129,5.4832543727486317e+48
414,24,130,8.7867891798423174e+48
417,24,131,1.405968336766363e+49
420,24,132,2.2463720842147414e+49
423,24,133,3.5838995442855431e+49
426,24,134,5.7095906411013348e+49
429,24,135,9.0831403120524691e+49
432,24,136,1.4429648518684521e+50
435,24,137,2.2891318503155613e+50
438,24,138,3.6265002908553211e+50
441,24,139,5.7373703931043837e+50
444,24,140,9.0646829216785789e+50
447,24,141,1.4302537269968175e+51
450,24,142,2.2537221611587648e+51
453,24,143,3.5466672679481146e+51
456,24,144,5.5741566299325817e+51
459,24,145,8.7494811926362393e+51
462,24,146,1.3716253840692298e+52
465,24,147,2.1475553798565787e+52
468,24,148,3.3582602639270572e+52
471,24,149,5.2450644933174957e+52
474,24,150,8.1819931258276905e+52
477,24,151,1.2748068507183333e+53
480,24,152,1.9838634999121636e+53
483,24,153,3.0836589630623216e+53
486,24,154,4.787546497253902e+53
489,24,155,7.4243194784944894e+53
492,24,156,1.1500112208820306e+54
495,24,157,1.7793197613227473e+54
498,24,158,2.7499010642958775e+54
501,24,159,4.2451774662148639e+54
504,24,160,6.546284045940849e+54
507,24,161,1.0083666762802362e+55
510,24,162,1.5515691293368668e+55
513,24,163,2.3848280737800177e+55
516,24,164,3.6616813684017096e+55
519,24,165,5.616240788604303e+55
522,24,166,8.6051151217374885e+55
525,24,167,1.3170961718992036e+56
528,24,168,2.0138731319257049e+56
531,24,169,3.076128456842314e+56
534,24,170,4.6939496832102664e+56
537,24,171,7.1554640271487396e+56
540,24,172,1.0896984615838707e+57
543,24,173,1.6578595395670885e+57
546,24,174,2.519797447772214e+57
549,24,175,3.8261644070308647e+57
552,24,176,5.8042386497528636e+57
555,24,177,8.7965833713695518e+57
558,24,178,1.3319053290671857e+58
561,24,179,2.0147754714392819e+58
564,24,180,3.0449296638251577e+58
567,24,181,4.5975714529924228e+58
570,24,182,6.9355926440646916e+58
573,24,183,1.0453115402974958e+59
576,24,184,1.5740486735190713e+59
579,24,185,2.3681212741950267e+59
582,24,186,3.5596407679231481e+59
585,24,187,5.3459869783370091e+59
588,24,188,8.021805234740499e+59
591,24,189,1.2026569985830146e+60
594,24,190,1.8015230654526105e+60
597,24,191,2.6963056929252852e+60
600,24,192,4.0321115076974418e+60
603,24,193,6.0246642869842625e+60
606,24,194,8.9944136017363257e+60
609,24,195,1.341699565801543e+61
612,24,196,1.9997827977667875e+61
615,24,197,2.9782295557684883e+61
618,24,198,4.4318386053753271e+61
621,24,199,6.5896557971171807e+61
624,24,200,9.7903252459643036e+61
627,24,201,1.4534150104891841e+62
630,24,202,2.1559704268817666e+62
633,24,203,3.1956489776765823e+62
636,24,204,4.7330478252121994e+62
639,24,205,7.0047184823335077e+62
642,24,206,1.0358833014710411e+63
645,24,207,1.530747955504002e+63
648,24,208,2.2603286025214627e+63
651,24,209,3.3351610470179865e+63
654,24,210,4.9174691911248543e+63
657,24,211,7.2451659859503784e+63
660,24,212,1.0666921629510948e+64
663,24,213,1.5693367128364019e+64
666,24,214,2.3071806346707705e+64
669,24,215,3.3895155883769886e+64
672,24,216,4.9760686710140034e+64
675,24,217,7.300117981957215e+64
678,24,218,1.0702130595151082e+65
681,24,219,1.5678680553129008e+65
684,24,220,2.2953541222356899e+65
687,24,221,3.3580936340927961e+65
690,24,222,4.9095399830381934e+65
693,24,223,7.1729144430138067e+65
696,24,224,1.0472714933193166e+66
699,24,225,1.5280360724422472e+66
702,24,226,2.2280273319970053e+66
705,24,227,3.2465483374369435e+66
708,24,228,4.7275870350624171e+66
711,24,229,6.8797922052286126e+66
714,24,230,1.0005321455639357e+67
717,24,231,1.454147622547355e+67
720,24,232,2.1120755265700487e+67
723,24,233,3.0657422354407599e+67
726,24,234,4.4472219823249498e+67
729,24,235,6.4471929797953778e+67
732,24,236,9.3407751678174693e+67
735,24,237,1.3524687271255686e+68
738,24,238,1.9570650841164378e+68
741,24,239,2.8302100721130789e+68
744,24,240,4.0904309646041233e+68
747,24,241,5.9082391040714144e+68
750,24,242,8.5287866428542234e+68
753,24,243,1.2304336655454367e+69
756,24,244,1.7740770885690138e+69
759,24,245,2.5564166623926508e+69
762,24,246,3.6816049908214141e+69
765,24,247,5.2989601197719282e+69
768,24,248,7.6224313114505061e+69
771,24,249,1.0958403245378142e+70
774,24,250,1.5745388914946163e+70
777,24,251,2.2610664008927616e+70
780,24,252,3.2451030178748134e+70
783,24,253,4.6547925629375533e+70
786,24,254,6.6731403161099943e+70
789,24,255,9.5613597668165714e+70
792,24,256,1.3692095609143938e+71
795,24,257,1.9596676160697752e+71
798,24,258,2.803228462131747e+71
801,24,259,4.0077396422712209e+71
804,24,260,5.7267307514795871e+71
807,24,261,8.1786496440775156e+71
810,24,262,1.1674151464903102e+72
813,24,263,1.6654792072546927e+72
816,24,264,2.3747864291514403e+72
819,24,265,3.3844072891255598e+72
822,24,266,4.8207505661738311e+72
825,24,267,6.863125180466404e+72
828,24,268,9.7657506801577276e+72
831,24,269,1.3888873387581407e+73
834,24,270,1.9742733772978846e+73
837,24,271,2.8049662642567544e+73
840,24,272,3.9831738858368904e+73
843,24,273,5.6534471571189718e+73
846,24,274,8.020122873582018e+73
849,24,275,1.1371911629043422e+74
852,24,276,1.6116541271711934e+74
855,24,277,2.2829545342620493e+74
858,24,278,3.2322939857689726e+74
861,24,279,4.5741850935265796e+74
864,24,280,6.4700406235338217e+74
867,24,281,9.14727569261831e+74
870,24,282,1.2926147364805699e+75
873,24,283,1.825744855511441e+75
876,24,284,2.5775421924059999e+75
879,24,285,3.6372005833929073e+75
882,24,286,5.1300965660659714e+75
885,24,287,7.2323874784920297e+75
888,24,288,1.0191467363448805e+76
891,24,289,1.4354618604219904e+76
894,24,290,2.0209125325490812e+76
897,24,291,2.8438409179822982e+76
900,24,292,4.0000553154214231e+76
903,24,293,5.6238094660986691e+76
906,24,294,7.9031473715394741e+76
909,24,295,1.1101340215651127e+77
912,24,296,1.5586821277824989e+77
915,24,297,2.1874969869218019e+77
918,24,298,3.068640983116646e+77
921,24,299,4.3028315599556168e+77
924,24,300,6.0307758398639279e+77
927,24,301,8.4489652826725067e+77
930,24,302,1.1831676244226148e+78
933,24,303,1.6561602176524492e+78
936,24,304,2.3172486495102782e+78
939,24,305,3.2408433354850823e+78
942,24,306,4.5306387186586416e+78
945,24,307,6.3310785108229097e+78
948,24,308,8.8432867780173877e+78
951,24,309,1.2347195502046057e+79
954,24,310,1.7232266515364948e+79
957,24,311,2.4040128948204386e+79
960,24,312,3.3523730249213941e+79
963,24,313,4.672936425645048e+79
966,24,314,6.5110379649510174e+79
969,24,315,9.068474277689668e+79
972,24,316,1.2625328367183556e+80
975,24,317,1.7570187985999208e+80
978,24,318,2.4441969978264235e+80
981,24,319,3.3987785934274257e+80
984,24,320,4.7242971153317852e+80
987,24,321,6.5641723789716831e+80
990,24,322,9.1170004501808369e+80
993,24,323,1.2657675932079252e+81
996,24,324,1.7566560383969322e+81
999,24,325,2.4369746890888692e+81
1002,24,326,3.3794621334279534e+81
1005,24,327,4.6846503349451934e+81
1008,24,328,6.4914325648729043e+81
1011,24,329,8.9916300684257631e+81
1014,24,330,1.2450063205611249e+82
1017,24,331,1.7232197073703175e+82
1020,24,332,2.3842206328747502e+82
1023,24,333,3.297536718964645e+82
1026,24,334,4.5590143397949764e+82
1029,24,335,6.300733365397731e+82
1032,24,336,8.7046391147596488e+82
1035,24,337,1.2021278539145395e+83
1038,24,338,1.6595542754846826e+83
1041,24,339,2.2902023535516293e+83
1044,24,340,3.1593557301826773e+83
1047,24,341,4.3567852203803072e+83
1050,24,342,6.0058902769202662e+83
1053,24,343,8.2762370718745459e+83
1056,24,344,1.1400749345055618e+84
1059,24,345,1.5699270562786414e+84
1062,24,346,2.1610847744598215e+84
1065,24,347,2.973795034051976e+84
1068,24,348,4.0907015999884649e+84
1071,24,349,5.6251323725613848e+84
1074,24,350,7.7324390081507145e+84
1077,24,351,1.0625507868076943e+85
1080,24,352,1.4595969691797677e+85
1083,24,353,2.0043192115551033e+85
1086,24,354,2.7513897882826885e+85
1089,24,355,3.7756285280130641e+85
1092,24,356,5.1793935177104044e+85
1095,24,357,7.102670587668559e+85
1098,24,358,9.7368425975746611e+85
1101,24,359,1.3343474542110621e+86
1104,24,360,1.8279933379168072e+86
1107,24,361,2.5034318119189142e+86
1110,24,362,3.4273068340745768e+86
1113,24,363,4.6905832352566853e+86
1116,24,364,6.4173824221901816e+86
1119,24,365,8.7770137091400948e+86
1122,24,366,1.2000351905532044e+87
1125,24,367,1.6402124249901198e+87
1128,24,368,2.2411229447659351e+87
1131,24,369,3.0611970745812057e+87
1134,24,370,4.1800114471476668e+87
1137,24,371,5.7059081103185365e+87
1140,24,372,7.7863467393919397e+87
1143,24,373,1.0621966068871993e+88
1146,24,374,1.4485677751883657e+88
1149,24,375,1.9748585834980322e+88
1152,24,376,2.6915161221609724e+88
1155,24,377,3.6670961412370706e+88
1158,24,378,4.9947350497802899e+88
1161,24,379,6.8009249566105984e+88
1164,24,380,9.2574077435566998e+88
1167,24,381,1.2597292033415173e+89
1170,24,382,1.7136885909056991e+89
1173,24,383,2.3305263728577783e+89
1176,24,384,3.1684295054308457e+89
1179,24,385,4.3062821855755492e+89
1182,24,386,5.8509963381818403e+89
1185,24,387,7.9474273125127371e+89
1188,24,388,1.0791782629066811e+90
1191,24,389,1.4649749074398584e+90
1194,24,390,1.9880991440090917e+90
1197,24,391,2.6972253073123943e+90
1200,24,392,3.6582065716008078e+90
1203,24,393,4.9601123219572275e+90
1206,24,394,6.723378386224829e+90
1209,24,395,9.1108064555668614e+90
1212,24,396,1.234240456112014e+91
1215,24,397,1.6715404329456527e+91
1218,24,398,2.2631253307385523e+91
1221,24,399,3.0632002741999166e+91
1224,24,400,4.1449347615776048e+91
1227,24,401,5.6070700000906643e+91
1230,24,402,7.5828187568908147e+91
1233,24,403,1.0251849870456606e+92
1236,24,404,1.3856422158462068e+92
1239,24,405,1.8723098469651268e+92
1242,24,406,2.5291961945431681e+92
1245,24,407,3.4155915907244142e+92
1248,24,408,4.6113533403100841e+92
1251,24,409,6.2240108982773711e+92
1254,24,410,8.3983156353553343e+92
1257,24,411,1.1329072857435533e+93
1260,24,412,1.527837962073042e+93
1263,24,413,2.0598774931796759e+93
1266,24,414,2.7764322036056941e+93
1269,24,415,3.7412329669927195e+93
1272,24,416,5.0399339186862442e+93
1275,24,417,6.7876235965957801e+93
1278,24,418,9.1388991490296211e+93
1281,24,419,1.2301374724046528e+94
1284,24,420,1.6553790044151371e+94
1287,24,421,2.2270279490650063e+94
1290,24,422,2.9952889166659063e+94
1293,24,423,4.0275133941927317e+94
1296,24,424,5.4140327865613801e+94
1299,24,425,7.275967887567364e+94
1302,24,426,9.7756818200315856e+94
1305,24,427,1.3130767724937704e+95
1308,24,428,1.763276180804256e+95
1311,24,429,2.3672171816313145e+95
1314,24,430,3.1771943982863596e+95
1317,24,431,4.2632202393686385e+95
1320,24,432,5.7190042773631154e+95
1323,24,433,7.669942665698162e+95
1326,24,434,1.0283790666555629e+96
1329,24,435,1.37849158720166e+96
1332,24,436,1.8473328809841402e+96
1335,24,437,2.4750086026170694e+96
1338,24,438,3.3151191263476685e+96
1341,24,439,4.4392826655085699e+96
1344,24,440,5.9431685954539207e+96
1347,24,441,7.9545432801206333e+96
1350,24,442,1.0643997131381739e+97
1353,24,443,1.4239242992997989e+97
1356,24,444,1.904417030093265e+97
1359,24,445,2.5464230809907993e+97
1362,24,446,3.4040251821095882e+97
1365,24,447,4.5493464035181626e+97
1368,24,448,6.0785449422385404e+97
1371,24,449,8.1197934168743307e+97
1374,24,450,1.0843897138503338e+98
1377,24,451,1.4478420851295828e+98
1380,24,452,1.932647884306004e+98
1383,24,453,2.579172206564365e+98
1386,24,454,3.4411558385851095e+98
1389,24,455,4.5901308587908031e+98
1392,24,456,6.1212884608003674e+98
1395,24,457,8.1612748325646148e+98
1398,24,458,1.0878546254518946e+99
1401,24,459,1.4497120430402188e+99
1404,24,460,1.9314833802663242e+99
1407,24,461,2.5727575887186359e+99
1410,24,462,3.4261450127375166e+99
1413,24,463,4.5615444286745026e+99
1416,24,464,6.0718032034560032e+99
1419,24,465,8.0802237298538714e+99
1422,24,466,1.075051616006357e+100
1425,24,467,1.4299991746841286e+100
1428,24,468,1.9017048070704996e+100
1431,24,469,2.5284337231417119e+100
1434,24,470,3.3609457314585463e+100
1437,24,471,4.4665601225785188e+100
1440,24,472,5.9345381658141905e+100
1443,24,473,7.8832087672826334e+100
1446,24,474,1.0469399778922588e+101
1449,24,475,1.3900918299528815e+101
1452,24,476,1.8453062097745061e+101
1455,24,477,2.4490459509664233e+101
1458,24,478,3.249595119570609e+101
1461,24,479,4.3108776109987317e+101
1464,24,480,5.7175048264427747e+101
1467,24,481,7.5814466113969786e+101
1470,24,482,1.0050845607743951e+102
1473,24,483,1.332166125223012e+102
1476,24,484,1.7653048576454526e+102
1479,24,485,2.3387665478950348e+102
1482,24,486,3.097848229363852e+102
1485,24,487,4.1024168274697896e+102
1488,24,488,5.4315789206181242e+102
1491,24,489,7.1898418900202979e+102
1494,24,490,9.5152410839769599e+102
1497,24,491,1.2590058138024849e+103
1500,24,492,1.6654953672958105e+103
1503,24,493,2.2027598217666915e+103
1506,24,494,2.9127228051717396e+103
1509,24,495,3.8507003584224474e+103
1512,24,496,5.0896640829803231e+103
1515,24,497,6.725856608506543e+103
1518,24,498,8.8861868570329504e+103
1521,24,499,1.1737967238820802e+104
1524,24,500,1.5501731845719854e+104
1527,24,501,2.0468107134861834e+104
1530,24,502,2.7020011865378372e+104
1533,24,503,3.5661863915929846e+104
1536,24,504,4.7057997901218934e+104
1539,24,505,6.208318833468863e+104
1542,24,506,8.1889079713496848e+104
1545,24,507,1.0799151451556567e+105
1548,24,508,1.4238531072028797e+105
1551,24,509,1.8769508741191877e+105
1554,24,510,2.4737342132576862e+105
1557,24,511,3.2596113664512124e+105
1560,24,512,4.2942914388344642e+105
1563,24,513,5.6562729027206202e+105
1566,24,514,7.4487360735366226e+105
1569,24,515,9.8072772194308737e+105
1572,24,516,1.2910057937599836e+106
1575,24,517,1.6991121502555823e+106
1578,24,518,2.235786105655056e+106
1581,24,519,2.9413929757979797e+106
1584,24,520,3.8689282538167664e+106
1587,24,521,5.0879561968498761e+106
1590,24,522,6.6897724843772371e+106
1593,24,523,8.79417010098339e+106
1596,24,524,1.1558304645527465e+107
1599,24,525,1.518830833200111e+107
1602,24,526,1.9954502069492883e+107
1605,24,527,2.6211316608880447e+107
1608,24,528,3.4423375647294723e+107
1611,24,529,4.5199640556067081e+107
1614,24,530,5.933810010465548e+107
1617,24,531,7.7884251024157743e+107
1620,24,532,1.0220761105446164e+108
1623,24,533,1.3410180641847623e+108
1626,24,534,1.7591547327419397e+108
1629,24,535,2.3072342860107615e+108
1632,24,536,3.0255045792534297e+108
1635,24,537,3.9666384082969679e+108
1638,24,538,5.1995565823295109e+108
1641,24,539,6.8144234695480121e+108
1644,24,540,8.9291734175609549e+108
1647,24,541,1.1698035649886231e+109
1650,24,542,1.5322667602584116e+109
1653,24,543,2.0066692230332058e+109
1656,24,544,2.6274676646315535e+109
1659,24,545,3.4396904575148686e+109
1662,24,546,4.5021705622921633e+109
1665,24,547,5.8917639102298635e+109
1668,24,548,7.7088526550117106e+109
1671,24,549,1.0084523386209924e+110
1674,24,550,1.3189928449917568e+110
1677,24,551,1.7248492186579419e+110
1680,24,552,2.2551823880734594e+110
1683,24,553,2.948045943957357e+110
1686,24,554,3.8530892364463727e+110
1689,24,555,5.0350794950014023e+110
1692,24,556,6.5784903370704852e+110
1695,24,557,8.593478504248696e+110
1698,24,558,1.1223667487681742e+111
1701,24,559,1.4656282563325381e+111
1704,24,560,1.9135345333047203e+111
1707,24,561,2.497884842573278e+111
1710,24,562,3.2601107176299434e+111
1713,24,563,4.2541843841452481e+111
1716,24,564,5.5504025846298773e+111
1719,24,565,7.2403084611320295e+111
1722,24,566,9.4430927099936791e+111
1725,24,567,1.2313917204195258e+112
1728,24,568,1.6054736645914276e+112
1731,24,569,2.0928365587834443e+112
1734,24,570,2.7276761044989474e+112
1737,24,571,3.5544780065859316e+112
1740,24,572,4.6311046682997201e+112
1743,24,573,6.0328049061097124e+112
1746,24,574,7.8574218358621827e+112
1749,24,575,1.0232155849648798e+113
1752,24,576,1.3322345594542464e+113
1755,24,577,1.7342867233889759e+113
1758,24,578,2.2572930281507564e+113
1761,24,579,2.9375278931510622e+113
1764,24,580,3.8221106574887525e+113
1767,24,581,4.9722378161177472e+113
1770,24,582,6.4673756190043759e+113
1773,24,583,8.410697497806317e+113
1776,24,584,1.0936134785719786e+114
1779,24,585,1.4217517926879169e+114
1782,24,586,1.8480426089593352e+114
1785,24,587,2.4017545184372421e+114
1788,24,588,3.1208569868997095e+114
1791,24,589,4.0545989864775754e+114
1794,24,590,5.2668495056261038e+114
1797,24,591,6.8404243547047137e+114
1800,24,592,8.8826895878191879e+114
1803,24,593,1.1532817059268867e+115
1806,24,594,1.497117775796672e+115
1809,24,595,1.9431500885461171e+115
1812,24,596,2.5216610549130845e+115
1815,24,597,3.2718789544164538e+115
1818,24,598,4.2446126627640427e+115
1821,24,599,5.5056600113376421e+115
1824,24,600,7.140216255315761e+115
1827,24,601,9.2585752278842767e+115
1830,24,602,1.2003501093575343e+116
1833,24,603,1.5559758764942608e+116
1836,24,604,2.0166433207999356e+116
1839,24,605,2.6132851307794885e+116
1842,24,606,3.3859156650286141e+116
1845,24,607,4.3862892904095495e+116
1848,24,608,5.6813345306645279e+116
1851,24,609,7.3575897642316655e+116
1854,24,610,9.5269316988702241e+116
1857,24,611,1.2333972281930487e+117
1860,24,612,1.5965608542323324e+117
1863,24,613,2.0663350136821581e+117
1866,24,614,2.6739230144786118e+117
1869,24,615,3.4596337577654952e+117
1872,24,616,4.4755310142326278e+117
1875,24,617,5.7888512325498924e+117
1878,24,618,7.4864121682885349e+117
1881,24,619,9.6802987272136388e+117
1884,24,620,1.2515194955914752e+118
1887,24,621,1.6177837369811184e+118
1890,24,622,2.090920157972333e+118
1893,24,623,2.7020210201714301e+118
1896,24,624,3.4911976540157161e+118
1899,24,625,4.510188996139907e+118
1902,24,626,5.8257223774448031e+118
1905,24,627,7.5238428648723184e+118
1908,24,628,9.7154894755640637e+118
1911,24,629,1.2543676326426351e+119
1914,24,630,1.6192739309598609e+119
1917,24,631,2.0900240683993597e+119
1920,24,632,2.6972293379773245e+119
1923,24,633,3.4803284525073163e+119
1926,24,634,4.4901257457508458e+119
1929,24,635,5.7920570906837877e+119
1932,24,636,7.4703915751221786e+119
1935,24,637,9.6336362792344373e+119
1938,24,638,1.242148766036767e+120
1941,24,639,1.6013770846597681e+120
1944,24,640,2.0641933699402242e+120
1947,24,641,2.6603823686727978e+120
1950,24,642,3.4282682489068948e+120
1953,24,643,4.417155876223341e+120
1956,24,644,5.6904680166403926e+120
1959,24,645,7.3297762868730185e+120
1962,24,646,9.439979744913601e+120
1965,24,647,1.2155956934351257e+121
1968,24,648,1.5651109432328496e+121
1971,24,649,2.0148333224941426e+121
1974,24,650,2.593410587592898e+121
1977,24,651,3.3376571851404065e+121
1980,24,652,4.2948757535800863e+121
1983,24,653,5.5258366814568078e+121
1986,24,654,7.1086017308533515e+121
1989,24,655,9.1434301648307642e+121
1992,24,656,1.1759072984996767e+122
1995,24,657,1.5120846920767988e+122
1998,24,658,1.9440990000446914e+122
2001,24,659,2.4991941638489079e+122
2004,24,660,3.2123370841863593e+122
2007,24,661,4.1284007435692373e+122
2010,24,662,5.3049627280878161e+122
2013,24,663,6.8158921395824263e+122
2016,24,664,8.7559463829351272e+122
2019,24,665,1.124666136279264e+123
2022,24,666,1.4443898009210127e+123
2025,24,667,1.8547509601753507e+123
2028,24,668,2.3813724248846344e+123
2031,24,669,3.0571002988089156e+123
2034,24,670,3.9240346379151984e+123
2037,24,671,5.036129402967237e+123
2040,24,672,6.4625208661015755e+123
25,25,0,85680
28,25,1,2042100
31,25,2,26942454
34,25,3,257590098
37,25,4,1984474992
40,25,5,13033330557
43,25,6,75545156286
46,25,7,395571433419
49,25,8,1902617103972
52,25,9,8511333421347
55,25,10,35755690183290
58,25,11,142138319507557.75
61,25,12,538001120513919
64,25,13,1948843473891228
67,25,14,6784944233636448
70,25,15,22785655120231232
73,25,16,74040162683327104
76,25,17,2.3341358740333363e+17
79,25,18,7.1556789953719706e+17
82,25,19,2.1376220938917683e+18
85,25,20,6.2337935337412035e+18
88,25,21,1.7775184129378419e+19
91,25,22,4.9629579863341269e+19
94,25,23,1.3586039279567503e+20
97,25,24,3.6507072764916531e+20
100,25,25,9.6394332312601153e+20
103,25,26,2.5034170700078818e+21
106,25,27,6.4003324200232996e+21
109,25,28,1.6121583020609731e+22
112,25,29,4.003763339559841e+22
115,25,30,9.8102273212560569e+22
118,25,31,2.3730751038618906e+23
121,25,32,5.6704452092765474e+23
124,25,33,1.3391505663667351e+24
127,25,34,3.1272681898770786e+24
130,25,35,7.2248086999700508e+24
133,25,36,1.6519680908546709e+25
136,25,37,3.739963421336101e+25
139,25,38,8.386651707746283e+25
142,25,39,1.8634612340474243e+26
145,25,40,4.1040082324482902e+26
148,25,41,8.9616755155976527e+26
151,25,42,1.940852237699778e+27
154,25,43,4.170036545057224e+27
157,25,44,8.8909165141659463e+27
160,25,45,1.8815745502946348e+28
163,25,46,3.9533725985031439e+28
166,25,47,8.2486588133126333e+28
169,25,48,1.7094685047343601e+29
172,25,49,3.5195676472692385e+29
175,25,50,7.200322615294453e+29
178,25,51,1.4639592216886022e+30
181,25,52,2.9586704524691769e+30
184,25,53,5.944666470217927e+30
187,25,54,1.1876571222236987e+31
190,25,55,2.3596829893073058e+31
193,25,56,4.6631422206297085e+31
196,25,57,9.1669901568329033e+31
199,25,58,1.7929001247567382e+32
202,25,59,3.4891718959798432e+32
205,25,60,6.7573902084087571e+32
208,25,61,1.3024986198039466e+33
211,25,62,2.4990010064837464e+33
214,25,63,4.7730259820271368e+33
217,25,64,9.0762171388839243e+33
220,25,65,1.7184759078223285e+34
223,25,66,3.2400495850104067e+34
226,25,67,6.0837323589971345e+34
229,25,68,1.1377265755979333e+35
232,25,69,2.1193017227562588e+35
235,25,70,3.9325220087743273e+35
238,25,71,7.2695603432088083e+35
241,25,72,1.3388677151461471e+36
244,25,73,2.4569284542923763e+36
247,25,74,4.4926682582735391e+36
250,25,75,8.1866049061998713e+36
253,25,76,1.4866905887247076e+37
256,25,77,2.6908117937145196e+37
259,25,78,4.8542238628704312e+37
262,25,79,8.7288480842463888e+37
265,25,80,1.5646629541862897e+38
268,25,81,2.7959968179237697e+38
271,25,82,4.9811436495993329e+38
274,25,83,8.8475242503337279e+38
277,25,84,1.5668875773436525e+39
280,25,85,2.7669397254419954e+39
283,25,86,4.8722448374887899e+39
286,25,87,8.5555353807469271e+39
289,25,88,1.498216247980058e+40
292,25,89,2.6165618522840282e+40
295,25,90,4.5575990607818646e+40
298,25,91,7.9178765131901113e+40
301,25,92,1.3720413618234305e+41
304,25,93,2.3715344695018761e+41
307,25,94,4.0889598762737626e+41
310,25,95,7.0328990431481779e+41
313,25,96,1.2067312542617835e+42
316,25,97,2.0656535134986887e+42
319,25,98,3.5276932394275088e+42
322,25,99,6.0107111998881547e+42
325,25,100,1.0218273726339884e+43
328,25,101,1.7332466397383542e+43
331,25,102,2.9335166148705211e+43
334,25,103,4.954227349584582e+43
337,25,104,8.3490299628312685e+43
340,25,105,1.4040481620564956e+44
343,25,106,2.3562793162791918e+44
346,25,107,3.9462345796297074e+44
349,25,108,6.5957270778664414e+44
352,25,109,1.1002164084128864e+45
355,25,110,1.8316435362854459e+45
358,25,111,3.0434254691496051e+45
361,25,112,5.0472460266626333e+45
364,25,113,8.3546322953266288e+45
367,25,114,1.380358830713372e+46
370,25,115,2.2764543449328197e+46
373,25,116,3.7474724833676086e+46
376,25,117,6.1580126100554877e+46
379,25,118,1.010125066571181e+47
382,25,119,1.6540620955727507e+47
385,25,120,2.7038337831402727e+47
388,25,121,4.412339573041933e+47
391,25,122,7.1883244872267395e+47
394,25,123,1.169136153189157e+48
397,25,124,1.8984093592149309e+48
400,25,125,3.0775882421627313e+48
403,25,126,4.9812160419638683e+48
406,25,127,8.0495692017130392e+48
409,25,128,1.2987642190414461e+49
412,25,129,2.0922629952259285e+49
415,25,130,3.3654119163945954e+49
418,25,131,5.4051001394355056e+49
421,25,132,8.6680268158544178e+49
424,25,133,1.3880177411351462e+50
427,25,134,2.2193980757771862e+50
430,25,135,3.5436255613831314e+50
433,25,136,5.6498870457281545e+50
436,25,137,8.9953441764220227e+50
439,25,138,1.4301728272648752e+51
442,25,139,2.2706933956896302e+51
445,25,140,3.6002620326177233e+51
448,25,141,5.7006142265025614e+51
451,25,142,9.0142022930103697e+51
454,25,143,1.4234988605143569e+52
457,25,144,2.2450038388752795e+52
460,25,145,3.5360064947455392e+52
463,25,146,5.5622535658329182e+52
466,25,147,8.7384808380668239e+52
469,25,148,1.3711156460889538e+53
472,25,149,2.148674858673037e+53
475,25,150,3.3630332979020884e+53
478,25,151,5.2572759729124956e+53
481,25,152,8.2085175691898192e+53
484,25,153,1.2801125599040372e+54
487,25,154,1.9939583977031179e+54
490,25,155,3.1022264110301695e+54
493,25,156,4.8208678826622904e+54
496,25,157,7.4830062542139346e+54
499,25,158,1.1601946261215276e+55
502,25,159,1.7967766800995061e+55
505,25,160,2.779524091300057e+55
508,25,161,4.295011935705334e+55
511,25,162,6.6294932826811969e+55
514,25,163,1.0221689611331084e+56
517,25,164,1.5743298800870804e+56
520,25,165,2.422164960540579e+56
523,25,166,3.7226379247980254e+56
526,25,167,5.715327054334439e+56
529,25,168,8.7655391741767955e+56
532,25,169,1.3429734511519216e+57
535,25,170,2.0554711866476307e+57
538,25,171,3.1427830638405545e+57
541,25,172,4.8004314759322263e+57
544,25,173,7.3250866216320917e+57
547,25,174,1.1166461676291713e+58
550,25,175,1.7005616162004896e+58
553,25,176,2.5872997282623339e+58
556,25,177,3.9326223331688938e+58
559,25,178,5.971760295198447e+58
562,25,179,9.0596322853696333e+58
565,25,180,1.3731255728766755e+59
568,25,181,2.0792407428488176e+59
571,25,182,3.1455561622552308e+59
574,25,183,4.7543540609780221e+59
577,25,184,7.1794343395297671e+59
580,25,185,1.0831702942572039e+60
583,25,186,1.6327293269748404e+60
586,25,187,2.4589272337319071e+60
589,25,188,3.6999362524470201e+60
592,25,189,5.5624087174373744e+60
595,25,190,8.3551569729664147e+60
598,25,191,1.2539271985509204e+61
601,25,192,1.8802643721799033e+61
604,25,193,2.817067492615383e+61
607,25,194,4.2170635591381259e+61
610,25,195,6.3075453700416108e+61
613,25,196,9.426505127325213e+61
616,25,197,1.407614829876496e+62
619,25,198,2.1002086240461787e+62
622,25,199,3.131043947390161e+62
625,25,200,4.6640867803165396e+62
628,25,201,6.942204336509487e+62
631,25,202,1.0324856404865975e+63
634,25,203,1.5343661917198631e+63
637,25,204,2.278425736267532e+63
640,25,205,3.3806798484749069e+63
643,25,206,5.012321807489841e+63
646,25,207,7.4257782583654738e+63
649,25,208,1.0992981607505397e+64
652,25,209,1.6261546974481718e+64
655,25,210,2.4037171171162641e+64
658,25,211,3.550440817870109e+64
661,25,212,5.2403570466092625e+64
664,25,213,7.7289658077995287e+64
667,25,214,1.1391108900817083e+65
670,25,215,1.6776327996329649e+65
673,25,216,2.4689724949259942e+65
676,25,217,3.6309992614543753e+65
679,25,218,5.3361587008006961e+65
682,25,219,7.8365707776590564e+65
685,25,220,1.1500591683606783e+66
688,25,221,1.68660405965777e+66
691,25,222,2.4717636393658558e+66
694,25,223,3.6199582729364545e+66
697,25,224,5.2979149330370571e+66
700,25,225,7.7484195804664053e+66
703,25,226,1.1324784138257905e+67
706,25,227,1.6540829621399615e+67
709,25,228,2.4143324691162231e+67
712,25,229,3.5216902176792528e+67
715,25,230,5.1335920509851717e+67
718,25,231,7.4784139575759692e+67
721,25,232,1.0887229843872024e+68
724,25,233,1.5839694587400879e+68
727,25,234,2.3030294786604428e+68
730,25,235,3.346395079449025e+68
733,25,236,4.8593890892921274e+68
736,25,237,7.0520370468484943e+68
739,25,238,1.0227691791075746e+69
742,25,239,1.4824241597659328e+69
745,25,240,2.1473398948222761e+69
748,25,241,3.1085953435192055e+69
751,25,242,4.497428830839382e+69
754,25,243,6.5028347227604146e+69
757,25,244,9.3968225506851897e+69
760,25,245,1.3570654595537727e+70
763,25,246,1.9586804185082378e+70
766,25,247,2.8253412903776285e+70
769,25,248,4.0730929627633924e+70
772,25,249,5.8684756257663793e+70
775,25,250,8.4503628066139746e+70
778,25,251,1.2161186498096357e+71
781,25,252,1.7491560089504122e+71
784,25,253,2.5144013145986885e+71
787,25,254,3.612397451547119e+71
790,25,255,5.1869583555441049e+71
793,25,256,7.4436801156061282e+71
796,25,257,1.0676323850924943e+72
799,25,258,1.5304397993952966e+72
802,25,259,2.192666602805101e+72
805,25,260,3.1397288387556038e+72
808,25,261,4.4934116803532733e+72
811,25,262,6.4272638758537355e+72
814,25,263,9.1884703154026662e+72
817,25,264,1.3128912936055555e+73
820,25,265,1.8749257496523374e+73
823,25,266,2.6761497284178137e+73
826,25,267,3.8177636276441306e+73
829,25,268,5.4435373764787631e+73
832,25,269,7.7576140317686858e+73
835,25,270,1.1049716657595332e+74
838,25,271,1.573081949425247e+74
841,25,272,2.238360289199167e+74
844,25,273,3.1833784441797153e+74
847,25,274,4.5250915338152166e+74
850,25,275,6.4290744976455335e+74
853,25,276,9.1296200393651233e+74
856,25,277,1.2958097882886821e+75
859,25,278,1.8382952257275918e+75
862,25,279,2.6066087242370208e+75
865,25,280,3.6942317259415757e+75
868,25,281,5.2331265693272147e+75
871,25,282,7.4094890714559208e+75
874,25,283,1.0485914085426762e+76
877,25,284,1.4832570501051016e+76
880,25,285,2.0971027686082875e+76
883,25,286,2.9635839623911086e+76
886,25,287,4.1861042789730441e+76
889,25,288,5.9101592003125895e+76
892,25,289,8.3403770120522186e+76
895,25,290,1.1764421588772702e+77
898,25,291,1.6586505180566395e+77
901,25,292,2.3374354171018147e+77
904,25,293,3.2924999373662965e+77
907,25,294,4.6356895834046831e+77
910,25,295,6.5238853347689596e+77
913,25,296,9.1770409221616844e+77
916,25,297,1.2903405993224896e+78
919,25,298,1.813478288478368e+78
922,25,299,2.5475787339234925e+78
925,25,300,3.5772646376084855e+78
928,25,301,5.0209241414789788e+78
931,25,302,7.0441130063649387e+78
934,25,303,9.8782486570439943e+78
937,25,304,1.384667476389547e+79
940,25,305,1.9400987335700921e+79
943,25,306,2.7171641408125726e+79
946,25,307,3.8038423481697613e+79
949,25,308,5.3228548053584237e+79
952,25,309,7.4453151069587845e+79
955,25,310,1.0409713293437992e+80
958,25,311,1.4548309707615889e+80
961,25,312,2.0323815671745786e+80
964,25,313,2.8380349905459755e+80
967,25,314,3.9614198601976019e+80
970,25,315,5.5272036876206603e+80
973,25,316,7.7087215566381663e+80
976,25,317,1.0746879155361684e+81
979,25,318,1.4976361152218495e+81
982,25,319,2.0861954094179976e+81
985,25,320,2.9048867883179852e+81
988,25,321,4.0432424018055693e+81
991,25,322,5.6254527230416523e+81
994,25,323,7.8237163410978411e+81
997,25,324,1.087670647310512e+82
1000,25,325,1.5115105704384846e+82
1003,25,326,2.0996901131380007e+82
1006,25,327,2.9156152491504695e+82
1009,25,328,4.0470351163067875e+82
1012,25,329,5.6153422582532636e+82
1015,25,330,7.7884087107208536e+82
1018,25,331,1.079829571354077e+83
1021,25,332,1.4965678540420438e+83
1024,25,333,2.0733520401900502e+83
1027,25,334,2.8713480986158113e+83
1030,25,335,3.9749852478466116e+83
1033,25,336,5.5007611145412134e+83
1036,25,337,7.6093637066854126e+83
1039,25,338,1.0522353666282363e+84
1042,25,339,1.4545114230652137e+84
1045,25,340,2.0098412596339348e+84
1048,25,341,2.776178863115532e+84
1051,25,342,3.8333182235180407e+84
1054,25,343,5.2910848238917456e+84
1057,25,344,7.3005850390287004e+84
1060,25,345,1.0069649626033854e+85
1063,25,346,1.3884027678365448e+85
1066,25,347,1.913646228038644e+85
1069,25,348,2.6366565316365602e+85
1072,25,349,3.631548380447295e+85
1075,25,350,5.000081926597661e+85
1078,25,351,6.8819268921217203e+85
1081,25,352,9.4687199147515652e+85
1084,25,353,1.3023310507873705e+86
1087,25,354,1.7906101987037223e+86
1090,25,355,2.4611090933861041e+86
1093,25,356,3.3815159825563398e+86
1096,25,357,4.6445474353895975e+86
1099,25,358,6.3771604882175488e+86
1102,25,359,8.75314007525055e+86
1105,25,360,1.2010292836530617e+87
1108,25,361,1.6473925398920582e+87
1111,25,362,2.25888938076041e+87
1114,25,363,3.0963339089470289e+87
1117,25,364,4.2428350933233877e+87
1120,25,365,5.8119334410279033e+87
1123,25,366,7.958693910263067e+87
1126,25,367,1.0894824348686912e+88
1129,25,368,1.4909273792434283e+88
1132,25,369,2.0396288055940225e+88
1135,25,370,2.7893610456683143e+88
1138,25,371,3.813448003533569e+88
1141,25,372,5.2118388742997228e+88
1144,25,373,7.1207335346981184e+88
1147,25,374,9.7256723248144508e+88
1150,25,375,1.3279331671184837e+89
1153,25,376,1.8125709931267084e+89
1156,25,377,2.473298811396618e+89
1159,25,378,3.3738163403707573e+89
1162,25,379,4.6007654940934533e+89
1165,25,380,6.2719572815726959e+89
1168,25,381,8.5475360190421974e+89
1171,25,382,1.1645125060839573e+90
1174,25,383,1.5860367872382364e+90
1177,25,384,2.1594778160999023e+90
1180,25,385,2.9393488667751453e+90
1183,25,386,3.9996401805514269e+90
1186,25,387,5.4407479842279029e+90
1189,25,388,7.3988580038718012e+90
1192,25,389,1.0058649242174965e+91
1195,25,390,1.3670487875366844e+91
1198,25,391,1.8573691569140734e+91
1201,25,392,2.5227998355298816e+91
1204,25,393,3.4256121342049547e+91
1207,25,394,4.6501278125465235e+91
1210,25,395,6.3104942253060052e+91
1213,25,396,8.5611895147792471e+91
1216,25,397,1.1611212424476468e+92
1219,25,398,1.5743243691211205e+92
1222,25,399,2.133951361019741e+92
1225,25,400,2.8916713060454454e+92
1228,25,401,3.9173096514724186e+92
1231,25,402,5.3052017201703716e+92
1234,25,403,7.1827603166085017e+92
1237,25,404,9.7220258102145723e+92
1240,25,405,1.3155232652740715e+93
1243,25,406,1.7795783265813566e+93
1246,25,407,2.4066499960678158e+93
1249,25,408,3.2537670058371568e+93
1252,25,409,4.3978265036602599e+93
1255,25,410,5.9424876916219267e+93
1258,25,411,8.0274475517768209e+93
1261,25,412,1.0840918441134811e+94
1264,25,413,1.4636408320920717e+94
1267,25,414,1.9755281287363838e+94
1270,25,415,2.6657081506446385e+94
1273,25,416,3.5960281280432824e+94
1276,25,417,4.8497022217248773e+94
1279,25,418,6.538663550736906e+94
1282,25,419,8.8134357706226099e+94
1285,25,420,1.187638420071489e+95
1288,25,421,1.5999498873330323e+95
1291,25,422,2.154825325585775e+95
1294,25,423,2.9013606172568495e+95
1297,25,424,3.9054915236786399e+95
1300,25,425,5.2557467480061741e+95
1303,25,426,7.0709586397551841e+95
1306,25,427,9.5105950528198678e+95
1309,25,428,1.2788599871713026e+96
1312,25,429,1.719192905099745e+96
1315,25,430,2.3105368903793279e+96
1318,25,431,3.1044757477190794e+96
1321,25,432,4.1701443037125076e+96
1324,25,433,5.6001765761892514e+96
1327,25,434,7.5186619428298297e+96
1330,25,435,1.0091784536946611e+97
1333,25,436,1.3542047276982889e+97
1336,25,437,1.8167283584581172e+97
1339,25,438,2.4366062049990254e+97
1342,25,439,3.2671625454842237e+97
1345,25,440,4.3797220099438723e+97
1348,25,441,5.8696623429262091e+97
1351,25,442,7.8644946160878569e+97
1354,25,443,1.0534647406066442e+98
1357,25,444,1.4107856329130447e+98
1360,25,445,1.8888359665472545e+98
1363,25,446,2.5282499178125671e+98
1366,25,447,3.3832855271713842e+98
1369,25,448,4.5263750699807713e+98
1372,25,449,6.0541894692374785e+98
1375,25,450,8.0957186081697996e+98
1378,25,451,1.0823035123381522e+99
1381,25,452,1.4465629500983766e+99
1384,25,453,1.9329496928141941e+99
1387,25,454,2.5822545072417703e+99
1390,25,455,3.4488408208681593e+99
1393,25,456,4.6051438568058689e+99
1396,25,457,6.1476555701205812e+99
1399,25,458,8.2048842259834612e+99
1402,25,459,1.0947937694083051e+100
1405,25,460,1.4604592095257064e+100
1408,25,461,1.9477989351112197e+100
1411,25,462,2.5971480999775615e+100
1414,25,463,3.4621631197725698e+100
1417,25,464,4.6142048633595148e+100
1420,25,465,6.1481587409810925e+100
1423,25,466,8.1901609966668672e+100
1426,25,467,1.0907853231184251e+101
1429,25,468,1.4523989415753272e+101
1432,25,469,1.9334487401318794e+101
1435,25,470,2.5732371327668789e+101
1438,25,471,3.4239520334443679e+101
1441,25,472,4.554875949502188e+101
1444,25,473,6.057964970991494e+101
1447,25,474,8.055241882715825e+101
1450,25,475,1.070859115717134e+102
1453,25,476,1.4232733325987352e+102
1456,25,477,1.8912406998014008e+102
1459,25,478,2.5125118154674706e+102
1462,25,479,3.3371254114322598e+102
1465,25,480,4.4313937760606416e+102
1468,25,481,5.8831761169581688e+102
1471,25,482,7.8088545843158227e+102
1474,25,483,1.0362560739864456e+103
1477,25,484,1.3748375862575855e+103
1480,25,485,1.8236460183667642e+103
1483,25,486,2.418437179448791e+103
1486,25,487,3.2065239091977306e+103
1489,25,488,4.2504982187627311e+103
1492,25,489,5.6331479488479982e+103
1495,25,490,7.4639499343403281e+103
1498,25,491,9.8876433885254385e+103
1501,25,492,1.3095547595560825e+104
1504,25,493,1.7340499257986377e+104
1507,25,494,2.2956563073494715e+104
1510,25,495,3.0385035467375353e+104
1513,25,496,4.0208743699911362e+104
1516,25,497,5.3197277364208782e+104
1519,25,498,7.0366624646241073e+104
1522,25,499,9.305778478126047e+104
1525,25,500,1.2304037386563949e+105
1528,25,501,1.6264914253944746e+105
1531,25,502,2.1496382414045392e+105
1534,25,503,2.8404601863320359e+105
1537,25,504,3.7525113758518301e+105
1540,25,505,4.9563911241388334e+105
1543,25,506,6.5451502685985171e+105
1546,25,507,8.6414063246319764e+105
1549,25,508,1.140670573789418e+106
1552,25,509,1.505384046986948e+106
1555,25,510,1.9863047981101448e+106
1558,25,511,2.6203314845241818e+106
1561,25,512,3.4560386337504009e+106
1564,25,513,4.5573585701007714e+106
1567,25,514,6.0084204492902442e+106
1570,25,515,7.9199088035622693e+106
1573,25,516,1.0437417118102879e+107
1576,25,517,1.3752420266602015e+107
1579,25,518,1.8116684039352222e+107
1582,25,519,2.3861184781728693e+107
1585,25,520,3.1420946014549605e+107
1588,25,521,4.1367636285705187e+107
1591,25,522,5.4452345399947102e+107
1594,25,523,7.1661706439558069e+107
1597,25,524,9.4291513352187116e+107
1600,25,525,1.2404326991015235e+108
1603,25,526,1.6315078907928095e+108
1606,25,527,2.1454616457054306e+108
1609,25,528,2.820773183680543e+108
1612,25,529,3.7079309812490621e+108
1615,25,530,4.8731682925904714e+108
1618,25,531,6.4033567458274305e+108
1621,25,532,8.4124158461763704e+108
1624,25,533,1.1049706417250674e+109
1627,25,534,1.4511020038080252e+109
1630,25,535,1.9052964734204333e+109
1633,25,536,2.5011793061876694e+109
1636,25,537,3.282803990442533e+109
1639,25,538,4.3078756763665632e+109
1642,25,539,5.6519677054849908e+109
1645,25,540,7.4140361992038112e+109
1648,25,541,9.7236310049446914e+109
1651,25,542,1.2750323114048017e+110
1654,25,543,1.6716027616315058e+110
1657,25,544,2.1911108625482992e+110
1660,25,545,2.8715423099005881e+110
1663,25,546,3.7625813236380644e+110
1666,25,547,4.9292017112981353e+110
1669,25,548,6.4563566873086163e+110
1672,25,549,8.4551025453308369e+110
1675,25,550,1.1070593148521807e+111
1678,25,551,1.4492514937973926e+111
1681,25,552,1.8968705086144256e+111
1684,25,553,2.4822920670641133e+111
1687,25,554,3.2478020093830768e+111
1690,25,555,4.2486199951244713e+111
1693,25,556,5.5568427844845002e+111
1696,25,557,7.2665858951330666e+111
1699,25,558,9.5006866601867713e+111
1702,25,559,1.2419441334459833e+112
1705,25,560,1.6231991514690561e+112
1708,25,561,2.121116065559204e+112
1711,25,562,2.7712782740455992e+112
1714,25,563,3.6200878908288322e+112
1717,25,564,4.7280445747673859e+112
1720,25,565,6.1740149211228088e+112
1723,25,566,8.0607907260737362e+112
1726,25,567,1.0522323989542319e+113
1729,25,568,1.3733142876081585e+113
1732,25,569,1.7920604003473833e+113
1735,25,570,2.3380832746731653e+113
1738,25,571,3.0499458187498733e+113
1741,25,572,3.9778580356111734e+113
1744,25,573,5.1871837137351131e+113
1747,25,574,6.7629995982016694e+113
1750,25,575,8.8160219421393928e+113
1753,25,576,1.1490309262413878e+114
1756,25,577,1.4973271974888496e+114
1759,25,578,1.9508677642319493e+114
1762,25,579,2.5413545556102457e+114
1765,25,580,3.3100090183112329e+114
1768,25,581,4.3104217633790466e+114
1771,25,582,5.6122526040449395e+114
1774,25,583,7.3060339741756691e+114
1777,25,584,9.5094057489924949e+114
1780,25,585,1.2375206706875937e+115
1783,25,586,1.6101973812352665e+115
1786,25,587,2.0947563627345305e+115
1789,25,588,2.7246821415866296e+115
1792,25,589,3.5434497055282081e+115
1795,25,590,4.6074961014700985e+115
1798,25,591,5.9900732084439383e+115
1801,25,592,7.7862421850765164e+115
1804,25,593,1.0119346867425978e+116
1807,25,594,1.3149402729006417e+116
1810,25,595,1.7083966519334728e+116
1813,25,596,2.21922179086138e+116
1816,25,597,2.8823199416671273e+116
1819,25,598,3.742943884076897e+116
1822,25,599,4.8597537723429086e+116
1825,25,600,6.3087773876493022e+116
1828,25,601,8.1885366284547006e+116
1831,25,602,1.0626682644255611e+117
1834,25,603,1.3788582246684154e+117
1837,25,604,1.7888427709948898e+117
1840,25,605,2.3203609313426172e+117
1843,25,606,3.0093305960953409e+117
1846,25,607,3.9022528099424437e+117
1849,25,608,5.0593207218721442e+117
1852,25,609,6.5584391004032565e+117
1855,25,610,8.5004203096727278e+117
1858,25,611,1.1015700056287151e+118
1861,25,612,1.4273016102285778e+118
1864,25,613,1.8490622001375767e+118
1867,25,614,2.3950774133490209e+118
1870,25,615,3.1018444685230007e+118
1873,25,616,4.0165489659244371e+118
1876,25,617,5.2001857411185071e+118
1879,25,618,6.7315882677798789e+118
1882,25,619,8.7126303286210549e+118
1885,25,620,1.1274939996504356e+119
1888,25,621,1.4588564314888875e+119
1891,25,622,1.8873149775258551e+119
1894,25,623,2.4412366912362385e+119
1897,25,624,3.1572517570399984e+119
1900,25,625,4.0826534131981033e+119
1903,25,626,5.2784928613113857e+119
1906,25,627,6.8235698340758236e+119
1909,25,628,8.8195772668318225e+119
1912,25,629,1.1397732877152032e+120
1915,25,630,1.4727326147636344e+120
1918,25,631,1.9026732332391545e+120
1921,25,632,2.4577603509982036e+120
1924,25,633,3.1743150463651469e+120
1927,25,634,4.0991691230884828e+120
1930,25,635,5.2926979168213246e+120
1933,25,636,6.8327256687367109e+120
1936,25,637,8.8195537884652734e+120
1939,25,638,1.1382433934511575e+121
1942,25,639,1.4687899871305863e+121
1945,25,640,1.8950490326475059e+121
1948,25,641,2.4446547027436734e+121
1951,25,642,3.1531967312958614e+121
1954,25,643,4.0665041473746862e+121
1957,25,644,5.2435827035161189e+121
1960,25,645,6.760392576928555e+121
1963,25,646,8.7147060244795472e+121
1966,25,647,1.1232352845155639e+122
1969,25,648,1.4475249011488097e+122
1972,25,649,1.8651716144014401e+122
1975,25,650,2.4029743629739857e+122
1978,25,651,3.095403011407024e+122
1981,25,652,3.9867878345237058e+122
1984,25,653,5.1341321678551466e+122
1987,25,654,6.6107250872730913e+122
1990,25,655,8.5107810359775096e+122
1993,25,656,1.0955397498222601e+123
1996,25,657,1.4100204103230498e+123
1999,25,658,1.814518201954918e+123
2002,25,659,2.3347267690518402e+123
2005,25,660,3.0036528211821928e+123
2008,25,661,3.8636917646673596e+123
2011,25,662,4.9692907990980715e+123
2014,25,663,6.3903652842163194e+123
2017,25,664,8.2166808487997172e+123
2020,25,665,1.0563473477512775e+124
2023,25,666,1.3578656339607384e+124
2026,25,667,1.7452060105079543e+124
2029,25,668,2.242727892524264e+124
2032,25,669,2.8816854807257065e+124
2035,25,670,3.7021738589423917e+124
2038,25,671,4.755622866607183e+124
26,26,0,113823
29,26,1,2780460
32,26,2,37501719
35,26,3,366169842
38,26,4,2878264773
41,26,5,19272630270
44,26,6,113811545121
47,26,7,606763472292
50,26,8,2969614287153
53,26,9,13510061613438
56,26,10,57688334188286
59,26,11,232982405028844
62,26,12,895494458331730
65,26,13,3292568402213776
68,26,14,11630632640534112
71,26,15,39614008392797952
74,26,16,1.305043556274089e+17
77,26,17,4.16968049396352e+17
80,26,18,1.2950989902421606e+18
83,26,19,3.9185216363354276e+18
86,26,20,1.1570534275337945e+19
89,26,21,3.3396543780227711e+19
92,26,22,9.4361968478441964e+19
95,26,23,2.6134020161393708e+20
98,26,24,7.1029764036942103e+20
101,26,25,1.896542712921334e+21
104,26,26,4.9795979939637992e+21
107,26,27,1.2868260950726911e+22
110,26,28,3.2756044100497849e+22
113,26,29,8.2192541614162041e+22
116,26,30,2.0344197252927731e+23
119,26,31,4.9703947672401515e+23
122,26,32,1.1993278891585586e+24
125,26,33,2.8596828406913786e+24
128,26,34,6.7414027642811839e+24
131,26,35,1.571953629274872e+25
134,26,36,3.6272476799215957e+25
137,26,37,8.2859310439591224e+25
140,26,38,1.8745600263449359e+26
143,26,39,4.2015382233294204e+26
146,26,40,9.3328817405410393e+26
149,26,41,2.0552305904534987e+27
152,26,42,4.488214337238537e+27
155,26,43,9.72251002784821e+27
158,26,44,2.0897374908596316e+28
161,26,45,4.4578356784491059e+28
164,26,46,9.4401741743275186e+28
167,26,47,1.9849923132151129e+29
170,26,48,4.1452883073446182e+29
173,26,49,8.5991849254629476e+29
176,26,50,1.7723588512681964e+30
179,26,51,3.6301031958899523e+30
182,26,52,7.389865682996822e+30
185,26,53,1.4954714926129583e+31
188,26,54,3.0089445068711696e+31
191,26,55,6.0202144316567728e+31
194,26,56,1.1979421464335788e+32
197,26,57,2.371086662896999e+32
200,26,58,4.6688046884494478e+32
203,26,59,9.1467588213097197e+32
206,26,60,1.7831432310923751e+33
209,26,61,3.4595114038120852e+33
212,26,62,6.68040565272394e+33
215,26,63,1.2840989196628692e+34
218,26,64,2.4572418622373818e+34
221,26,65,4.6816135732969034e+34
224,26,66,8.8814577100666691e+34
227,26,67,1.6778579749001902e+35
230,26,68,3.1568077102639819e+35
233,26,69,5.9156348989932644e+35
236,26,70,1.1042104737230663e+36
239,26,71,2.0532191626661928e+36
242,26,72,3.8035239953168841e+36
245,26,73,7.0200096636267174e+36
248,26,74,1.2909878044066012e+37
251,26,75,2.3657593848454853e+37
254,26,76,4.3202921507255678e+37
257,26,77,7.862830552550006e+37
260,26,78,1.4262517569475181e+38
263,26,79,2.578649287673096e+38
266,26,80,4.6472246544635601e+38
269,26,81,8.348838055165758e+38
272,26,82,1.4952516578748783e+39
275,26,83,2.6698237717470022e+39
278,26,84,4.7528531340616923e+39
281,26,85,8.4363085238245114e+39
284,26,86,1.4931343337123837e+40
287,26,87,2.6352095538264461e+40
290,26,88,4.6379082127493825e+40
293,26,89,8.1402951403867492e+40
296,26,90,1.4249147836041074e+41
299,26,91,2.4876401900137145e+41
302,26,92,4.3316647994335175e+41
305,26,93,7.5233089908758096e+41
308,26,94,1.3033691303954615e+42
311,26,95,2.2524111476144675e+42
314,26,96,3.8829911100953025e+42
317,26,97,6.677900902553179e+42
320,26,98,1.1457353925294198e+43
323,26,99,1.9611689652488179e+43
326,26,100,3.3492469590129636e+43
329,26,101,5.7068385561594617e+43
332,26,102,9.7022994674585912e+43
335,26,103,1.6458812846634551e+44
338,26,104,2.7859980894091228e+44
341,26,105,4.7058166736241783e+44
344,26,106,7.9318440783028902e+44
347,26,107,1.334169762708523e+45
350,26,108,2.239537153919894e+45
353,26,109,3.751698319330755e+45
356,26,110,6.2723738260894895e+45
359,26,111,1.04660308042932e+46
362,26,112,1.7429684854543965e+46
365,26,113,2.897114515714153e+46
368,26,114,4.8064153377959181e+46
371,26,115,7.9591576745963358e+46
374,26,116,1.3155687128891043e+47
377,26,117,2.1705550167881046e+47
380,26,118,3.5747765057449532e+47
383,26,119,5.8770260763073503e+47
386,26,120,9.6450959834310946e+47
389,26,121,1.5801746607097769e+48
392,26,122,2.5844160725137162e+48
395,26,123,4.2197583818092598e+48
398,26,124,6.8784308587871382e+48
401,26,125,1.1193772107193911e+49
404,26,126,1.8186843089487144e+49
407,26,127,2.9501239766148619e+49
410,26,128,4.7778603850247053e+49
413,26,129,7.7258251859699314e+49
416,26,130,1.2473328888748402e+50
419,26,131,2.0107294350575056e+50
422,26,132,3.2364299223536961e+50
425,26,133,5.201486712421492e+50
428,26,134,8.3472756907023432e+50
431,26,135,1.3375965207116519e+51
434,26,136,2.1403047319302974e+51
437,26,137,3.419818620619934e+51
440,26,138,5.4565012685890512e+51
443,26,139,8.6939232263254141e+51
446,26,140,1.3832930678699097e+52
449,26,141,2.1979400959049538e+52
452,26,142,3.4876029255865906e+52
455,26,143,5.526547595607915e+52
458,26,144,8.7458607364279956e+52
461,26,145,1.3822255606040516e+53
464,26,146,2.1816689791738096e+53
467,26,147,3.4390470956921661e+53
470,26,148,5.4141761122335829e+53
473,26,149,8.5128932037247089e+53
476,26,150,1.3368356352739437e+54
479,26,151,2.0967190649087235e+54
482,26,152,3.2844992516182412e+54
485,26,153,5.1388978817395759e+54
488,26,154,8.0305968698800763e+54
491,26,155,1.2534520273307131e+55
494,26,156,1.9541352536953925e+55
497,26,157,3.0429401486214938e+55
500,26,158,4.7329170055967456e+55
503,26,159,7.3530205530898355e+55
506,26,160,1.1410606629368762e+56
509,26,161,1.7687332024953369e+56
512,26,162,2.7386155603110354e+56
515,26,163,4.2356435083419765e+56
518,26,164,6.5438251512574007e+56
521,26,165,1.0098857243243043e+57
524,26,166,1.5568446518832124e+57
527,26,167,2.3974800395947435e+57
530,26,168,3.6881239575949757e+57
533,26,169,5.6676217554352751e+57
536,26,170,8.7005166196355716e+57
539,26,171,1.3342646807114787e+58
542,26,172,2.0440691442425922e+58
545,26,173,3.1283089632048557e+58
548,26,174,4.782862823141719e+58
551,26,175,7.3052343465350328e+58
554,26,176,1.1146845445815043e+59
557,26,177,1.6992020123123393e+59
560,26,178,2.587717191522994e+59
563,26,179,3.9370495262220876e+59
566,26,180,5.9842630049504209e+59
569,26,181,9.087399136043824e+59
572,26,182,1.37867225140601e+60
575,26,183,2.0896727640293643e+60
578,26,184,3.164423625428923e+60
581,26,185,4.7875494165832942e+60
584,26,186,7.2366475344195663e+60
587,26,187,1.0928742965278111e+61
590,26,188,1.6489775497408129e+61
593,26,189,2.4858451510049421e+61
596,26,190,3.7441325633155794e+61
599,26,191,5.6344192056365286e+61
602,26,192,8.4717050720044286e+61
605,26,193,1.2726797537132251e+62
608,26,194,1.9102796128960521e+62
611,26,195,2.8648841963637953e+62
614,26,196,4.2929152899617902e+62
617,26,197,6.4274016133434087e+62
620,26,198,9.615218283705653e+62
623,26,199,1.4372295458241861e+63
626,26,200,2.1465403462341265e+63
629,26,201,3.2033214743044498e+63
632,26,202,4.7765368372633048e+63
635,26,203,7.1167126328353441e+63
638,26,204,1.0595023971214879e+64
641,26,205,1.5760978114080572e+64
644,26,206,2.3427479102742115e+64
647,26,207,3.4796178965211249e+64
650,26,208,5.1642060174204345e+64
653,26,209,7.658504013569275e+64
656,26,210,1.134893364361971e+65
659,26,211,1.6805027017966819e+65
662,26,212,2.4865586660727012e+65
665,26,213,3.6765104603241195e+65
668,26,214,5.4319121810845824e+65
671,26,215,8.0195818379960537e+65
674,26,216,1.1831367449800338e+66
677,26,217,1.7442332347259364e+66
680,26,218,2.5695833143447541e+66
683,26,219,3.7827835552911217e+66
686,26,220,5.5648442165676101e+66
689,26,221,8.1806784612079262e+66
692,26,222,1.2017730727705426e+67
695,26,223,1.7642270045980697e+67
698,26,224,2.5881372749395391e+67
701,26,225,3.7942240098555579e+67
704,26,226,5.5585740683542541e+67
707,26,227,8.1378658067336494e+67
710,26,228,1.1906010382713695e+68
713,26,229,1.7407342833222673e+68
716,26,230,2.5433789226244198e+68
719,26,231,3.7136746980165707e+68
722,26,232,5.4189192764718662e+68
725,26,233,7.9020421701721672e+68
728,26,234,1.1515575060734927e+69
731,26,235,1.6770781945100059e+69
734,26,236,2.4408671234357614e+69
737,26,237,3.5502573747808572e+69
740,26,238,5.1606229128879836e+69
743,26,239,7.4967442783082748e+69
746,26,240,1.0883616417934621e+70
749,26,241,1.5790845223852089e+70
752,26,242,2.2896588993747083e+70
755,26,243,3.3179595536202501e+70
758,26,244,4.8051603340923674e+70
761,26,245,6.9547699374235209e+70
764,26,246,1.0059984655660999e+71
767,26,247,1.4542969524307628e+71
770,26,248,2.1011237891479234e+71
773,26,249,3.0338526575557443e+71
776,26,250,4.3780744531471443e+71
779,26,251,6.3142113159474001e+71
782,26,252,9.1013093619901701e+71
785,26,253,1.3111093222540759e+72
788,26,254,1.8876681693607407e+72
791,26,255,2.7162238538353296e+72
794,26,256,3.9062501393268378e+72
797,26,257,5.6144929242143316e+72
800,26,258,8.0652609489246084e+72
803,26,259,1.1579374201913882e+73
806,26,260,1.6615442318311719e+73
809,26,261,2.3828693791192965e+73
812,26,262,3.415477451581735e+73
815,26,263,4.8929051634820557e+73
818,26,264,7.0056378543255106e+73
821,26,265,1.0025254026475586e+74
824,26,266,1.4338746969023439e+74
827,26,267,2.0497288405447366e+74
830,26,268,2.9285476162688047e+74
833,26,269,4.1819621139585607e+74
836,26,270,5.9687181632469722e+74
839,26,271,8.5144472866591445e+74
842,26,272,1.2139686872580179e+75
845,26,273,1.7299571944712392e+75
848,26,274,2.4640032751211618e+75
851,26,275,3.507732341433888e+75
854,26,276,4.9910513336404264e+75
857,26,277,7.0980527064013201e+75
860,26,278,1.0089488650276531e+76
863,26,279,1.4334514708620053e+76
866,26,280,2.0355504666782245e+76
869,26,281,2.8891289331203798e+76
872,26,282,4.0986351611858899e+76
875,26,283,5.8116572956316764e+76
878,26,284,8.2366427268550527e+76
881,26,285,1.166785560610031e+77
884,26,286,1.6520513005079921e+77
887,26,287,2.3380228354111185e+77
890,26,288,3.3072556370163126e+77
893,26,289,4.6760767573866904e+77
896,26,290,6.6083249418919688e+77
899,26,291,9.3346507622842165e+77
902,26,292,1.3179614580264879e+78
905,26,293,1.8599716020786544e+78
908,26,294,2.6236741245409635e+78
911,26,295,3.6992564975521966e+78
914,26,296,5.2133989910222441e+78
917,26,297,7.3439621402491576e+78
920,26,298,1.0340554232817625e+79
923,26,299,1.4553320431601892e+79
926,26,300,2.0473222773032669e+79
929,26,301,2.8788373461981196e+79
932,26,302,4.0462785939907001e+79
935,26,303,5.6846418342463014e+79
938,26,304,7.9828878979345128e+79
941,26,305,1.1205402780460343e+80
944,26,306,1.5721947523552957e+80
947,26,307,2.2049439084451128e+80
950,26,308,3.0910211694556707e+80
953,26,309,4.3313226085053755e+80
956,26,310,6.0667218973538598e+80
959,26,311,8.4938291045012179e+80
962,26,312,1.1886929739292104e+81
965,26,313,1.6628515484921943e+81
968,26,314,2.3251754220935455e+81
971,26,315,3.2499544697773166e+81
974,26,316,4.5406599570249966e+81
977,26,317,6.3413491547408927e+81
980,26,318,8.8525046675502247e+81
983,26,319,1.2353024298976175e+82
986,26,320,1.7230737839411385e+82
989,26,321,2.4024740771842859e+82
992,26,322,3.348409800556939e+82
995,26,323,4.6649216418880232e+82
998,26,324,6.4964596669150553e+82
1001,26,325,9.0435005265057765e+82
1004,26,326,1.2584170567509517e+83
1007,26,327,1.7504173210049201e+83
1010,26,328,2.4338194210725582e+83
1013,26,329,3.3827165384168751e+83
1016,26,330,4.6997431100136875e+83
1019,26,331,6.5270154460263919e+83
1022,26,332,9.0612458025416878e+83
1025,26,333,1.2574614240379794e+84
1028,26,334,1.7443581155146245e+84
1031,26,335,2.418864696806236e+84
1034,26,336,3.352919833568455e+84
1037,26,337,4.6459137947712579e+84
1040,26,338,6.4351136102655196e+84
1043,26,339,8.9100284255587849e+84
1046,26,340,1.233219717760683e+85
1049,26,341,1.7062435587663642e+85
1052,26,342,2.3598341093384643e+85
1055,26,343,3.2625899402268523e+85
1058,26,344,4.50904698263583e+85
1061,26,345,6.2294392147254542e+85
1064,26,346,8.6031152061661099e+85
1067,26,347,1.1876973417971069e+86
1070,26,348,1.6390784877247384e+86
1073,26,349,2.2611964355671219e+86
1076,26,350,3.1183299148655054e+86
1079,26,351,4.2988441781558651e+86
1082,26,352,5.9241747549362715e+86
1085,26,353,8.1611464577899963e+86
1088,26,354,1.1238860168476714e+87
1091,26,355,1.5471833321870619e+87
1094,26,356,2.1291699417451866e+87
1097,26,357,2.9290617839540939e+87
1100,26,358,4.0280700236970611e+87
1103,26,359,5.537533607324832e+87
1106,26,360,7.6100450760121702e+87
1109,26,361,1.0454666342520895e+88
1112,26,362,1.4357731149081678e+88
1115,26,363,1.9711276183149443e+88
1118,26,364,2.7051885837727063e+88
1121,26,365,3.7113747763192228e+88
1124,26,366,5.0901094732444278e+88
1127,26,367,6.9787084846737402e+88
1130,26,368,9.564872596596555e+88
1133,26,369,1.3105092487751985e+89
1136,26,370,1.7949746763567654e+89
1139,26,371,2.4577316334478743e+89
1142,26,372,3.3641011820655944e+89
1145,26,373,4.6032297576184017e+89
1148,26,374,6.2967408290475037e+89
1151,26,375,8.6105143787125179e+89
1154,26,376,1.1770720039422861e+90
1157,26,377,1.6085633195741227e+90
1160,26,378,2.19753107903363e+90
1163,26,379,3.0011946122171655e+90
1166,26,380,4.0974728819969767e+90
1169,26,381,5.5924401129712346e+90
1172,26,382,7.6304551447017635e+90
1175,26,383,1.040791921348981e+91
1178,26,384,1.4191956296155876e+91
1181,26,385,1.9345769740861073e+91
1184,26,386,2.6363051021540206e+91
1187,26,387,3.5914658309461406e+91
1190,26,388,4.8911921448649462e+91
1193,26,389,6.6592470211706133e+91
1196,26,390,9.0636565272288605e+91
1199,26,391,1.233247262642572e+92
1202,26,392,1.6775125507683897e+92
1205,26,393,2.281133910667847e+92
1208,26,394,3.1010277456079045e+92
1211,26,395,4.2143526457206227e+92
1214,26,396,5.7256780330502617e+92
1217,26,397,7.7766808520188469e+92
1220,26,398,1.0559258093273083e+93
1223,26,399,1.4333253408166078e+93
1226,26,400,1.9450414664229283e+93
1229,26,401,2.6386763508473898e+93
1232,26,402,3.5786318296809576e+93
1235,26,403,4.8520135973305233e+93
1238,26,404,6.5766017890361543e+93
1241,26,405,8.9116081815436955e+93
1244,26,406,1.2072190232817499e+94
1247,26,407,1.6349028597161455e+94
1250,26,408,2.213472734108313e+94
1253,26,409,2.9959404801310859e+94
1256,26,410,4.05386615084353e+94
1259,26,411,5.4838211843541697e+94
1262,26,412,7.4160944700368749e+94
1265,26,413,1.0026416498590466e+95
1268,26,414,1.3551743610324089e+95
1271,26,415,1.8311502664403801e+95
1274,26,416,2.473617747299907e+95
1277,26,417,3.3405763935780351e+95
1280,26,418,4.510148705180455e+95
1283,26,419,6.0875334988738109e+95
1286,26,420,8.2143523735414272e+95
1289,26,421,1.1081209519990202e+96
1292,26,422,1.4944565215640984e+96
1295,26,423,2.0149398631875935e+96
1298,26,424,2.7159638359734399e+96
1301,26,425,3.6599012466399852e+96
1304,26,426,4.9305871610306971e+96
1307,26,427,6.6406745865973321e+96
1310,26,428,8.9415011476283202e+96
1313,26,429,1.2036320541848197e+97
1316,26,430,1.6198041731889956e+97
1319,26,431,2.1793005541934014e+97
1322,26,432,2.9312845381278888e+97
1325,26,433,3.9417169957455259e+97
1328,26,434,5.2990729460059239e+97
1331,26,435,7.1219960687930246e+97
1334,26,436,9.5695454850363746e+97
1337,26,437,1.2854909283610063e+98
1340,26,438,1.7263753130183594e+98
1343,26,439,2.3178764513779132e+98
1346,26,440,3.1112476573159998e+98
1349,26,441,4.1751153691825021e+98
1352,26,442,5.6013452355633682e+98
1355,26,443,7.512881262143788e+98
1358,26,444,1.0074219110990071e+99
1361,26,445,1.3505395300839535e+99
1364,26,446,1.8100668084088289e+99
1367,26,447,2.4253457476766207e+99
1370,26,448,3.2489633615226429e+99
1373,26,449,4.3511937286940289e+99
1376,26,450,5.8259241271273321e+99
1379,26,451,7.7985591965858371e+99
1382,26,452,1.043656085739647e+100
1385,26,453,1.3963499593239103e+100
1388,26,454,1.8677782491656848e+100
1391,26,455,2.4977608766771055e+100
1394,26,456,3.339421575125832e+100
1397,26,457,4.4636159193970052e+100
1400,26,458,5.9648276412361684e+100
1403,26,459,7.9690182758277374e+100
1406,26,460,1.0644074822744105e+101
1409,26,461,1.4213712086055291e+101
1412,26,462,1.8975967784841111e+101
1415,26,463,2.5327802062444701e+101
1418,26,464,3.37978087074535e+101
1421,26,465,4.5089703027509601e+101
1424,26,466,6.0140123600976232e+101
1427,26,467,8.0195441883647141e+101
1430,26,468,1.069138072946641e+102
1433,26,469,1.4250068830335371e+102
1436,26,470,1.8988886411354452e+102
1439,26,471,2.5297739105804679e+102
1442,26,472,3.3694879620149675e+102
1445,26,473,4.486900127940247e+102
1448,26,474,5.9735086381864503e+102
1451,26,475,7.9508487625398717e+102
1454,26,476,1.0580317360547027e+103
1457,26,477,1.407619916826724e+103
1460,26,478,1.8722934460790142e+103
1463,26,479,2.4898004093284961e+103
1466,26,480,3.3102252723026853e+103
1469,26,481,4.400005908298489e+103
1472,26,482,5.8472539493420741e+103
1475,26,483,7.7687998050574949e+103
1478,26,484,1.0319519419318614e+104
1481,26,485,1.3704679126407253e+104
1484,26,486,1.8196271759090756e+104
1487,26,487,2.4154629825668745e+104
1490,26,488,3.2057014337655063e+104
1493,26,489,4.253542266766275e+104
1496,26,490,5.6426577734623007e+104
1499,26,491,7.483800930296501e+104
1502,26,492,9.9235389295747904e+104
1505,26,493,1.315579329742111e+105
1508,26,494,1.7437085332967829e+105
1511,26,495,2.3106672387106186e+105
1514,26,496,3.0613138474684807e+105
1517,26,497,4.0549500777020251e+105
1520,26,498,5.3699549762017541e+105
1523,26,499,7.109900494461055e+105
1526,26,500,9.4116206511323024e+105
1529,26,501,1.245585616483665e+106
1532,26,502,1.6481293716533686e+106
1535,26,503,2.1803078639923871e+106
1538,26,504,2.8837221487146176e+106
1541,26,505,3.8132768390430306e+106
1544,26,506,5.0414196351749623e+106
1547,26,507,6.6637272080670282e+106
1550,26,508,8.8062635262648611e+106
1553,26,509,1.1635271096385141e+107
1556,26,510,1.5369932207845302e+107
1559,26,511,2.0299169359796441e+107
1562,26,512,2.680375896286131e+107
1565,26,513,3.538543292623617e+107
1568,26,514,4.670516873370167e+107
1571,26,515,6.1633559258749304e+107
1574,26,516,8.1317060233505757e+107
1577,26,517,1.072651033077297e+108
1580,26,518,1.4146462427083569e+108
1583,26,519,1.865306049128032e+108
1586,26,520,2.4590391470295972e+108
1589,26,521,3.2411126344968348e+108
1592,26,522,4.2710669834736908e+108
1595,26,523,5.6272013869793787e+108
1598,26,524,7.4124638479832122e+108
1601,26,525,9.762184473282635e+108
1604,26,526,1.2854226835034297e+109
1607,26,527,1.6922310951985908e+109
1610,26,528,2.2273495489991174e+109
1613,26,529,2.9311113280771522e+109
1616,26,530,3.856485556161065e+109
1619,26,531,5.0730225675957656e+109
1622,26,532,6.6720270552598165e+109
1625,26,533,8.7733398039140936e+109
1628,26,534,1.1534226536828442e+110
1631,26,535,1.5161026394586515e+110
1634,26,536,1.9924413965958091e+110
1637,26,537,2.6179392150370903e+110
1640,26,538,3.4391477446747118e+110
1643,26,539,4.5170989340147949e+110
1646,26,540,5.9317943674731903e+110
1649,26,541,7.7880818518928963e+110
1652,26,542,1.022334651934759e+111
1655,26,543,1.3417574879970436e+111
1658,26,544,1.7606521559965825e+111
1661,26,545,2.3098932138975226e+111
1664,26,546,3.0299067518600504e+111
1667,26,547,3.9736156422890803e+111
1670,26,548,5.2102900081011807e+111
1673,26,549,6.8305802230444492e+111
1676,26,550,8.9530944380880121e+111
1679,26,551,1.1732993082655325e+112
1682,26,552,1.5373216838560875e+112
1685,26,553,2.0139152412469807e+112
1688,26,554,2.6377785303161668e+112
1691,26,555,3.4542707939093492e+112
1694,26,556,4.522676752933652e+112
1697,26,557,5.9204679982128517e+112
1700,26,558,7.748864237302697e+112
1703,26,559,1.0140089622100395e+113
1706,26,560,1.3266839169536476e+113
1709,26,561,1.7354626264223131e+113
1712,26,562,2.2697885297001456e+113
1715,26,563,2.9680967818904667e+113
1718,26,564,3.8805514597472645e+113
1721,26,565,5.0726133598074208e+113
1724,26,566,6.6296896291652131e+113
1727,26,567,8.663192224949923e+113
1730,26,568,1.1318430724820909e+114
1733,26,569,1.4784893130396392e+114
1736,26,570,1.9309634879563228e+114
1739,26,571,2.5214712816793722e+114
1742,26,572,3.2919882302104889e+114
1745,26,573,4.2972141355877862e+114
1748,26,574,5.6084180906994484e+114
1751,26,575,7.318441748570949e+114
1754,26,576,9.548208645196349e+114
1757,26,577,1.2455191502807305e+115
1760,26,578,1.624442462981568e+115
1763,26,579,2.1182824037932137e+115
1766,26,580,2.7617805701373187e+115
1769,26,581,3.6001488025404473e+115
1772,26,582,4.6922148210178332e+115
1775,26,583,6.1145099890876773e+115
1778,26,584,7.9665805022967376e+115
1781,26,585,1.0377887028055285e+116
1784,26,586,1.3516766398815844e+116
1787,26,587,1.7602069732944797e+116
1790,26,588,2.2918273843590333e+116
1793,26,589,2.9835099319898392e+116
1796,26,590,3.8832975178805351e+116
1799,26,591,5.0536087138723103e+116
1802,26,592,6.5755261076848291e+116
1805,26,593,8.5543599678345594e+116
1808,26,594,1.1126865339170667e+117
1811,26,595,1.4470602443389942e+117
1814,26,596,1.8816074956672384e+117
1817,26,597,2.4462468044940143e+117
1820,26,598,3.1798050467552726e+117
1823,26,599,4.1326618783280767e+117
1826,26,600,5.3701767612355326e+117
1829,26,601,6.9771295037087269e+117
1832,26,602,9.0634731465486786e+117
1835,26,603,1.1771785873055563e+118
1838,26,604,1.5286922209942065e+118
1841,26,605,1.9848510644914051e+118
1844,26,606,2.5767134627896348e+118
1847,26,607,3.3445279288799113e+118
1850,26,608,4.3404443288335998e+118
1853,26,609,5.6320224919145366e+118
1856,26,610,7.3067720862038196e+118
1859,26,611,9.4780259684826579e+118
1862,26,612,1.2292537514513201e+119
1865,26,613,1.594030645523802e+119
1868,26,614,2.0667284956203368e+119
1871,26,615,2.6791805715752415e+119
1874,26,616,3.4725819145619867e+119
1877,26,617,4.5002343248477079e+119
1880,26,618,5.8310938267698507e+119
1883,26,619,7.5543545156336586e+119
1886,26,620,9.7853706687261592e+119
1889,26,621,1.267330667732868e+120
1892,26,622,1.6411017419960415e+120
1895,26,623,2.1247807479346274e+120
1898,26,624,2.7505905547246453e+120
1901,26,625,3.5601732619464377e+120
1904,26,626,4.6073354810214719e+120
1907,26,627,5.9615913959354438e+120
1910,26,628,7.7127347603523042e+120
1913,26,629,9.9767377709548354e+120
1916,26,630,1.2903360777775637e+121
1919,26,631,1.6685967576281555e+121
1922,26,632,2.1574183683276392e+121
1925,26,633,2.7890218669532514e+121
1928,26,634,3.6049910067675431e+121
1931,26,635,4.6589850711375605e+121
1934,26,636,6.0202353030403243e+121
1937,26,637,7.7780507815299412e+121
1940,26,638,1.0047624338981225e+122
1943,26,639,1.2977512526729285e+122
1946,26,640,1.6759270925332494e+122
1949,26,641,2.1639864073246783e+122
1952,26,642,2.7937646707077042e+122
1955,26,643,3.606294111100542e+122
1958,26,644,4.6544528600154347e+122
1961,26,645,6.0063750052141036e+122
1964,26,646,7.7498394755777765e+122
1967,26,647,9.9979179219597594e+122
1970,26,648,1.2896241719591908e+123
1973,26,649,1.6632350935574168e+123
1976,26,650,2.144772003826574e+123
1979,26,651,2.765322455919683e+123
1982,26,652,3.5649030483075818e+123
1985,26,653,4.595016746864796e+123
1988,26,654,5.9219405580284599e+123
1991,26,655,7.6309515455911774e+123
1994,26,656,9.8317582494997379e+123
1997,26,657,1.2665480357706814e+124
2000,26,658,1.6313616724191666e+124
2003,26,659,2.1009566572244899e+124
2006,26,660,2.7053428727837841e+124
2009,26,661,3.4831008933979599e+124
2012,26,662,4.4838228433698026e+124
2015,26,663,5.7712464387848619e+124
2018,26,664,7.4272785202800425e+124
2021,26,665,9.5571598225750984e+124
2024,26,666,1.2296093778055151e+125
2027,26,667,1.5817753200036472e+125
2030,26,668,2.0345195349960012e+125
2033,26,669,2.6164865345002232e+125
2036,26,670,3.3644559301303083e+125
2039,26,671,4.3256463796763469e+125
27,27,0,150160
30,27,1,3747681
33,27,2,51619792
36,27,3,514159987
39,27,4,4119838670
42,27,5,28100994883
45,27,6,168938844342
48,27,7,916374112842
51,27,8,4560667760828
54,27,9,21088177625697
57,27,10,91477490662937.25
60,27,11,375142807058627
63,27,12,1463515157038480
66,27,13,5459508257643072
69,27,14,19558673235992768
72,27,15,67537317198807296
75,27,16,2.2549075105979648e+17
78,27,17,7.2991539089431552e+17
81,27,18,2.2961649268944159e+18
84,27,19,7.0343449162520003e+18
87,27,20,2.1024863041107919e+19
90,27,21,6.1410469365508866e+19
93,27,22,1.7554446504669059e+20
96,27,23,4.9174363739806027e+20
99,27,24,1.3514907556148182e+21
102,27,25,3.6481920925238653e+21
105,27,26,9.6818423127977786e+21
108,27,27,2.5283801880228209e+22
111,27,28,6.5025923968400519e+22
114,27,29,1.6482277990222174e+23
117,27,30,4.1203632382969866e+23
120,27,31,1.0165280207121221e+24
123,27,32,2.4764307323449481e+24
126,27,33,5.96066687076677e+24
129,27,34,1.4182326485593322e+25
132,27,35,3.3372678116587924e+25
135,27,36,7.7699611681054232e+25
138,27,37,1.7906537007498334e+26
141,27,38,4.0863794515488683e+26
144,27,39,9.2375979062719792e+26
147,27,40,2.0692934892253854e+27
150,27,41,4.5948192962579014e+27
153,27,42,1.0116508683417142e+28
156,27,43,2.209194197744406e+28
159,27,44,4.7862613808137688e+28
162,27,45,1.0290349639342725e+29
165,27,46,2.1960442331236366e+29
168,27,47,4.6529655524431307e+29
171,27,48,9.790207166204394e+29
174,27,49,2.0460581733551973e+30
177,27,50,4.2480974962975314e+30
180,27,51,8.7640250760527125e+30
183,27,52,1.7968994379440653e+31
186,27,53,3.6620961708319468e+31
189,27,54,7.41981263994221e+31
192,27,55,1.4947948657028486e+32
195,27,56,2.9947528689791346e+32
198,27,57,5.9675159297219795e+32
201,27,58,1.1828760212196462e+33
204,27,59,2.3326805610902827e+33
207,27,60,4.5771667142937298e+33
210,27,61,8.9375074819468638e+33
213,27,62,1.7368609565081394e+34
216,27,63,3.3596294498911712e+34
219,27,64,6.4690763339203519e+34
222,27,65,1.2401175311128337e+35
225,27,66,2.3669905275595773e+35
228,27,67,4.498680267163733e+35
231,27,68,8.5146929400932862e+35
234,27,69,1.6050441805808679e+36
237,27,70,3.0135378026243982e+36
240,27,71,5.6360412262878185e+36
243,27,72,1.0500609721902696e+37
246,27,73,1.9490882539906611e+37
249,27,74,3.6046058900698288e+37
252,27,75,6.6423990013373821e+37
255,27,76,1.2197296578624787e+38
258,27,77,2.2320465369599795e+38
261,27,78,4.0707327459036143e+38
264,27,79,7.3994488357959725e+38
267,27,80,1.3406347756468304e+39
270,27,81,2.4212073850625374e+39
273,27,82,4.3590232384890127e+39
276,27,83,7.8235992202737425e+39
279,27,84,1.3999355073314916e+40
282,27,85,2.4975638558455542e+40
285,27,86,4.4427794882746705e+40
288,27,87,7.8803282718697942e+40
291,27,88,1.3938192177757658e+41
294,27,89,2.458452252670761e+41
297,27,90,4.3244445606143495e+41
300,27,91,7.5863278047151417e+41
303,27,92,1.327347246641182e+42
306,27,93,2.3163684260335484e+42
309,27,94,4.031984215640089e+42
312,27,95,7.0006056246655055e+42
315,27,96,1.2124813037171606e+43
318,27,97,2.0948539328135342e+43
321,27,98,3.6106707529618122e+43
324,27,99,6.2085939426038643e+43
327,27,100,1.0650873860243627e+44
330,27,101,1.8229671854260704e+44
333,27,102,3.113068878403405e+44
336,27,103,5.3043132879361846e+44
339,27,104,9.0180805419795746e+44
342,27,105,1.5298793240317551e+45
345,27,106,2.5898324026479376e+45
348,27,107,4.3749243916345152e+45
351,27,108,7.3750766401626216e+45
354,27,109,1.2407149506865565e+46
357,27,110,2.0830471569493509e+46
360,27,111,3.490274956711576e+46
363,27,112,5.8366710076766981e+46
366,27,113,9.7415294276537198e+46
369,27,114,1.6227683021168764e+47
372,27,115,2.6981380033616681e+47
375,27,116,4.4777586365873033e+47
378,27,117,7.4174812551022548e+47
381,27,118,1.2264833286812647e+48
384,27,119,2.0243527928109923e+48
387,27,120,3.3353380006203162e+48
390,27,121,5.485701070012991e+48
393,27,122,9.0068390720530949e+48
396,27,123,1.4762836142758441e+49
399,27,124,2.4156460231721903e+49
402,27,125,3.9461326472841112e+49
405,27,126,6.4356670509174902e+49
408,27,127,1.047869994756792e+50
411,27,128,1.703418937121469e+50
414,27,129,2.7646737360212292e+50
417,27,130,4.4800474724928126e+50
420,27,131,7.2484553923412611e+50
423,27,132,1.1709547551377701e+51
426,27,133,1.8887482195729341e+51
429,27,134,3.0419684847738335e+51
432,27,135,4.8920319503168333e+51
435,27,136,7.8557001994133837e+51
438,27,137,1.259646077799871e+52
441,27,138,2.0169124725220909e+52
444,27,139,3.2248325576036163e+52
447,27,140,5.1489123975877839e+52
450,27,141,8.2095347137177496e+52
453,27,142,1.3071417011600283e+53
456,27,143,2.0784239995553955e+53
459,27,144,3.3003434490720749e+53
462,27,145,5.2336380764637421e+53
465,27,146,8.2884580670032148e+53
468,27,147,1.3109168864884298e+54
471,27,148,2.0706832643361151e+54
474,27,149,3.2665923627441302e+54
477,27,150,5.146648650983545e+54
480,27,151,8.0985613021068726e+54
483,27,152,1.2727713048102938e+55
486,27,153,1.9978243946614684e+55
489,27,154,3.1320874813705858e+55
492,27,155,4.9043923623949536e+55
495,27,156,7.6703700625762237e+55
498,27,157,1.1982078686711753e+56
501,27,158,1.8695523599849849e+56
504,27,159,2.9136508804204697e+56
507,27,160,4.5356186233444545e+56
510,27,161,7.0524389420245887e+56
513,27,162,1.0953439292373799e+57
516,27,163,1.6993175777427127e+57
519,27,164,2.6333943914334734e+57
522,27,165,4.0764202143588647e+57
525,27,166,6.303299978288043e+57
528,27,167,9.7361495354835913e+57
531,27,168,1.5022454687131485e+58
534,27,169,2.3154376627812791e+58
537,27,170,3.5650683616445325e+58
540,27,171,5.4833908715057658e+58
543,27,172,8.4252162860903885e+58
546,27,173,1.2932047881151999e+59
549,27,174,1.9829500069425353e+59
552,27,175,3.0375134654955304e+59
555,27,176,4.6482594406192156e+59
558,27,177,7.1061091326917022e+59
561,27,178,1.0852914016888431e+60
564,27,179,1.6559125181285372e+60
567,27,180,2.5241110926972925e+60
570,27,181,3.8438201017944837e+60
573,27,182,5.8479623670432126e+60
576,27,183,8.88866176220595e+60
579,27,184,1.3497763360828758e+61
582,27,185,2.0477839520355327e+61
585,27,186,3.1038919145403962e+61
588,27,187,4.7003734346040862e+61
591,27,188,7.111555489473882e+61
594,27,189,1.0749949282108009e+62
597,27,190,1.6235320424276073e+62
600,27,191,2.4498019437883671e+62
603,27,192,3.6933437603258151e+62
606,27,193,5.5632692737502557e+62
609,27,194,8.3726884504107545e+62
612,27,195,1.2590041244237695e+63
615,27,196,1.8915576399980838e+63
618,27,197,2.8395205103144007e+63
621,27,198,4.2589859373602849e+63
624,27,199,6.3827215087347853e+63
627,27,200,9.5575542601085657e+63
630,27,201,1.4299850455833284e+64
633,27,202,2.1377784408900723e+64
636,27,203,3.1933238040543193e+64
639,27,204,4.7662284477619336e+64
642,27,205,7.1082208453425565e+64
645,27,206,1.0592625853671349e+65
648,27,207,1.5772679741883687e+65
651,27,208,2.346761260515176e+65
654,27,209,3.4889626421415946e+65
657,27,210,5.1831060398766116e+65
660,27,211,7.6940072045666324e+65
663,27,212,1.1412640289584355e+66
666,27,213,1.6915818403722083e+66
669,27,214,2.5053910154799754e+66
672,27,215,3.7079671570098445e+66
675,27,216,5.4837332729262471e+66
678,27,217,8.103992697135825e+66
681,27,218,1.1967576216752333e+67
684,27,219,1.7660376143027018e+67
687,27,220,2.6042483745246165e+67
690,27,221,3.8375642050271703e+67
693,27,222,5.6509540912432698e+67
696,27,223,8.3153938375180609e+67
699,27,224,1.2227588432276206e+68
702,27,225,1.7967917670490147e+68
705,27,226,2.6384909771319184e+68
708,27,227,3.8718307444481245e+68
711,27,228,5.6778241535092424e+68
714,27,229,8.3205924593082875e+68
717,27,230,1.2185271149356763e+69
720,27,231,1.7833092100635681e+69
723,27,232,2.6081374163860592e+69
726,27,233,3.8119612995216983e+69
729,27,234,5.5677856433459489e+69
732,27,235,8.1270762896404225e+69
735,27,236,1.1855114366819821e+70
738,27,237,1.728217897578019e+70
741,27,238,2.5177599822627745e+70
744,27,239,3.665683399205237e+70
747,27,240,5.3336201101139653e+70
750,27,241,7.7556355358893655e+70
753,27,242,1.1270483743691122e+71
756,27,243,1.6368135999509198e+71
759,27,244,2.3756859477778335e+71
762,27,245,3.4459866081483865e+71
765,27,246,4.9954485963835526e+71
768,27,247,7.2372460805046485e+71
771,27,248,1.0478803322223547e+72
774,27,249,1.5163208072903333e+72
777,27,250,2.1928710409500719e+72
780,27,251,3.16941569032425e+72
783,27,252,4.5781596598359304e+72
786,27,253,6.6092134110232606e+72
789,27,254,9.535801526951976e+72
792,27,255,1.3750379348334392e+73
795,27,256,1.9816349449879442e+73
798,27,257,2.8542075723151078e+73
801,27,258,4.1086751431943092e+73
804,27,259,5.9111749054565499e+73
807,27,260,8.4996875594949732e+73
810,27,261,1.2214920342408027e+74
813,27,262,1.7544387364893624e+74
816,27,263,2.518529370096449e+74
819,27,264,3.6134197620000047e+74
822,27,265,5.1814787519736009e+74
825,27,266,7.4259881661662795e+74
828,27,267,1.0637052712813642e+75
831,27,268,1.5228467033277208e+75
834,27,269,2.1790146946666735e+75
837,27,270,3.1162657911962657e+75
840,27,271,4.4543100300796076e+75
843,27,272,6.3635469128571777e+75
846,27,273,9.0864062332478244e+75
849,27,274,1.296762250016809e+76
852,27,275,1.8497161540587997e+76
855,27,276,2.6371057014655255e+76
858,27,277,3.7577587226679863e+76
861,27,278,5.351928806786088e+76
864,27,279,7.6185621023577703e+76
867,27,280,1.083972090367817e+77
870,27,281,1.541511389559708e+77
873,27,282,2.1910892085286024e+77
876,27,283,3.1128571516012448e+77
879,27,284,4.4202338674107184e+77
882,27,285,6.2736362481861188e+77
885,27,286,8.8998471228741449e+77
888,27,287,1.2619320514415103e+78
891,27,288,1.7884659828465845e+78
894,27,289,2.5334815938954753e+78
897,27,290,3.5871392583603748e+78
900,27,291,5.0766027876881103e+78
903,27,292,7.1811439791970834e+78
906,27,293,1.0153379504429356e+79
909,27,294,1.4349116482081352e+79
912,27,295,2.0269277741694994e+79
915,27,296,2.8618769851304083e+79
918,27,297,4.0389104394931828e+79
921,27,298,5.6974306129820044e+79
924,27,299,8.0333447911731448e+79
927,27,300,1.1321847020297202e+80
930,27,301,1.5949336980586253e+80
933,27,302,2.2458121016216113e+80
936,27,303,3.1608987261726153e+80
939,27,304,4.446876469605935e+80
942,27,305,6.2532789382729138e+80
945,27,306,8.7896122140385976e+80
948,27,307,1.2349282420400613e+81
951,27,308,1.7343020387928435e+81
954,27,309,2.4345553509901397e+81
957,27,310,3.4160748084672288e+81
960,27,311,4.7912494442328024e+81
963,27,312,6.7171455856012992e+81
966,27,313,9.413176118325799e+81
969,27,314,1.3185722088812091e+82
972,27,315,1.8462428319153232e+82
975,27,316,2.5839954808897171e+82
978,27,317,3.6150436637522942e+82
981,27,318,5.055394528996436e+82
984,27,319,7.0667073020077556e+82
987,27,320,9.8741682259958848e+82
990,27,321,1.3791329341916427e+83
993,27,322,1.9254610614889994e+83
996,27,323,2.6871206185579089e+83
999,27,324,3.7485576462156468e+83
1002,27,325,5.2271701023268786e+83
1005,27,326,7.2861023544010897e+83
1008,27,327,1.0151982982215848e+84
1011,27,328,1.4139506427717672e+84
1014,27,329,1.9685486155930201e+84
1017,27,330,2.73960109578194e+84
1020,27,331,3.8111721726963353e+84
1023,27,332,5.2998137922474508e+84
1026,27,333,7.3670599831173214e+84
1029,27,334,1.0236702828657837e+85
1032,27,335,1.4218671408490394e+85
1035,27,336,1.9742025254644854e+85
1038,27,337,2.7400524599641477e+85
1041,27,338,3.8015548606780263e+85
1044,27,339,5.2722934169281446e+85
1047,27,340,7.3092786166263178e+85
1050,27,341,1.0129471843008286e+86
1053,27,342,1.4032567050564897e+86
1056,27,343,1.9432388511604166e+86
1059,27,344,2.6900147857429772e+86
1062,27,345,3.7224018702578413e+86
1065,27,346,5.1491155297289128e+86
1068,27,347,7.1200571072476781e+86
1071,27,348,9.841843392391431e+86
1074,27,349,1.3599164290346337e+87
1077,27,350,1.878414571142102e+87
1080,27,351,2.5936704231470307e+87
1083,27,352,3.5799989130752827e+87
1086,27,353,4.9396526429650201e+87
1089,27,354,6.8132759347103061e+87
1092,27,355,9.3942526304550325e+87
1095,27,356,1.2948391267063334e+88
1098,27,357,1.7840924023028274e+88
1101,27,358,2.4573524346458925e+88
1104,27,359,3.383504399698784e+88
1107,27,360,4.6571031015099416e+88
1110,27,361,6.4078949019356748e+88
1113,27,362,8.8138556733095329e+88
1116,27,363,1.2119037211348749e+89
1119,27,364,1.6657987487577129e+89
1122,27,365,2.2889155351362052e+89
1125,27,366,3.1440570294398261e+89
1128,27,367,4.3172287709536994e+89
1131,27,368,5.9261725423697951e+89
1134,27,369,8.1320245558137267e+89
1137,27,370,1.1155237099241076e+90
1140,27,371,1.529731588242435e+90
1143,27,372,2.097048796039356e+90
1146,27,373,2.8738180792079947e+90
1149,27,374,3.9370234664423672e+90
1152,27,375,5.3918187424153131e+90
1155,27,376,7.3817896651319851e+90
1158,27,377,1.010293825002236e+91
1161,27,378,1.3822733188171142e+91
1164,27,379,1.8906053703866416e+91
1167,27,380,2.5850510381291482e+91
1170,27,381,3.5334517359121049e+91
1173,27,382,4.8282699344168597e+91
1176,27,383,6.5954857286500346e+91
1179,27,384,9.0066941509806331e+91
1182,27,385,1.2295549802344444e+92
1185,27,386,1.678011433571118e+92
1188,27,387,2.2893216533286926e+92
1191,27,388,3.1223685536782519e+92
1194,27,389,4.2572334673256464e+92
1197,27,390,5.8027950151109154e+92
1200,27,391,7.9070402556934558e+92
1203,27,392,1.0771052096805363e+93
1206,27,393,1.4667978111127449e+93
1209,27,394,1.996874729255699e+93
1212,27,395,2.7176925106387427e+93
1215,27,396,3.6975940368959209e+93
1218,27,397,5.0293056855661578e+93
1221,27,398,6.8386001685316837e+93
1224,27,399,9.2960241157940142e+93
1227,27,400,1.2632770113954248e+94
1230,27,401,1.7162151705358444e+94
1233,27,402,2.330865099262506e+94
1236,27,403,3.1647198022308998e+94
1239,27,404,4.2956271039954384e+94
1242,27,405,5.8289660483419447e+94
1245,27,406,7.9073429530675408e+94
1248,27,407,1.0723688126715526e+95
1251,27,408,1.4538941034645534e+95
1254,27,409,1.9705924872156551e+95
1257,27,410,2.6701567806046712e+95
1260,27,411,3.6170376968133721e+95
1263,27,412,4.8983078976626294e+95
1266,27,413,6.6315696457112586e+95
1269,27,414,8.9756153425705898e+95
1272,27,415,1.2144795418572036e+96
1275,27,416,1.6428377626344867e+96
1278,27,417,2.221662472998399e+96
1281,27,418,3.0035912700353365e+96
1284,27,419,4.0596010898737275e+96
1287,27,420,5.4853719180684041e+96
1290,27,421,7.4098497973032053e+96
1293,27,422,1.0006766160526372e+97
1296,27,423,1.3510130056336606e+97
1299,27,424,1.823505799838303e+97
1302,27,425,2.4605773105602022e+97
1305,27,426,3.3193231261465176e+97
1308,27,427,4.4765671222734497e+97
1311,27,428,6.0356510228314496e+97
1314,27,429,8.1355513390220036e+97
1317,27,430,1.0963118330705565e+98
1320,27,431,1.476950188443e+98
1323,27,432,1.9892191002203837e+98
1326,27,433,2.6784577836004477e+98
1329,27,434,3.6055605161031824e+98
1332,27,435,4.8522922991498341e+98
1335,27,436,6.5284139339296498e+98
1338,27,437,8.7812300207697842e+98
1341,27,438,1.1808380602735387e+99
1344,27,439,1.5874974100255618e+99
1347,27,440,2.1336529188704893e+99
1350,27,441,2.8669687520072727e+99
1353,27,442,3.8513319243177612e+99
1356,27,443,5.1723524542803808e+99
1359,27,444,6.9447210750295405e+99
1362,27,445,9.3220494396625606e+99
1365,27,446,1.2510027199941262e+100
1368,27,447,1.6784009704904008e+100
1371,27,448,2.2512522614772232e+100
1374,27,449,3.0188666419129523e+100
1377,27,450,4.0472065898347019e+100
1380,27,451,5.4244891815249397e+100
1383,27,452,7.2686657532326806e+100
1386,27,453,9.73740588654026e+100
1389,27,454,1.304142103580197e+101
1392,27,455,1.7462240686961414e+101
1395,27,456,2.3375923396529882e+101
1398,27,457,3.1284676713303561e+101
1401,27,458,4.1859014097524491e+101
1404,27,459,5.5993947002954201e+101
1407,27,460,7.4883867300133728e+101
1410,27,461,1.001223134874761e+102
1413,27,462,1.3383485882495391e+102
1416,27,463,1.7885607674117654e+102
1419,27,464,2.3896514898802909e+102
1422,27,465,3.1919947739206664e+102
1425,27,466,4.2627202837977159e+102
1428,27,467,5.6912659478236394e+102
1431,27,468,7.5967638320080073e+102
1434,27,469,1.0137862305460646e+103
1437,27,470,1.352578516945272e+103
1440,27,471,1.8041690592538914e+103
1443,27,472,2.405974039627432e+103
1446,27,473,3.2077751271301595e+103
1449,27,474,4.2757910679548925e+103
1452,27,475,5.6980850232278128e+103
1455,27,476,7.5917442693688327e+103
1458,27,477,1.0112411073775668e+104
1461,27,478,1.3466931900401399e+104
1464,27,479,1.7930141505397009e+104
1467,27,480,2.3867128678982714e+104
1470,27,481,3.1762767453977041e+104
1473,27,482,4.2260875995276618e+104
1476,27,483,5.6216130649121174e+104
1479,27,484,7.4762874920685403e+104
1482,27,485,9.9406301923398418e+104
1485,27,486,1.3214325902201038e+105
1488,27,487,1.7562226349590201e+105
1491,27,488,2.3335541092788623e+105
1494,27,489,3.0999894495308597e+105
1497,27,490,4.117246563755442e+105
1500,27,491,5.4671141141579171e+105
1503,27,492,7.2579552688625768e+105
1506,27,493,9.6333114476756998e+105
1509,27,494,1.2783281727603937e+106
1512,27,495,1.6959570200656615e+106
1515,27,496,2.2495379412000657e+106
1518,27,497,2.9831705085596823e+106
1521,27,498,3.9552084690415462e+106
1524,27,499,5.24285082395262e+106
1527,27,500,6.9482064377617839e+106
1530,27,501,9.2063034559921574e+106
1533,27,502,1.2195665017152109e+107
1536,27,503,1.6152270653967964e+107
1539,27,504,2.1387983495904743e+107
1542,27,505,2.8314866768638785e+107
1545,27,506,3.7477265260251599e+107
1548,27,507,4.9594122734405108e+107
1551,27,508,6.5614789873767262e+107
1554,27,509,8.6792608582485128e+107
1557,27,510,1.1478191535793955e+108
1560,27,511,1.5176589143788207e+108
1563,27,512,2.006250351425242e+108
1566,27,513,2.651591190733206e+108
1569,27,514,3.5037955372631502e+108
1572,27,515,4.6289441444337857e+108
1575,27,516,6.1141540046488747e+108
1578,27,517,8.0742520825001087e+108
1581,27,518,1.0660559049598183e+109
1584,27,519,1.4072447858856002e+109
1587,27,520,1.8572550768051845e+109
1590,27,521,2.4506762531885755e+109
1593,27,522,3.2330547307384066e+109
1596,27,523,4.2643529072680474e+109
1599,27,524,5.623496505679411e+109
1602,27,525,7.4143514695060867e+109
1605,27,526,9.7735783067037371e+109
1608,27,527,1.2880951637624848e+110
1611,27,528,1.6972916089501512e+110
1614,27,529,2.2360390094539238e+110
1617,27,530,2.9452144265786484e+110
1620,27,531,3.8785493979460321e+110
1623,27,532,5.1066586860903669e+110
1626,27,533,6.7223274666089864e+110
1629,27,534,8.8474487395265621e+110
1632,27,535,1.1642124315060276e+111
1635,27,536,1.5316601889035979e+111
1638,27,537,2.0146929073853004e+111
1641,27,538,2.6495477936171893e+111
1644,27,539,3.4837850415742706e+111
1647,27,540,4.5798141833417177e+111
1650,27,541,6.0195150348081882e+111
1653,27,542,7.9102918854709428e+111
1656,27,543,1.0393004010280763e+112
1659,27,544,1.3652352107771716e+112
1662,27,545,1.7930478725734024e+112
1665,27,546,2.3544773959715394e+112
1668,27,547,3.091118245367157e+112
1671,27,548,4.0574705857194164e+112
1674,27,549,5.3249314921473881e+112
1677,27,550,6.9870164552635385e+112
1680,27,551,9.1661891906772698e+112
1683,27,552,1.2022793528458326e+113
1686,27,553,1.5766732265883934e+113
1689,27,554,2.0672735067212657e+113
1692,27,555,2.7100314804731087e+113
1695,27,556,3.5519847416267461e+113
1698,27,557,4.6546648202568007e+113
1701,27,558,6.09854884972894e+113
1704,27,559,7.988874118137792e+113
1707,27,560,1.0463231415290995e+114
1710,27,561,1.3701479604062242e+114
1713,27,562,1.7938688726357399e+114
1716,27,563,2.3482033794658378e+114
1719,27,564,3.073284131004039e+114
1722,27,565,4.0215355119888117e+114
1725,27,566,5.2614263023585279e+114
1728,27,567,6.8823643770676038e+114
1731,27,568,9.0010798974328321e+114
1734,27,569,1.1769948214554362e+115
1737,27,570,1.5387840057021449e+115
1740,27,571,2.0114263999133413e+115
1743,27,572,2.6287797038627885e+115
1746,27,573,3.4350099377312751e+115
1749,27,574,4.4877200017557542e+115
1752,27,575,5.8620247602731438e+115
1755,27,576,7.6558581164132114e+115
1758,27,577,9.9968833695602106e+115
1761,27,578,1.3051489696852191e+116
1764,27,579,1.7036502558026974e+116
1767,27,580,2.2234424165282126e+116
1770,27,581,2.9013264829822734e+116
1773,27,582,3.7852343789243455e+116
1776,27,583,4.9375850820199405e+116
1779,27,584,6.439649580614357e+116
1782,27,585,8.3972269102276885e+116
1785,27,586,1.0948023853553579e+117
1788,27,587,1.4271248078365591e+117
1791,27,588,1.8600076554302202e+117
1794,27,589,2.4237858377812995e+117
1797,27,590,3.1579167052636661e+117
1800,27,591,4.1137149191592639e+117
1803,27,592,5.3579047022693594e+117
1806,27,593,6.9772330144795564e+117
1809,27,594,9.0844595417800376e+117
1812,27,595,1.1826133155551608e+118
1815,27,596,1.5392686016752175e+118
1818,27,597,2.0031533953966382e+118
1821,27,598,2.6064075730932277e+118
1824,27,599,3.3907748048188586e+118
1827,27,600,4.4104635331119823e+118
1830,27,601,5.7358576488953566e+118
1833,27,602,7.4583284557804641e+118
1836,27,603,9.6964737842353128e+118
1839,27,604,1.2604206245785227e+119
1842,27,605,1.6381237018481853e+119
1845,27,606,2.1286662519684438e+119
1848,27,607,2.765656956318273e+119
1851,27,608,3.5926843960868901e+119
1854,27,609,4.6662715900328515e+119
1857,27,610,6.0597025913323168e+119
1860,27,611,7.8679777689701797e+119
1863,27,612,1.0214229692100148e+120
1866,27,613,1.3258028854050705e+120
1869,27,614,1.7206134239393465e+120
1872,27,615,2.2326406245109356e+120
1875,27,616,2.8965809415860891e+120
1878,27,617,3.7573703653656641e+120
1881,27,618,4.8731972830293075e+120
1884,27,619,6.3193992049805371e+120
1887,27,620,8.1935018825990952e+120
1890,27,621,1.0621734738520555e+121
1893,27,622,1.3767453848013286e+121
1896,27,623,1.784202930623098e+121
1899,27,624,2.3118915884186173e+121
1902,27,625,2.9951834976818586e+121
1905,27,626,3.8798265587479981e+121
1908,27,627,5.0249790010892383e+121
1911,27,628,6.5071288560617242e+121
1914,27,629,8.4251556239234818e+121
1917,27,630,1.0906866014605507e+122
1920,27,631,1.4117431792870769e+122
1923,27,632,1.8270281684688478e+122
1926,27,633,2.3641159004507498e+122
1929,27,634,3.0586262439348582e+122
1932,27,635,3.9565652530929815e+122
1935,27,636,5.1173447885535459e+122
1938,27,637,6.6176774959517845e+122
1941,27,638,8.556600164588649e+122
1944,27,639,1.1061951414050217e+123
1947,27,640,1.4298723539568813e+123
1950,27,641,1.8479829193577311e+123
1953,27,642,2.3879979112716235e+123
1956,27,643,3.085356724344674e+123
1959,27,644,3.9857717136131921e+123
1962,27,645,5.1481974764355219e+123
1965,27,646,6.6486559057653979e+123
1968,27,647,8.5851629488085225e+123
1971,27,648,1.1084073480407588e+124
1974,27,649,1.4308251314231996e+124
1977,27,650,1.8467587864442845e+124
1980,27,651,2.3832542705422376e+124
1983,27,652,3.0751571716514206e+124
1986,27,653,3.9673555790210551e+124
1989,27,654,5.1176660813602975e+124
1992,27,655,6.6005467814718762e+124
1995,27,656,8.5118736471560291e+124
1998,27,657,1.0975083855837998e+125
2001,27,658,1.4149076261347623e+125
2004,27,659,1.8238370136981617e+125
2007,27,660,2.3506165882162404e+125
2010,27,661,3.0291134338181644e+125
2013,27,662,3.9028996172636224e+125
2016,27,663,5.0280254121323163e+125
2019,27,664,6.4765827508106177e+125
2022,27,665,8.3412834477143588e+125
2025,27,666,1.0741340363198364e+126
2028,27,667,1.383002128173069e+126
2031,27,668,1.7804349927184038e+126
2034,27,669,2.2917562720986255e+126
2037,27,670,2.9495101918637512e+126
2040,27,671,3.795514628081568e+126
